Date,Headline,Source,Market_Event,Market_Index,Index_Change_Percent,Trading_Volume,Sentiment,Sector,Impact_Level,Related_Company,News_Url,Headline_clean,strong_positive_count,strong_negative_count,weak_positive_count,weak_negative_count,total_positive_score,total_negative_score,sentiment_score,sentiment_ratio,has_strong_positive,has_strong_negative,has_percent,has_dollar,has_number,has_action,predicted_from_headline,headline_sentiment_match,Index_Change_Percent_num,index_sentiment_match,Trading_Volume_num,log_volume,headline_length,word_count,avg_word_length,is_positive_change,is_negative_change,abs_change,change_magnitude
2025-05-26,manufacturing pmi data signals economic expansion,Barron's,Government Policy Announcement,DAX,-2.45,396.26,positive,Telecommunications,Low,ExxonMobil,https://www.wsj.com/china/market-regulation,manufacturing pmi data signals economic expansion,0,0,1,0,1,0,1,1.0,0,0,0,0,0,0,neutral,True,-2.45,False,396.26,5.9845909781648094,49,6,7.333333333333333,0,1,2.45,1.0
2025-08-11,government spending bill is expected to stimulate the economy,Mint,Inflation Data Release,Dow Jones,-3.57,293.49,negative,Real Estate,Low,Tata Motors,https://www.cnbc.com/2025/09/automotive-industry-trends,government spending bill is expected to stimulate the economy,0,0,0,0,0,0,0,0.0,0,0,0,0,0,0,neutral,False,-3.57,True,293.49,5.685245046657743,61,9,5.888888888888889,0,1,3.57,2.0
2025-08-08,uk s ftse 100 sees a boost from favorable trade data,Financial Times,Central Bank Meeting,S&P/TSX Composite,4.44,448.75,positive,Retail,Medium,Goldman Sachs,https://www.forbes.com/finance/geopolitical-event-impact,uk s ftse 100 sees a boost from favorable trade data,0,0,2,0,2,0,2,2.0,0,0,0,0,1,0,positive,True,4.44,True,448.75,6.108691872830643,52,11,3.8181818181818183,1,0,4.44,2.0
2025-04-09,unexpected rise in unemployment fuels market pessimism,Mint,Supply Chain Disruption,Nikkei 225,-1.83,225.43,positive,Pharmaceuticals,Medium,Microsoft,https://www.reuters.com/markets/stocks/tech-rally,unexpected rise in unemployment fuels market pessimism,0,0,1,0,1,0,1,1.0,0,0,0,0,0,0,neutral,True,-1.83,False,225.43,5.42243584638443,54,7,6.857142857142857,0,1,1.83,1.0
2025-02-07,consumer discretionary stocks outperform as spending increases,Economic Times,Consumer Confidence Report,IBOVESPA,2.16,271.68,positive,Finance,High,Boeing,https://www.reuters.com/markets/indices/nikkei-225,consumer discretionary stocks outperform as spending increases,1,0,0,0,2,0,2,2.0,1,0,0,0,0,0,positive,True,2.16,True,271.68,5.6082989464945845,62,7,8.0,1,0,2.16,1.0
2025-04-29,asx 200 gains on strong export performance,Reuters,Geopolitical Event,Nikkei 225,-0.05,7.02,positive,Consumer Goods,Low,Reliance Industries,https://www.bloomberg.com/canada/tsunami-warnings,asx 200 gains on strong export performance,1,0,0,0,2,0,2,2.0,1,0,0,0,1,0,positive,True,-0.05,False,7.02,2.081938421878423,42,7,5.142857142857143,0,1,0.05,0.0
2025-04-11,record-high inflation data rattles investors,Business Standard,Commodity Price Shock,IBOVESPA,-4.25,261.38,negative,Transportation,High,JP Morgan Chase,https://www.business-standard.com/economy/trade-disputes-impact,record-high inflation data rattles investors,0,0,0,0,0,0,0,0.0,0,0,0,0,0,0,neutral,False,-4.25,True,261.38,5.569793834652884,44,5,8.0,0,1,4.25,2.0
2025-06-23,supply chain issues impact manufacturing sector earnings,Barron's,Corporate Earnings Report,Russell 2000,4.29,72.1,positive,Construction,High,JP Morgan Chase,https://www.wsj.com/china/market-rally,supply chain issues impact manufacturing sector earnings,0,0,0,0,0,0,0,0.0,0,0,0,0,0,0,neutral,False,4.29,True,72.1,4.291828366755733,56,7,7.142857142857143,1,0,4.29,2.0
2025-06-14,new regulations on cryptocurrencies cause a market dip,Financial Times,IPO Launch,CAC 40,1.96,78.55,negative,Utilities,Medium,Reliance Industries,https://www.business-standard.com/economy/inflation-data,new regulations on cryptocurrencies cause a market dip,0,0,0,1,0,1,-1,0.0,0,0,0,0,0,0,neutral,True,1.96,False,78.55,4.376385754783795,54,8,5.875,1,0,1.96,1.0
2025-06-05,asx 200 gains on strong export performance,Barron's,IPO Launch,Nikkei 225,-4.79,333.17,negative,Healthcare,Medium,Boeing,https://www.bloomberg.com/middle-east/news/bond-market-fluctuation,asx 200 gains on strong export performance,1,0,0,0,2,0,2,2.0,1,0,0,0,1,0,positive,False,-4.79,True,333.17,5.811649845525208,42,7,5.142857142857143,0,1,4.79,2.0
2025-05-02,crude oil prices drop to a multi-year low,Financial Times,Supply Chain Disruption,TSX,4.13,357.84,positive,Agriculture,Low,Goldman Sachs,https://www.ft.com/content/consumer-confidence-report,crude oil prices drop to a multi-year low,0,0,0,1,0,1,-1,0.0,0,0,0,0,0,0,neutral,False,4.13,True,357.84,5.882876606691083,41,8,4.25,1,0,4.13,2.0
2025-05-20,consumer discretionary stocks outperform as spending increases,Economic Times,Commodity Price Shock,Russell 2000,2.46,258.4,positive,Retail,Medium,Apple Inc.,https://www.marketwatch.com/story/commodities-price-shock,consumer discretionary stocks outperform as spending increases,1,0,0,0,2,0,2,2.0,1,0,0,0,0,0,positive,True,2.46,True,258.4,5.5583712718823435,62,7,8.0,1,0,2.46,1.0
2025-08-13,healthcare stocks gain on robust demand and strong outlook,Mint,Central Bank Meeting,S&P 500,-1.94,242.87,negative,Healthcare,Low,JP Morgan Chase,https://www.business-standard.com/finance/corporate-earnings,healthcare stocks gain on robust demand and strong outlook,2,0,1,0,5,0,5,5.0,1,0,0,0,0,0,positive,False,-1.94,True,242.87,5.49663529642659,58,9,5.555555555555555,0,1,1.94,1.0
2025-05-28,uk s ftse 100 sees a boost from favorable trade data,Mint,Interest Rate Change,S&P 500,2.3,459.91,positive,Transportation,Medium,Microsoft,https://www.ft.com/content/media-entertainment-merger,uk s ftse 100 sees a boost from favorable trade data,0,0,2,0,2,0,2,2.0,0,0,0,0,1,0,positive,True,2.3,True,459.91,6.133202796171501,52,11,3.8181818181818183,1,0,2.3,1.0
2025-02-27,new regulations on cryptocurrencies cause a market dip,Yahoo Finance,Trade Tariffs Announcement,ASX 200,2.79,278.46,positive,Telecommunications,Low,Microsoft,https://www.reuters.com/business/energy/oil-market-update,new regulations on cryptocurrencies cause a market dip,0,0,0,1,0,1,-1,0.0,0,0,0,0,0,0,neutral,False,2.79,True,278.46,5.632859169652302,54,8,5.875,1,0,2.79,1.0
2025-06-20,crude oil prices drop to a multi-year low,The Economist,Bond Market Fluctuation,ASX 200,2.19,155.3,negative,Utilities,Medium,Reliance Industries,https://www.cnbc.com/2025/08/russia-ukraine-war-economic-impact,crude oil prices drop to a multi-year low,0,0,0,1,0,1,-1,0.0,0,0,0,0,0,0,neutral,True,2.19,False,155.3,5.051777237427431,41,8,4.25,1,0,2.19,1.0
2025-03-06,pharmaceutical company s drug approval drives stock upward,The Motley Fool,Geopolitical Event,DAX,-0.21,275.97,negative,Materials,Medium,JP Morgan Chase,https://www.bloomberg.com/asia/telecommunications-news,pharmaceutical company s drug approval drives stock upward,0,0,2,0,2,0,2,2.0,0,0,0,0,0,0,positive,False,-0.21,True,275.97,5.62390919707302,58,8,6.375,0,1,0.21,0.0
2025-05-15,banking stocks dip after a major scandal is revealed,Seeking Alpha,Bond Market Fluctuation,FTSE 100,3.22,385.06,negative,Construction,Medium,Apple Inc.,https://www.forbes.com/crypto/cryptocurrency-regulation,banking stocks dip after a major scandal is revealed,0,1,0,1,0,3,-3,0.0,0,1,0,0,0,0,negative,True,3.22,False,385.06,5.95599279779973,52,9,4.888888888888889,1,0,3.22,2.0
2025-04-30,consumer confidence index reaches a decade high,Mint,Regulatory Changes,KOSPI,-3.43,387.72,positive,Technology,Low,JP Morgan Chase,https://www.business-standard.com/economy/inflation-data,consumer confidence index reaches a decade high,0,0,1,0,1,0,1,1.0,0,0,0,0,0,0,neutral,True,-3.43,False,387.72,5.962859290097648,47,7,5.857142857142857,0,1,3.43,2.0
2025-06-27,semiconductor shortages weigh heavily on tech sector profits,Investopedia,Regulatory Changes,IBOVESPA,-0.12,468.78,negative,Construction,Medium,Boeing,https://www.ft.com/content/currency-devaluation,semiconductor shortages weigh heavily on tech sector profits,0,0,0,0,0,0,0,0.0,0,0,0,0,0,0,neutral,False,-0.12,True,468.78,6.15226450001169,60,8,6.625,0,1,0.12,0.0
2025-03-05,central bank governor signals potential shift in policy,Wall Street Journal,IPO Launch,TSX,-4.11,393.04,negative,Energy,High,Apple Inc.,https://www.moneycontrol.com/us-markets/nasdaq-composite,central bank governor signals potential shift in policy,0,0,0,0,0,0,0,0.0,0,0,0,0,0,0,neutral,False,-4.11,True,393.04,5.976452426987478,55,8,6.0,0,1,4.11,2.0
2025-05-25,financial services stocks rally on strong profit margins,CNBC,Commodity Price Shock,DAX,1.02,74.49,positive,Materials,High,JP Morgan Chase,https://www.business-standard.com/economy/inflation-data,financial services stocks rally on strong profit margins,2,0,1,0,5,0,5,5.0,1,0,0,0,0,0,positive,True,1.02,True,74.49,4.324000197151533,56,8,6.125,1,0,1.02,1.0
2025-03-01,asx 200 gains on strong export performance,Financial Times,Bond Market Fluctuation,CAC 40,2.63,90.87,positive,Telecommunications,Medium,Tata Motors,https://www.business-standard.com/international-business/trade-policy,asx 200 gains on strong export performance,1,0,0,0,2,0,2,2.0,1,0,0,0,1,0,positive,True,2.63,True,90.87,4.520374534283375,42,7,5.142857142857143,1,0,2.63,1.0
2025-05-28,major technology firm acquires a smaller rival in a multi-billion dollar deal,Reuters,Supply Chain Disruption,Nikkei 225,0.38,14.02,positive,Construction,High,Samsung Electronics,https://www.cnbc.com/2025/09/automotive-industry-trends,major technology firm acquires a smaller rival in a multi-billion dollar deal,0,0,0,0,0,0,0,0.0,0,0,0,1,0,0,neutral,False,0.38,True,14.02,2.7093826463359885,77,12,5.5,1,0,0.38,0.0
2025-06-10,government policy shift boosts renewable energy sector,Barron's,Major Merger/Acquisition,NSE Nifty,-1.91,150.1,negative,Retail,Medium,JP Morgan Chase,https://economictimes.indiatimes.com/news/economy/unemployment-rate,government policy shift boosts renewable energy sector,0,0,0,0,0,0,0,0.0,0,0,0,0,0,0,neutral,False,-1.91,True,150.1,5.017941869278694,54,7,6.857142857142857,0,1,1.91,1.0
2025-07-04,asx 200 gains on strong export performance,Times of India,Market Rally,ASX 200,2.95,433.44,positive,Media & Entertainment,Low,Tesla,https://www.ft.com/content/tech-sector-innovation,asx 200 gains on strong export performance,1,0,0,0,2,0,2,2.0,1,0,0,0,1,0,positive,True,2.95,True,433.44,6.0740578454118355,42,7,5.142857142857143,1,0,2.95,1.0
2025-05-22,bond yields tumble as investors seek safe havens,Bloomberg,Major Merger/Acquisition,S&P/TSX Composite,-2.19,310.1,negative,Finance,Medium,Samsung Electronics,https://www.business-standard.com/economy/economic-stimulus,bond yields tumble as investors seek safe havens,0,1,0,0,0,2,-2,0.0,0,1,0,0,0,0,negative,True,-2.19,True,310.1,5.740114403903592,48,8,5.125,0,1,2.19,1.0
2025-05-05,quarterly report shows surprising losses for retail giants,Mint,Interest Rate Change,TSX,-3.46,189.55,negative,Telecommunications,Medium,JP Morgan Chase,https://www.business-standard.com/economy/inflation-data,quarterly report shows surprising losses for retail giants,0,0,0,0,0,0,0,0.0,0,0,0,0,0,1,neutral,False,-3.46,True,189.55,5.249914627319869,58,8,6.375,0,1,3.46,2.0
2025-05-17,a massive data breach sends a tech company s stock tumbling,The Motley Fool,Bond Market Fluctuation,Shanghai Composite,,47.66,negative,Agriculture,Low,Boeing,https://www.business-standard.com/economy/economic-stimulus,a massive data breach sends a tech company s stock tumbling,0,1,0,0,0,2,-2,0.0,0,1,0,0,0,0,negative,True,,False,47.66,3.8848573373553763,59,11,4.454545454545454,0,0,,
2025-07-10,consumer discretionary stocks outperform as spending increases,Bloomberg,Interest Rate Change,TSX,-4.35,440.24,positive,Agriculture,Medium,Boeing,https://www.business-standard.com/economy/inflation-data,consumer discretionary stocks outperform as spending increases,1,0,0,0,2,0,2,2.0,1,0,0,0,0,0,positive,True,-4.35,False,440.24,6.089588945101181,62,7,8.0,0,1,4.35,2.0
2025-06-22,a massive data breach sends a tech company s stock tumbling,Yahoo Finance,IPO Launch,Nasdaq Composite,1.41,141.37,positive,Materials,Medium,Boeing,https://economictimes.indiatimes.com/news/transportation,a massive data breach sends a tech company s stock tumbling,0,1,0,0,0,2,-2,0.0,0,1,0,0,0,0,negative,False,1.41,True,141.37,4.958429302625654,59,11,4.454545454545454,1,0,1.41,1.0
2025-08-08,consumer discretionary stocks outperform as spending increases,Barron's,Inflation Data Release,IBOVESPA,4.54,428.4,positive,Energy,Medium,Goldman Sachs,https://www.wsj.com/china/market-regulation,consumer discretionary stocks outperform as spending increases,1,0,0,0,2,0,2,2.0,1,0,0,0,0,0,positive,True,4.54,True,428.4,6.062388885444681,62,7,8.0,1,0,4.54,2.0
2025-04-11,china s shanghai composite falls after new trade restrictions,Barron's,Interest Rate Change,Dow Jones,2.38,302.56,positive,Retail,Low,Tata Motors,https://www.forbes.com/crypto/cryptocurrency-regulation,china s shanghai composite falls after new trade restrictions,0,0,0,0,0,0,0,0.0,0,0,0,0,0,0,neutral,False,2.38,True,302.56,5.715579284535712,61,9,5.888888888888889,1,0,2.38,1.0
2025-05-10,"global trade talks collapse, causing market turmoil",The Motley Fool,Major Merger/Acquisition,S&P 500,-0.22,377.64,negative,Energy,Low,Microsoft,https://www.moneycontrol.com/india/ipo-news/new-firm-launches,global trade talks collapse causing market turmoil,0,0,0,0,0,0,0,0.0,0,0,0,0,0,0,neutral,False,-0.22,True,377.64,5.936585885597992,50,7,6.285714285714286,0,1,0.22,0.0
2025-05-28,nikkei 225 index benefits from a weaker yen,Reuters,Consumer Confidence Report,Shanghai Composite,-2.86,116.95,negative,Automotive,High,Goldman Sachs,https://www.wsj.com/europe/regulatory-changes,nikkei 225 index benefits from a weaker yen,0,0,0,0,0,0,0,0.0,0,0,0,0,1,0,neutral,False,-2.86,True,116.95,4.770260805853684,43,8,4.5,0,1,2.86,1.0
2025-02-23,market sentiment turns positive on vaccine trial results,MarketWatch,Unemployment Rate Announcement,Nasdaq Composite,-3.22,354.14,negative,Utilities,High,Apple Inc.,https://www.ft.com/content/geopolitical-summit,market sentiment turns positive on vaccine trial results,0,0,1,0,1,0,1,1.0,0,0,0,0,0,0,neutral,False,-3.22,True,354.14,5.872512077930689,56,8,6.125,0,1,3.22,2.0
2025-04-10,a massive data breach sends a tech company s stock tumbling,MarketWatch,Stock Market Crash,Euro Stoxx 50,1.47,84.21,positive,Consumer Goods,Medium,Reliance Industries,https://www.bloomberg.com/australia/asx-200-performance,a massive data breach sends a tech company s stock tumbling,0,1,0,0,0,2,-2,0.0,0,1,0,0,0,0,negative,False,1.47,True,84.21,4.445118797839864,59,11,4.454545454545454,1,0,1.47,1.0
2025-04-25,central bank s dovish tone hints at future rate cuts,Financial Times,Corporate Earnings Report,Nikkei 225,1.13,191.56,positive,Automotive,High,ExxonMobil,https://economictimes.indiatimes.com/news/transportation,central bank s dovish tone hints at future rate cuts,0,0,0,0,0,0,0,0.0,0,0,0,0,0,0,neutral,False,1.13,True,191.56,5.260407793474816,52,10,4.3,1,0,1.13,1.0
2025-05-04,merger talks between two banks fall through,Business Standard,Bond Market Fluctuation,ASX 200,3.11,132.12,negative,Industrials,High,Goldman Sachs,https://www.forbes.com/crypto/cryptocurrency-regulation,merger talks between two banks fall through,0,0,0,1,0,1,-1,0.0,0,0,0,0,0,0,neutral,True,3.11,False,132.12,4.8912509770728985,43,7,5.285714285714286,1,0,3.11,2.0
2025-06-11,tech giant s new product launch sparks sector-wide gains,Investopedia,Central Bank Meeting,Russell 2000,2.06,480.73,positive,Retail,Low,Reliance Industries,https://www.forbes.com/finance/geopolitical-event-impact,tech giant s new product launch sparks sector-wide gains,0,0,0,0,0,0,0,0.0,0,0,0,0,0,0,neutral,False,2.06,True,480.73,6.177383791123922,56,9,5.333333333333333,1,0,2.06,1.0
2025-03-14,unexpected rise in unemployment fuels market pessimism,Yahoo Finance,Cryptocurrency Regulation,S&P/TSX Composite,1.78,182.32,positive,Construction,Low,Apple Inc.,https://www.reuters.com/markets/stocks/tech-rally,unexpected rise in unemployment fuels market pessimism,0,0,1,0,1,0,1,1.0,0,0,0,0,0,0,neutral,True,1.78,True,182.32,5.211233259640923,54,7,6.857142857142857,1,0,1.78,1.0
2025-05-16,real estate sector shows signs of overheating as interest rates fall,Bloomberg,Economic Data Release,Euro Stoxx 50,0.02,343.83,positive,Pharmaceuticals,Low,JP Morgan Chase,https://economictimes.indiatimes.com/news/economy/unemployment-rate,real estate sector shows signs of overheating as interest rates fall,0,0,0,1,0,1,-1,0.0,0,0,0,0,0,0,neutral,False,0.02,True,343.83,5.843051541965209,68,11,5.2727272727272725,1,0,0.02,0.0
2025-03-14,china s shanghai composite falls after new trade restrictions,Business Standard,IPO Launch,Hang Seng,-1.14,482.98,negative,Aerospace & Defense,Medium,Microsoft,https://www.ft.com/content/tech-sector-innovation,china s shanghai composite falls after new trade restrictions,0,0,0,0,0,0,0,0.0,0,0,0,0,0,0,neutral,False,-1.14,True,482.98,6.182043583548792,61,9,5.888888888888889,0,1,1.14,1.0
2025-02-23,real estate sector shows signs of overheating as interest rates fall,Investopedia,Inflation Data Release,Hang Seng,-4.8,419.9,negative,Construction,Medium,Samsung Electronics,https://www.business-standard.com/international-business/trade-policy,real estate sector shows signs of overheating as interest rates fall,0,0,0,1,0,1,-1,0.0,0,0,0,0,0,0,neutral,True,-4.8,True,419.9,6.042395275776525,68,11,5.2727272727272725,0,1,4.8,2.0
2025-04-13,consumer discretionary stocks outperform as spending increases,The Economist,Corporate Earnings Report,Nasdaq Composite,-2.75,212.41,negative,Healthcare,High,ExxonMobil,https://timesofindia.indiatimes.com/business/corporate-governance,consumer discretionary stocks outperform as spending increases,1,0,0,0,2,0,2,2.0,1,0,0,0,0,0,positive,False,-2.75,True,212.41,5.3632151981258795,62,7,8.0,0,1,2.75,1.0
2025-05-19,china s shanghai composite falls after new trade restrictions,Business Standard,Government Policy Announcement,TSX,-0.67,310.13,negative,Finance,Medium,Boeing,https://www.wsj.com/japan/economic-data-release,china s shanghai composite falls after new trade restrictions,0,0,0,0,0,0,0,0.0,0,0,0,0,0,0,neutral,False,-0.67,True,310.13,5.740210831269753,61,9,5.888888888888889,0,1,0.67,0.0
2025-05-09,consumer confidence index reaches a decade high,CNBC,Unemployment Rate Announcement,IBOVESPA,-2.51,498.49,positive,Technology,Low,Boeing,https://www.bloomberg.com/australia/asx-200-performance,consumer confidence index reaches a decade high,0,0,1,0,1,0,1,1.0,0,0,0,0,0,0,neutral,True,-2.51,False,498.49,6.213587577868185,47,7,5.857142857142857,0,1,2.51,1.0
2025-05-20,government spending bill is expected to stimulate the economy,Seeking Alpha,Cryptocurrency Regulation,Dow Jones,-2.77,141.85,negative,Automotive,High,Microsoft,https://www.cnbc.com/2025/09/automotive-industry-trends,government spending bill is expected to stimulate the economy,0,0,0,0,0,0,0,0.0,0,0,0,0,0,0,neutral,False,-2.77,True,141.85,4.961795128676782,61,9,5.888888888888889,0,1,2.77,1.0
2025-05-21,retail sales report surpasses all forecasts,The Hindu Business Line,Bond Market Fluctuation,FTSE 100,3.83,4.04,positive,Automotive,Medium,Reliance Industries,https://www.forbes.com/crypto/cryptocurrency-regulation,retail sales report surpasses all forecasts,0,0,0,0,0,0,0,0.0,0,0,0,0,0,1,neutral,False,3.83,True,4.04,1.6174060820832772,43,6,6.333333333333333,1,0,3.83,2.0
2025-04-04,gold prices surge as investors flee riskier assets,Yahoo Finance,Cryptocurrency Regulation,S&P 500,-4.03,465.53,negative,Healthcare,Medium,Samsung Electronics,https://www.theeconomist.com/finance-and-economics/trade-tariffs,gold prices surge as investors flee riskier assets,1,0,0,0,2,0,2,2.0,1,0,0,0,0,0,positive,False,-4.03,True,465.53,6.145322326901356,50,8,5.375,0,1,4.03,2.0
2025-04-09,consumer confidence index reaches a decade high,Mint,Government Policy Announcement,ASX 200,1.2,312.51,positive,Finance,Low,Tesla,https://www.reuters.com/markets/stocks/tech-rally,consumer confidence index reaches a decade high,0,0,1,0,1,0,1,1.0,0,0,0,0,0,0,neutral,True,1.2,True,312.51,5.747831257490882,47,7,5.857142857142857,1,0,1.2,1.0
2025-03-01,geopolitical ceasefire prompts a broad market recovery,MarketWatch,Commodity Price Shock,KOSPI,-0.26,308.11,positive,Agriculture,Medium,Microsoft,https://www.moneycontrol.com/us-markets/dow-jones-industrial,geopolitical ceasefire prompts a broad market recovery,0,0,1,0,1,0,1,1.0,0,0,0,0,0,0,neutral,True,-0.26,False,308.11,5.733697200604404,54,7,6.857142857142857,0,1,0.26,0.0
2025-05-27,aerospace and defense sector sees rally amid geopolitical tensions,MarketWatch,Currency Devaluation,CAC 40,-1.54,193.71,negative,Finance,Low,Tata Motors,https://www.cnbc.com/2025/08/russia-ukraine-war-economic-impact,aerospace and defense sector sees rally amid geopolitical tensions,1,0,0,0,2,0,2,2.0,1,0,0,0,0,0,positive,False,-1.54,True,193.71,5.27151127212753,66,9,6.444444444444445,0,1,1.54,1.0
2025-04-04,geopolitical ceasefire prompts a broad market recovery,Business Standard,Cryptocurrency Regulation,FTSE 100,0.92,94.44,positive,Materials,High,Apple Inc.,https://www.ft.com/content/consumer-confidence-report,geopolitical ceasefire prompts a broad market recovery,0,0,1,0,1,0,1,1.0,0,0,0,0,0,0,neutral,True,0.92,True,94.44,4.55849777778966,54,7,6.857142857142857,1,0,0.92,0.0
2025-04-29,energy company s dividend hike excites shareholders,Investopedia,Stock Market Crash,Euro Stoxx 50,-2.38,159.1,negative,Consumer Goods,High,Tata Motors,https://www.business-standard.com/international-business/trade-policy,energy company s dividend hike excites shareholders,0,0,0,0,0,0,0,0.0,0,0,0,0,0,0,neutral,False,-2.38,True,159.1,5.075798620002669,51,7,6.428571428571429,0,1,2.38,1.0
2025-04-01,real estate sector shows signs of overheating as interest rates fall,The Economist,Market Rally,Hang Seng,3.52,361.01,negative,Consumer Goods,Low,Samsung Electronics,https://www.investopedia.com/articles/supply-chain-disruption,real estate sector shows signs of overheating as interest rates fall,0,0,0,1,0,1,-1,0.0,0,0,0,0,0,0,neutral,True,3.52,False,361.01,5.891671835753619,68,11,5.2727272727272725,1,0,3.52,2.0
2025-07-06,federal reserve chairman s speech causes market volatility,Wall Street Journal,Economic Data Release,Dow Jones,-2.3,402.53,negative,Healthcare,Low,Boeing,https://www.investopedia.com/articles/supply-chain-disruption,federal reserve chairman s speech causes market volatility,0,0,0,0,0,0,0,0.0,0,0,0,0,0,0,neutral,False,-2.3,True,402.53,6.000250834388599,58,8,6.375,0,1,2.3,1.0
2025-03-10,pharmaceutical company s drug approval drives stock upward,The Motley Fool,IPO Launch,S&P 500,-3.79,109.65,negative,Real Estate,Medium,ExxonMobil,https://www.theeconomist.com/world/government-policy-announcement,pharmaceutical company s drug approval drives stock upward,0,0,2,0,2,0,2,2.0,0,0,0,0,0,0,positive,False,-3.79,True,109.65,4.7063720664970585,58,8,6.375,0,1,3.79,2.0
2025-06-16,china s shanghai composite falls after new trade restrictions,Wall Street Journal,Bond Market Fluctuation,Hang Seng,-2.32,313.22,negative,Agriculture,High,ExxonMobil,https://www.wsj.com/europe/regulatory-changes,china s shanghai composite falls after new trade restrictions,0,0,0,0,0,0,0,0.0,0,0,0,0,0,0,neutral,False,-2.32,True,313.22,5.750093377519452,61,9,5.888888888888889,0,1,2.32,1.0
2025-05-20,geopolitical ceasefire prompts a broad market recovery,Seeking Alpha,Market Rally,Nikkei 225,2.08,440.36,positive,Aerospace & Defense,Medium,Tata Motors,https://www.business-standard.com/economy/inflation-data,geopolitical ceasefire prompts a broad market recovery,0,0,1,0,1,0,1,1.0,0,0,0,0,0,0,neutral,True,2.08,True,440.36,6.089860868964175,54,7,6.857142857142857,1,0,2.08,1.0
2025-02-13,tech giant s new product launch sparks sector-wide gains,Barron's,Central Bank Meeting,TSX,-4.37,108.31,negative,Retail,High,Tata Motors,https://www.cnbc.com/2025/10/real-estate-market-analysis,tech giant s new product launch sparks sector-wide gains,0,0,0,0,0,0,0,0.0,0,0,0,0,0,0,neutral,False,-4.37,True,108.31,4.694187882305744,56,9,5.333333333333333,0,1,4.37,2.0
2025-06-04,new regulations on cryptocurrencies cause a market dip,Forbes,IPO Launch,Dow Jones,-2.18,272.25,negative,Materials,Low,Goldman Sachs,https://www.bloomberg.com/middle-east/news/bond-market-fluctuation,new regulations on cryptocurrencies cause a market dip,0,0,0,1,0,1,-1,0.0,0,0,0,0,0,0,neutral,True,-2.18,True,272.25,5.610387127056648,54,8,5.875,0,1,2.18,1.0
2025-06-30,new regulations on cryptocurrencies cause a market dip,Times of India,Currency Devaluation,Shanghai Composite,4.3,215.59,negative,Agriculture,Low,JP Morgan Chase,https://www.moneycontrol.com/india/ipo-news/new-firm-launches,new regulations on cryptocurrencies cause a market dip,0,0,0,1,0,1,-1,0.0,0,0,0,0,0,0,neutral,True,4.3,False,215.59,5.3780061654494045,54,8,5.875,1,0,4.3,2.0
2025-06-30,china s shanghai composite falls after new trade restrictions,Reuters,Government Policy Announcement,DAX,-2.13,294.9,negative,Retail,Low,JP Morgan Chase,https://economictimes.indiatimes.com/industry/industrials,china s shanghai composite falls after new trade restrictions,0,0,0,0,0,0,0,0.0,0,0,0,0,0,0,neutral,False,-2.13,True,294.9,5.690021559406164,61,9,5.888888888888889,0,1,2.13,1.0
2025-02-26,automotive industry faces headwinds from rising material costs,Wall Street Journal,Economic Data Release,Nasdaq Composite,-4.1,32.73,negative,Real Estate,High,ExxonMobil,https://www.ft.com/content/geopolitical-summit,automotive industry faces headwinds from rising material costs,0,0,0,0,0,0,0,0.0,0,0,0,0,0,0,neutral,False,-4.1,True,32.73,3.5183876490735586,62,8,6.875,0,1,4.1,2.0
2025-06-18,new regulations on cryptocurrencies cause a market dip,Wall Street Journal,Consumer Confidence Report,DAX,0.4,294.48,negative,Aerospace & Defense,High,Apple Inc.,https://www.wsj.com/china/market-rally,new regulations on cryptocurrencies cause a market dip,0,0,0,1,0,1,-1,0.0,0,0,0,0,0,0,neutral,True,0.4,False,294.48,5.688601152660537,54,8,5.875,1,0,0.4,0.0
2025-07-01,semiconductor shortages weigh heavily on tech sector profits,Business Standard,Major Merger/Acquisition,S&P 500,0.28,210.73,positive,Real Estate,High,ExxonMobil,https://www.cnbc.com/2025/09/automotive-industry-trends,semiconductor shortages weigh heavily on tech sector profits,0,0,0,0,0,0,0,0.0,0,0,0,0,0,0,neutral,False,0.28,True,210.73,5.355311878067845,60,8,6.625,1,0,0.28,0.0
2025-07-22,real estate sector shows signs of overheating as interest rates fall,Barron's,Consumer Confidence Report,S&P 500,-0.92,315.27,negative,Healthcare,Medium,Samsung Electronics,https://www.ft.com/content/consumer-confidence-report,real estate sector shows signs of overheating as interest rates fall,0,0,0,1,0,1,-1,0.0,0,0,0,0,0,0,neutral,True,-0.92,True,315.27,5.756596279148815,68,11,5.2727272727272725,0,1,0.92,0.0
2025-03-25,manufacturing pmi data signals economic expansion,Forbes,Unemployment Rate Announcement,CAC 40,1.95,359.84,positive,Materials,Medium,Reliance Industries,https://www.reuters.com/markets/indices/nikkei-225,manufacturing pmi data signals economic expansion,0,0,1,0,1,0,1,1.0,0,0,0,0,0,0,neutral,True,1.95,True,359.84,5.888434646788438,49,6,7.333333333333333,1,0,1.95,1.0
2025-04-22,financial sector bracing for new capital requirements,Financial Times,Unemployment Rate Announcement,IBOVESPA,-0.09,9.92,negative,Automotive,High,Samsung Electronics,https://www.moneycontrol.com/india/ipo-news/new-firm-launches,financial sector bracing for new capital requirements,0,0,0,0,0,0,0,0.0,0,0,0,0,0,0,neutral,False,-0.09,True,9.92,2.390595970316759,53,7,6.714285714285714,0,1,0.09,0.0
2025-03-01,consumer discretionary stocks outperform as spending increases,Seeking Alpha,Economic Data Release,CAC 40,2.43,158.15,positive,Telecommunications,Medium,ExxonMobil,https://www.theeconomist.com/world/government-policy-announcement,consumer discretionary stocks outperform as spending increases,1,0,0,0,2,0,2,2.0,1,0,0,0,0,0,positive,True,2.43,True,158.15,5.069847153728102,62,7,8.0,1,0,2.43,1.0
2025-08-06,unexpected rise in unemployment fuels market pessimism,The Economist,Commodity Price Shock,Nikkei 225,1.42,176.99,positive,Real Estate,Medium,Reliance Industries,https://www.moneycontrol.com/us-markets/dow-jones-industrial,unexpected rise in unemployment fuels market pessimism,0,0,1,0,1,0,1,1.0,0,0,0,0,0,0,neutral,True,1.42,True,176.99,5.181727368938661,54,7,6.857142857142857,1,0,1.42,1.0
2025-05-07,central bank s dovish tone hints at future rate cuts,Forbes,Market Rally,ASX 200,-3.65,397.78,negative,Utilities,Low,ExxonMobil,https://www.cnbc.com/2025/08/russia-ukraine-war-economic-impact,central bank s dovish tone hints at future rate cuts,0,0,0,0,0,0,0,0.0,0,0,0,0,0,0,neutral,False,-3.65,True,397.78,5.988409886378753,52,10,4.3,0,1,3.65,2.0
2025-02-03,semiconductor shortages weigh heavily on tech sector profits,CNBC,Government Policy Announcement,CAC 40,0.21,151.51,positive,Media & Entertainment,Medium,Boeing,https://www.reuters.com/markets/stocks/tech-rally,semiconductor shortages weigh heavily on tech sector profits,0,0,0,0,0,0,0,0.0,0,0,0,0,0,0,neutral,False,0.21,True,151.51,5.027230167668092,60,8,6.625,1,0,0.21,0.0
2025-07-05,new ipo for a popular software firm is oversubscribed,Forbes,Consumer Confidence Report,Nasdaq Composite,-3.76,76.61,negative,Construction,Medium,Reliance Industries,https://www.marketwatch.com/story/commodities-price-shock,new ipo for a popular software firm is oversubscribed,0,0,0,0,0,0,0,0.0,0,0,0,0,0,0,neutral,False,-3.76,True,76.61,4.351696284866048,53,9,5.0,0,1,3.76,2.0
2025-07-25,retail sales report surpasses all forecasts,Reuters,Interest Rate Change,Euro Stoxx 50,-4.73,256.83,negative,Energy,High,Apple Inc.,https://www.theeconomist.com/finance-and-economics/trade-tariffs,retail sales report surpasses all forecasts,0,0,0,0,0,0,0,0.0,0,0,0,0,0,1,neutral,False,-4.73,True,256.83,5.552300453013218,43,6,6.333333333333333,0,1,4.73,2.0
2025-03-16,gold prices surge as investors flee riskier assets,The Hindu Business Line,Corporate Earnings Report,S&P/TSX Composite,2.7,186.43,positive,Retail,Medium,ExxonMobil,https://www.reuters.com/markets/indices/nikkei-225,gold prices surge as investors flee riskier assets,1,0,0,0,2,0,2,2.0,1,0,0,0,0,0,positive,True,2.7,True,186.43,5.233405442370894,50,8,5.375,1,0,2.7,1.0
2025-08-06,consumer confidence index reaches a decade high,MarketWatch,Economic Data Release,CAC 40,2.46,358.46,positive,Media & Entertainment,High,ExxonMobil,https://www.moneycontrol.com/us-markets/nasdaq-composite,consumer confidence index reaches a decade high,0,0,1,0,1,0,1,1.0,0,0,0,0,0,0,neutral,True,2.46,True,358.46,5.884602905323889,47,7,5.857142857142857,1,0,2.46,1.0
2025-02-23,utilities sector remains stable during market fluctuations,Reuters,Consumer Confidence Report,Shanghai Composite,0.68,430.97,positive,Healthcare,Low,ExxonMobil,https://www.moneycontrol.com/india/ipo-news/new-firm-launches,utilities sector remains stable during market fluctuations,0,0,0,0,0,0,0,0.0,0,0,0,0,0,0,neutral,False,0.68,True,430.97,6.068356141388289,58,7,7.428571428571429,1,0,0.68,0.0
2025-03-03,new housing data release shows a slowdown in market activity,Financial Times,Supply Chain Disruption,Hang Seng,-4.49,228.27,negative,Transportation,Low,ExxonMobil,https://www.ft.com/content/geopolitical-summit,new housing data release shows a slowdown in market activity,0,0,0,1,0,1,-1,0.0,0,0,0,0,0,0,neutral,True,-4.49,True,228.27,5.434900348334571,60,10,5.1,0,1,4.49,2.0
2025-04-22,consumer discretionary stocks outperform as spending increases,Seeking Alpha,Inflation Data Release,Shanghai Composite,-1.8,280.11,negative,Consumer Goods,Low,Reliance Industries,https://www.bloomberg.com/middle-east/news/bond-market-fluctuation,consumer discretionary stocks outperform as spending increases,1,0,0,0,2,0,2,2.0,1,0,0,0,0,0,positive,False,-1.8,True,280.11,5.638746051808365,62,7,8.0,0,1,1.8,1.0
2025-02-20,new regulations on cryptocurrencies cause a market dip,Wall Street Journal,Unemployment Rate Announcement,Dow Jones,1.16,488.06,negative,Technology,Low,Goldman Sachs,https://www.investopedia.com/articles/supply-chain-disruption,new regulations on cryptocurrencies cause a market dip,0,0,0,1,0,1,-1,0.0,0,0,0,0,0,0,neutral,True,1.16,False,488.06,6.192485181334421,54,8,5.875,1,0,1.16,1.0
2025-03-16,e-commerce earnings report beats all analyst expectations,The Economist,Unemployment Rate Announcement,ASX 200,1.57,3.16,positive,Finance,High,ExxonMobil,https://www.cnbc.com/2025/08/russia-ukraine-war-economic-impact,e-commerce earnings report beats all analyst expectations,0,0,0,0,0,0,0,0.0,0,0,0,0,0,1,neutral,False,1.57,True,3.16,1.425515074273172,57,7,7.285714285714286,1,0,1.57,1.0
2025-05-10,healthcare stocks gain on robust demand and strong outlook,Forbes,Cryptocurrency Regulation,Euro Stoxx 50,2.36,404.0,positive,Energy,High,Reliance Industries,https://www.ft.com/content/media-entertainment-merger,healthcare stocks gain on robust demand and strong outlook,2,0,1,0,5,0,5,5.0,1,0,0,0,0,0,positive,True,2.36,True,404.0,6.003887067106539,58,9,5.555555555555555,1,0,2.36,1.0
2025-08-13,banking stocks dip after a major scandal is revealed,The Economist,Government Policy Announcement,Shanghai Composite,-1.7,195.69,negative,Industrials,Medium,JP Morgan Chase,https://timesofindia.indiatimes.com/business/markets/stock-market-crash,banking stocks dip after a major scandal is revealed,0,1,0,1,0,3,-3,0.0,0,1,0,0,0,0,negative,True,-1.7,True,195.69,5.281628885261801,52,9,4.888888888888889,0,1,1.7,1.0
2025-03-30,e-commerce earnings report beats all analyst expectations,The Hindu Business Line,IPO Launch,Dow Jones,-1.19,259.6,negative,Agriculture,High,JP Morgan Chase,https://economictimes.indiatimes.com/industry/industrials,e-commerce earnings report beats all analyst expectations,0,0,0,0,0,0,0,0.0,0,0,0,0,0,1,neutral,False,-1.19,True,259.6,5.562986664690745,57,7,7.285714285714286,0,1,1.19,1.0
2025-03-23,banking stocks dip after a major scandal is revealed,Wall Street Journal,IPO Launch,NSE Nifty,4.59,155.71,positive,Aerospace & Defense,Low,Tata Motors,https://www.cnbc.com/2025/12/healthcare-sector-outlook,banking stocks dip after a major scandal is revealed,0,1,0,1,0,3,-3,0.0,0,1,0,0,0,0,negative,False,4.59,True,155.71,5.054396963535125,52,9,4.888888888888889,1,0,4.59,2.0
2025-03-06,"global trade talks collapse, causing market turmoil",The Motley Fool,Trade Tariffs Announcement,DAX,4.26,259.79,positive,Agriculture,High,Goldman Sachs,https://www.reuters.com/markets/indices/ftse-100,global trade talks collapse causing market turmoil,0,0,0,0,0,0,0,0.0,0,0,0,0,0,0,neutral,False,4.26,True,259.79,5.563715485759083,50,7,6.285714285714286,1,0,4.26,2.0
2025-02-27,dow jones plunges as market fears recession,Forbes,IPO Launch,TSX,0.23,337.73,positive,Technology,Low,Boeing,,dow jones plunges as market fears recession,0,0,0,0,0,0,0,0.0,0,0,0,0,0,0,neutral,False,0.23,True,337.73,5.825203329860541,43,7,5.285714285714286,1,0,0.23,0.0
2025-04-17,major oil spill sends energy stocks plummeting,The Economist,Supply Chain Disruption,Russell 2000,0.58,202.92,positive,Construction,Medium,Microsoft,https://timesofindia.indiatimes.com/business/corporate-governance,major oil spill sends energy stocks plummeting,0,0,0,0,0,0,0,0.0,0,0,0,0,0,0,neutral,False,0.58,True,202.92,5.31772776006786,46,7,5.714285714285714,1,0,0.58,0.0
2025-02-28,new housing data release shows a slowdown in market activity,Wall Street Journal,Trade Tariffs Announcement,KOSPI,1.98,154.54,negative,Agriculture,Low,Microsoft,https://www.ft.com/content/tech-sector-innovation,new housing data release shows a slowdown in market activity,0,0,0,1,0,1,-1,0.0,0,0,0,0,0,0,neutral,True,1.98,False,154.54,5.046902933266797,60,10,5.1,1,0,1.98,1.0
2025-06-23,government spending bill is expected to stimulate the economy,Seeking Alpha,IPO Launch,DAX,2.33,249.28,positive,Materials,Low,Goldman Sachs,https://www.moneycontrol.com/us-markets/nasdaq-composite,government spending bill is expected to stimulate the economy,0,0,0,0,0,0,0,0.0,0,0,0,0,0,0,neutral,False,2.33,True,249.28,5.522580291130163,61,9,5.888888888888889,1,0,2.33,1.0
2025-04-29,central bank governor signals potential shift in policy,Business Standard,Regulatory Changes,BSE Sensex,4.6,177.54,positive,Healthcare,Low,Tesla,https://www.cnbc.com/2025/08/russia-ukraine-war-economic-impact,central bank governor signals potential shift in policy,0,0,0,0,0,0,0,0.0,0,0,0,0,0,0,neutral,False,4.6,True,177.54,5.184812665751216,55,8,6.0,1,0,4.6,2.0
2025-07-24,manufacturing pmi data signals economic expansion,Forbes,Central Bank Meeting,Euro Stoxx 50,-3.44,103.19,positive,Technology,High,ExxonMobil,https://www.business-standard.com/international-business/trade-policy,manufacturing pmi data signals economic expansion,0,0,1,0,1,0,1,1.0,0,0,0,0,0,0,neutral,True,-3.44,False,103.19,4.646216155424092,49,6,7.333333333333333,0,1,3.44,2.0
2025-02-23,bond yields tumble as investors seek safe havens,Investopedia,Central Bank Meeting,Nikkei 225,-0.72,179.98,negative,Energy,Low,Apple Inc.,https://www.wsj.com/japan/economic-data-release,bond yields tumble as investors seek safe havens,0,1,0,0,0,2,-2,0.0,0,1,0,0,0,0,negative,True,-0.72,True,179.98,5.198386527922987,48,8,5.125,0,1,0.72,0.0
2025-03-25,unexpected rise in unemployment fuels market pessimism,Times of India,Corporate Earnings Report,CAC 40,1.12,14.41,positive,Aerospace & Defense,High,Goldman Sachs,https://www.marketwatch.com/story/consumer-goods-report,unexpected rise in unemployment fuels market pessimism,0,0,1,0,1,0,1,1.0,0,0,0,0,0,0,neutral,True,1.12,True,14.41,2.7350166493320245,54,7,6.857142857142857,1,0,1.12,1.0
2025-05-10,record-high inflation data rattles investors,Barron's,Currency Devaluation,S&P/TSX Composite,-3.45,290.53,negative,Industrials,High,ExxonMobil,https://economictimes.indiatimes.com/industry/industrials,record-high inflation data rattles investors,0,0,0,0,0,0,0,0.0,0,0,0,0,0,0,neutral,False,-3.45,True,290.53,5.675142916447037,44,5,8.0,0,1,3.45,2.0
2025-07-04,uk s ftse 100 sees a boost from favorable trade data,Wall Street Journal,Consumer Confidence Report,Shanghai Composite,-0.41,259.78,negative,Healthcare,High,ExxonMobil,,uk s ftse 100 sees a boost from favorable trade data,0,0,2,0,2,0,2,2.0,0,0,0,0,1,0,positive,False,-0.41,True,259.78,5.563677139995326,52,11,3.8181818181818183,0,1,0.41,0.0
2025-07-22,bond yields tumble as investors seek safe havens,Barron's,Stock Market Crash,Nasdaq Composite,-3.46,30.82,negative,Healthcare,Medium,Apple Inc.,https://www.reuters.com/markets/indices/nikkei-225,bond yields tumble as investors seek safe havens,0,1,0,0,0,2,-2,0.0,0,1,0,0,0,0,negative,True,-3.46,True,30.82,3.4600950229096408,48,8,5.125,0,1,3.46,2.0
2025-03-03,supply chain issues impact manufacturing sector earnings,Yahoo Finance,Interest Rate Change,S&P/TSX Composite,0.8,181.2,positive,Transportation,Low,JP Morgan Chase,https://www.cnbc.com/2025/12/healthcare-sector-outlook,supply chain issues impact manufacturing sector earnings,0,0,0,0,0,0,0,0.0,0,0,0,0,0,0,neutral,False,0.8,True,181.2,5.205104984825858,56,7,7.142857142857143,1,0,0.8,0.0
2025-05-12,major technology firm acquires a smaller rival in a multi-billion dollar deal,Mint,Unemployment Rate Announcement,DAX,-2.37,225.22,negative,Retail,Low,Goldman Sachs,https://www.marketwatch.com/story/consumer-goods-report,major technology firm acquires a smaller rival in a multi-billion dollar deal,0,0,0,0,0,0,0,0.0,0,0,0,1,0,0,neutral,False,-2.37,True,225.22,5.421507977103235,77,12,5.5,0,1,2.37,1.0
2025-04-29,record-high inflation data rattles investors,Mint,Corporate Earnings Report,KOSPI,0.14,198.32,positive,Energy,High,Apple Inc.,https://www.marketwatch.com/story/consumer-goods-report,record-high inflation data rattles investors,0,0,0,0,0,0,0,0.0,0,0,0,0,0,0,neutral,False,0.14,True,198.32,5.294911573413204,44,5,8.0,1,0,0.14,0.0
2025-03-18,financial services stocks rally on strong profit margins,Wall Street Journal,Consumer Confidence Report,CAC 40,3.13,373.73,positive,Retail,Low,Samsung Electronics,https://www.wsj.com/europe/dax-performance,financial services stocks rally on strong profit margins,2,0,1,0,5,0,5,5.0,1,0,0,0,0,0,positive,True,3.13,True,373.73,5.926205766645928,56,8,6.125,1,0,3.13,2.0
2025-05-24,central bank maintains status quo on interest rates,CNBC,Bond Market Fluctuation,Russell 2000,-2.36,154.91,negative,Healthcare,Medium,Boeing,,central bank maintains status quo on interest rates,0,0,0,0,0,0,0,0.0,0,0,0,0,0,0,neutral,False,-2.36,True,154.91,5.0492789176884605,51,8,5.5,0,1,2.36,1.0
2025-02-19,gold prices surge as investors flee riskier assets,MarketWatch,Commodity Price Shock,Dow Jones,4.22,309.02,positive,Utilities,High,Microsoft,https://www.wsj.com/china/market-rally,gold prices surge as investors flee riskier assets,1,0,0,0,2,0,2,2.0,1,0,0,0,0,0,positive,True,4.22,True,309.02,5.736636811527148,50,8,5.375,1,0,4.22,2.0
2025-02-07,real estate sector shows signs of overheating as interest rates fall,The Economist,Market Rally,Russell 2000,-3.57,67.76,negative,Media & Entertainment,High,JP Morgan Chase,https://timesofindia.indiatimes.com/business/finance/banking-sector-news,real estate sector shows signs of overheating as interest rates fall,0,0,0,1,0,1,-1,0.0,0,0,0,0,0,0,neutral,True,-3.57,True,67.76,4.230622180514649,68,11,5.2727272727272725,0,1,3.57,2.0
2025-05-01,uk s ftse 100 sees a boost from favorable trade data,Wall Street Journal,Trade Tariffs Announcement,TSX,-4.4,276.09,negative,Materials,High,Goldman Sachs,https://www.investopedia.com/articles/government-policy-announcement,uk s ftse 100 sees a boost from favorable trade data,0,0,2,0,2,0,2,2.0,0,0,0,0,1,0,positive,False,-4.4,True,276.09,5.6243423631628895,52,11,3.8181818181818183,0,1,4.4,2.0
2025-06-19,government spending bill is expected to stimulate the economy,Forbes,Geopolitical Event,BSE Sensex,-4.38,329.1,negative,Real Estate,Low,Goldman Sachs,https://timesofindia.indiatimes.com/business/agriculture-sector,government spending bill is expected to stimulate the economy,0,0,0,0,0,0,0,0.0,0,0,0,0,0,0,neutral,False,-4.38,True,329.1,5.799395638859147,61,9,5.888888888888889,0,1,4.38,2.0
2025-05-11,bond yields tumble as investors seek safe havens,Financial Times,Bond Market Fluctuation,Russell 2000,-1.27,460.59,negative,Media & Entertainment,Low,Tesla,https://www.reuters.com/markets/indices/ftse-100,bond yields tumble as investors seek safe havens,0,1,0,0,0,2,-2,0.0,0,1,0,0,0,0,negative,True,-1.27,True,460.59,6.134677051181064,48,8,5.125,0,1,1.27,1.0
2025-07-12,geopolitical ceasefire prompts a broad market recovery,MarketWatch,Government Policy Announcement,S&P 500,-0.29,108.83,positive,Healthcare,High,Apple Inc.,https://www.wsj.com/europe/dax-performance,geopolitical ceasefire prompts a broad market recovery,0,0,1,0,1,0,1,1.0,0,0,0,0,0,0,neutral,True,-0.29,False,108.83,4.698933715800255,54,7,6.857142857142857,0,1,0.29,0.0
2025-07-27,"global trade talks collapse, causing market turmoil",Seeking Alpha,Supply Chain Disruption,KOSPI,-1.71,204.81,negative,Pharmaceuticals,Low,ExxonMobil,https://www.business-standard.com/finance/corporate-earnings,global trade talks collapse causing market turmoil,0,0,0,0,0,0,0,0.0,0,0,0,0,0,0,neutral,False,-1.71,True,204.81,5.326953413084369,50,7,6.285714285714286,0,1,1.71,1.0
2025-06-15,consumer discretionary stocks outperform as spending increases,Barron's,Commodity Price Shock,S&P/TSX Composite,4.3,185.41,positive,Utilities,Medium,Samsung Electronics,https://www.marketwatch.com/story/commodities-price-shock,consumer discretionary stocks outperform as spending increases,1,0,0,0,2,0,2,2.0,1,0,0,0,0,0,positive,True,4.3,True,185.41,5.227948548881154,62,7,8.0,1,0,4.3,2.0
2025-04-14,real estate sector shows signs of overheating as interest rates fall,The Motley Fool,Interest Rate Change,Nikkei 225,0.75,233.91,positive,Industrials,Low,Tata Motors,https://www.bloomberg.com/asia/telecommunications-news,real estate sector shows signs of overheating as interest rates fall,0,0,0,1,0,1,-1,0.0,0,0,0,0,0,0,neutral,False,0.75,True,233.91,5.459202462065674,68,11,5.2727272727272725,1,0,0.75,0.0
2025-06-12,gold prices surge as investors flee riskier assets,The Economist,Corporate Earnings Report,Hang Seng,-4.87,157.45,negative,Transportation,High,Samsung Electronics,https://economictimes.indiatimes.com/industry/industrials,gold prices surge as investors flee riskier assets,1,0,0,0,2,0,2,2.0,1,0,0,0,0,0,positive,False,-4.87,True,157.45,5.06543908613693,50,8,5.375,0,1,4.87,2.0
2025-08-12,"global trade talks collapse, causing market turmoil",Reuters,Stock Market Crash,NSE Nifty,-0.4,423.33,negative,Energy,Medium,JP Morgan Chase,https://www.cnbc.com/2025/10/real-estate-market-analysis,global trade talks collapse causing market turmoil,0,0,0,0,0,0,0,0.0,0,0,0,0,0,0,neutral,False,-0.4,True,423.33,6.050511454398898,50,7,6.285714285714286,0,1,0.4,0.0
2025-03-18,aerospace and defense sector sees rally amid geopolitical tensions,Seeking Alpha,Interest Rate Change,NSE Nifty,-3.45,448.79,negative,Telecommunications,Medium,JP Morgan Chase,https://www.business-standard.com/economy/trade-disputes-impact,aerospace and defense sector sees rally amid geopolitical tensions,1,0,0,0,2,0,2,2.0,1,0,0,0,0,0,positive,False,-3.45,True,448.79,6.108780807174922,66,9,6.444444444444445,0,1,3.45,2.0
2025-04-29,record-high inflation data rattles investors,Mint,Corporate Earnings Report,KOSPI,0.14,198.32,positive,Energy,High,Apple Inc.,https://www.marketwatch.com/story/consumer-goods-report,record-high inflation data rattles investors,0,0,0,0,0,0,0,0.0,0,0,0,0,0,0,neutral,False,0.14,True,198.32,5.294911573413204,44,5,8.0,1,0,0.14,0.0
2025-06-10,e-commerce earnings report beats all analyst expectations,The Hindu Business Line,IPO Launch,S&P 500,1.2,106.82,positive,Automotive,Low,Samsung Electronics,https://www.ft.com/content/currency-devaluation,e-commerce earnings report beats all analyst expectations,0,0,0,0,0,0,0,0.0,0,0,0,0,0,1,neutral,False,1.2,True,106.82,4.680463170023523,57,7,7.285714285714286,1,0,1.2,1.0
2025-06-13,market braces for a major policy announcement from the eu,Financial Times,Unemployment Rate Announcement,Russell 2000,-1.0,484.21,negative,Real Estate,Low,Samsung Electronics,https://www.wsj.com/japan/economic-data-release,market braces for a major policy announcement from the eu,0,0,0,0,0,0,0,0.0,0,0,0,0,0,0,neutral,False,-1.0,True,484.21,6.184581786915219,57,10,4.8,0,1,1.0,0.0
2025-04-09,a massive data breach sends a tech company s stock tumbling,Times of India,Inflation Data Release,ASX 200,-1.66,103.84,negative,Telecommunications,Low,ExxonMobil,https://economictimes.indiatimes.com/news/economy/unemployment-rate,a massive data breach sends a tech company s stock tumbling,0,1,0,0,0,2,-2,0.0,0,1,0,0,0,0,negative,True,-1.66,True,103.84,4.6524353784552055,59,11,4.454545454545454,0,1,1.66,1.0
2025-05-18,new ipo for a popular software firm is oversubscribed,Financial Times,Trade Tariffs Announcement,Dow Jones,-0.58,405.64,negative,Finance,Medium,JP Morgan Chase,https://www.cnbc.com/2025/08/russia-ukraine-war-economic-impact,new ipo for a popular software firm is oversubscribed,0,0,0,0,0,0,0,0.0,0,0,0,0,0,0,neutral,False,-0.58,True,405.64,6.007928273138647,53,9,5.0,0,1,0.58,0.0
2025-06-11,tech giant s new product launch sparks sector-wide gains,Investopedia,Central Bank Meeting,Russell 2000,2.06,480.73,positive,Retail,Low,Reliance Industries,https://www.forbes.com/finance/geopolitical-event-impact,tech giant s new product launch sparks sector-wide gains,0,0,0,0,0,0,0,0.0,0,0,0,0,0,0,neutral,False,2.06,True,480.73,6.177383791123922,56,9,5.333333333333333,1,0,2.06,1.0
2025-02-05,new housing data release shows a slowdown in market activity,The Motley Fool,Bond Market Fluctuation,FTSE 100,0.22,253.25,negative,Pharmaceuticals,Medium,JP Morgan Chase,https://www.wsj.com/japan/economic-data-release,new housing data release shows a slowdown in market activity,0,0,0,1,0,1,-1,0.0,0,0,0,0,0,0,neutral,True,0.22,False,253.25,5.538318034928669,60,10,5.1,1,0,0.22,0.0
2025-03-29,real estate sector shows signs of overheating as interest rates fall,Economic Times,Bond Market Fluctuation,TSX,3.3,228.75,positive,Energy,Low,Reliance Industries,https://www.forbes.com/crypto/cryptocurrency-regulation,real estate sector shows signs of overheating as interest rates fall,0,0,0,1,0,1,-1,0.0,0,0,0,0,0,0,neutral,False,3.3,True,228.75,5.436991761235796,68,11,5.2727272727272725,1,0,3.3,2.0
2025-04-16,new housing data release shows a slowdown in market activity,The Hindu Business Line,Bond Market Fluctuation,DAX,4.63,80.71,negative,Finance,Medium,Goldman Sachs,https://www.ft.com/content/geopolitical-summit,new housing data release shows a slowdown in market activity,0,0,0,1,0,1,-1,0.0,0,0,0,0,0,0,neutral,True,4.63,False,80.71,4.403176393396616,60,10,5.1,1,0,4.63,2.0
2025-05-04,"global trade talks collapse, causing market turmoil",Times of India,Currency Devaluation,BSE Sensex,3.37,454.36,positive,Utilities,Medium,Microsoft,https://www.ft.com/content/consumer-confidence-report,global trade talks collapse causing market turmoil,0,0,0,0,0,0,0,0.0,0,0,0,0,0,0,neutral,False,3.37,True,454.36,6.121088314901487,50,7,6.285714285714286,1,0,3.37,2.0
2025-07-22,geopolitical ceasefire prompts a broad market recovery,Economic Times,Cryptocurrency Regulation,Russell 2000,2.54,310.72,positive,Materials,Medium,Microsoft,https://economictimes.indiatimes.com/industry/industrials,geopolitical ceasefire prompts a broad market recovery,0,0,1,0,1,0,1,1.0,0,0,0,0,0,0,neutral,True,2.54,True,310.72,5.74210534897536,54,7,6.857142857142857,1,0,2.54,1.0
2025-02-27,new regulations on cryptocurrencies cause a market dip,Yahoo Finance,Trade Tariffs Announcement,ASX 200,2.79,278.46,positive,Telecommunications,Low,Microsoft,https://www.reuters.com/business/energy/oil-market-update,new regulations on cryptocurrencies cause a market dip,0,0,0,1,0,1,-1,0.0,0,0,0,0,0,0,neutral,False,2.79,True,278.46,5.632859169652302,54,8,5.875,1,0,2.79,1.0
2025-06-25,healthcare stocks gain on robust demand and strong outlook,MarketWatch,Interest Rate Change,IBOVESPA,,477.42,positive,Transportation,Low,Samsung Electronics,https://www.investopedia.com/articles/government-policy-announcement,healthcare stocks gain on robust demand and strong outlook,2,0,1,0,5,0,5,5.0,1,0,0,0,0,0,positive,True,,False,477.42,6.170489007782642,58,9,5.555555555555555,0,0,,
2025-05-08,central bank s dovish tone hints at future rate cuts,Barron's,Unemployment Rate Announcement,TSX,-4.15,145.65,negative,Real Estate,Medium,Tata Motors,,central bank s dovish tone hints at future rate cuts,0,0,0,0,0,0,0,0.0,0,0,0,0,0,0,neutral,False,-4.15,True,145.65,4.9880487954234605,52,10,4.3,0,1,4.15,2.0
2025-04-12,massive stock buyback program announced by a consumer goods company,Financial Times,Commodity Price Shock,DAX,-3.22,116.04,negative,Pharmaceuticals,High,Goldman Sachs,https://www.business-standard.com/finance/corporate-earnings,massive stock buyback program announced by a consumer goods company,0,0,0,0,0,0,0,0.0,0,0,0,0,0,0,neutral,False,-3.22,True,116.04,4.762515756711869,67,10,5.8,0,1,3.22,2.0
2025-06-15,bond yields tumble as investors seek safe havens,Mint,Geopolitical Event,FTSE 100,4.11,30.24,positive,Industrials,Low,ExxonMobil,https://www.ft.com/content/consumer-confidence-report,bond yields tumble as investors seek safe havens,0,1,0,0,0,2,-2,0.0,0,1,0,0,0,0,negative,False,4.11,True,30.24,3.441699324971485,48,8,5.125,1,0,4.11,2.0
2025-06-25,record-high inflation data rattles investors,CNBC,Currency Devaluation,CAC 40,4.52,74.82,positive,Pharmaceuticals,Medium,Microsoft,https://www.business-standard.com/finance/corporate-earnings,record-high inflation data rattles investors,0,0,0,0,0,0,0,0.0,0,0,0,0,0,0,neutral,False,4.52,True,74.82,4.328362110088189,44,5,8.0,1,0,4.52,2.0
2025-04-26,manufacturing pmi data signals economic expansion,Economic Times,Corporate Earnings Report,Dow Jones,-3.54,178.31,negative,Healthcare,Medium,ExxonMobil,https://www.reuters.com/markets/indices/nikkei-225,manufacturing pmi data signals economic expansion,0,0,1,0,1,0,1,1.0,0,0,0,0,0,0,neutral,False,-3.54,True,178.31,5.1891161515042725,49,6,7.333333333333333,0,1,3.54,2.0
2025-06-26,new housing data release shows a slowdown in market activity,The Motley Fool,Unemployment Rate Announcement,Euro Stoxx 50,1.08,441.77,positive,Telecommunications,Low,JP Morgan Chase,https://www.forbes.com/crypto/cryptocurrency-regulation,new housing data release shows a slowdown in market activity,0,0,0,1,0,1,-1,0.0,0,0,0,0,0,0,neutral,False,1.08,True,441.77,6.093050447861795,60,10,5.1,1,0,1.08,1.0
2025-07-15,major oil spill sends energy stocks plummeting,MarketWatch,Trade Tariffs Announcement,TSX,-3.89,237.9,negative,Aerospace & Defense,Medium,Tata Motors,https://www.forbes.com/finance/geopolitical-event-impact,major oil spill sends energy stocks plummeting,0,0,0,0,0,0,0,0.0,0,0,0,0,0,0,neutral,False,-3.89,True,237.9,5.476045054331764,46,7,5.714285714285714,0,1,3.89,2.0
2025-06-30,new housing data release shows a slowdown in market activity,Barron's,Unemployment Rate Announcement,NSE Nifty,1.89,450.92,positive,Media & Entertainment,Low,JP Morgan Chase,https://www.cnbc.com/2025/11/major-merger-deal-approved,new housing data release shows a slowdown in market activity,0,0,0,1,0,1,-1,0.0,0,0,0,0,0,0,neutral,False,1.89,True,450.92,6.113505173017007,60,10,5.1,1,0,1.89,1.0
2025-02-08,retail sales report surpasses all forecasts,Financial Times,Cryptocurrency Regulation,Dow Jones,2.29,169.39,positive,Transportation,Medium,Tesla,https://www.wsj.com/europe/regulatory-changes,retail sales report surpasses all forecasts,0,0,0,0,0,0,0,0.0,0,0,0,0,0,1,neutral,False,2.29,True,169.39,5.138089927227147,43,6,6.333333333333333,1,0,2.29,1.0
2025-02-13,government spending bill is expected to stimulate the economy,The Economist,Stock Market Crash,CAC 40,2.09,221.56,positive,Retail,Medium,Boeing,https://www.cnbc.com/2025/08/russia-ukraine-war-economic-impact,government spending bill is expected to stimulate the economy,0,0,0,0,0,0,0,0.0,0,0,0,0,0,0,neutral,False,2.09,True,221.56,5.405196728175133,61,9,5.888888888888889,1,0,2.09,1.0
2025-07-20,uk s ftse 100 sees a boost from favorable trade data,Investopedia,Commodity Price Shock,Nikkei 225,0.21,179.99,positive,Materials,Medium,Reliance Industries,https://www.reuters.com/business/retail-sector-earnings,uk s ftse 100 sees a boost from favorable trade data,0,0,2,0,2,0,2,2.0,0,0,0,0,1,0,positive,True,0.21,True,179.99,5.19844178112078,52,11,3.8181818181818183,1,0,0.21,0.0
2025-07-06,real estate sector shows signs of overheating as interest rates fall,Investopedia,Cryptocurrency Regulation,Hang Seng,2.31,439.95,positive,Telecommunications,High,Microsoft,https://timesofindia.indiatimes.com/business/markets/stock-market-crash,real estate sector shows signs of overheating as interest rates fall,0,0,0,1,0,1,-1,0.0,0,0,0,0,0,0,neutral,False,2.31,True,439.95,6.08893149033419,68,11,5.2727272727272725,1,0,2.31,1.0
2025-06-19,geopolitical ceasefire prompts a broad market recovery,Business Standard,Trade Tariffs Announcement,S&P/TSX Composite,3.78,309.67,positive,Finance,Medium,Tata Motors,https://www.wsj.com/japan/economic-data-release,geopolitical ceasefire prompts a broad market recovery,0,0,1,0,1,0,1,1.0,0,0,0,0,0,0,neutral,True,3.78,True,309.67,5.738731255573653,54,7,6.857142857142857,1,0,3.78,2.0
2025-02-19,gold prices surge as investors flee riskier assets,MarketWatch,Commodity Price Shock,Dow Jones,4.22,309.02,positive,Utilities,High,Microsoft,https://www.wsj.com/china/market-rally,gold prices surge as investors flee riskier assets,1,0,0,0,2,0,2,2.0,1,0,0,0,0,0,positive,True,4.22,True,309.02,5.736636811527148,50,8,5.375,1,0,4.22,2.0
2025-04-01,bond yields tumble as investors seek safe havens,Bloomberg,Trade Tariffs Announcement,Russell 2000,-3.58,154.84,negative,Telecommunications,Medium,Tesla,https://www.ft.com/content/consumer-confidence-report,bond yields tumble as investors seek safe havens,0,1,0,0,0,2,-2,0.0,0,1,0,0,0,0,negative,True,-3.58,True,154.84,5.048829839894225,48,8,5.125,0,1,3.58,2.0
2025-08-02,financial sector bracing for new capital requirements,Barron's,Economic Data Release,TSX,3.1,431.51,positive,Telecommunications,Medium,Samsung Electronics,https://www.bloomberg.com/asia/policy/central-bank-meeting,financial sector bracing for new capital requirements,0,0,0,0,0,0,0,0.0,0,0,0,0,0,0,neutral,False,3.1,True,431.51,6.069605447491922,53,7,6.714285714285714,1,0,3.1,2.0
2025-05-20,bond yields tumble as investors seek safe havens,MarketWatch,Interest Rate Change,ASX 200,0.95,468.22,negative,Aerospace & Defense,Medium,Boeing,https://www.cnbc.com/2025/11/major-merger-deal-approved,bond yields tumble as investors seek safe havens,0,1,0,0,0,2,-2,0.0,0,1,0,0,0,0,negative,True,0.95,False,468.22,6.1510717416168195,48,8,5.125,1,0,0.95,0.0
2025-08-03,geopolitical ceasefire prompts a broad market recovery,The Hindu Business Line,Geopolitical Event,S&P/TSX Composite,-2.92,445.03,positive,Media & Entertainment,Low,JP Morgan Chase,https://www.marketwatch.com/story/consumer-goods-report,geopolitical ceasefire prompts a broad market recovery,0,0,1,0,1,0,1,1.0,0,0,0,0,0,0,neutral,True,-2.92,False,445.03,6.100386214331895,54,7,6.857142857142857,0,1,2.92,1.0
2025-06-06,banking stocks dip after a major scandal is revealed,Wall Street Journal,Inflation Data Release,FTSE 100,-2.43,417.9,negative,Consumer Goods,Low,Samsung Electronics,https://economictimes.indiatimes.com/news/transportation,banking stocks dip after a major scandal is revealed,0,1,0,1,0,3,-3,0.0,0,1,0,0,0,0,negative,True,-2.43,True,417.9,6.037632227952989,52,9,4.888888888888889,0,1,2.43,1.0
2025-07-06,consumer confidence index reaches a decade high,Yahoo Finance,Central Bank Meeting,FTSE 100,0.38,335.2,positive,Transportation,High,Goldman Sachs,https://www.ft.com/content/tech-sector-innovation,consumer confidence index reaches a decade high,0,0,1,0,1,0,1,1.0,0,0,0,0,0,0,neutral,True,0.38,True,335.2,5.817706220974515,47,7,5.857142857142857,1,0,0.38,0.0
2025-08-02,a massive data breach sends a tech company s stock tumbling,Forbes,Commodity Price Shock,Nikkei 225,1.02,408.58,positive,Real Estate,Low,Microsoft,https://www.business-standard.com/economy/economic-stimulus,a massive data breach sends a tech company s stock tumbling,0,1,0,0,0,2,-2,0.0,0,1,0,0,0,0,negative,False,1.02,True,408.58,6.015132244408166,59,11,4.454545454545454,1,0,1.02,1.0
2025-07-06,unexpected rise in unemployment fuels market pessimism,Seeking Alpha,Regulatory Changes,IBOVESPA,-2.0,413.19,negative,Materials,Medium,Microsoft,https://www.theeconomist.com/finance-and-economics/trade-tariffs,unexpected rise in unemployment fuels market pessimism,0,0,1,0,1,0,1,1.0,0,0,0,0,0,0,neutral,False,-2.0,True,413.19,6.026324805743916,54,7,6.857142857142857,0,1,2.0,1.0
2025-02-07,consumer confidence index reaches a decade high,Investopedia,IPO Launch,KOSPI,-2.95,326.91,positive,Transportation,Low,ExxonMobil,https://www.investopedia.com/articles/government-policy-announcement,consumer confidence index reaches a decade high,0,0,1,0,1,0,1,1.0,0,0,0,0,0,0,neutral,True,-2.95,False,326.91,5.792739180488351,47,7,5.857142857142857,0,1,2.95,1.0
2025-04-13,semiconductor shortages weigh heavily on tech sector profits,Wall Street Journal,Central Bank Meeting,S&P 500,-4.85,208.71,negative,Telecommunications,High,Samsung Electronics,https://www.business-standard.com/economy/trade-disputes-impact,semiconductor shortages weigh heavily on tech sector profits,0,0,0,0,0,0,0,0.0,0,0,0,0,0,0,neutral,False,-4.85,True,208.71,5.345725623943028,60,8,6.625,0,1,4.85,2.0
2025-03-14,unexpected rise in unemployment fuels market pessimism,Yahoo Finance,Cryptocurrency Regulation,S&P/TSX Composite,1.78,182.32,positive,Construction,Low,Apple Inc.,https://www.reuters.com/markets/stocks/tech-rally,unexpected rise in unemployment fuels market pessimism,0,0,1,0,1,0,1,1.0,0,0,0,0,0,0,neutral,True,1.78,True,182.32,5.211233259640923,54,7,6.857142857142857,1,0,1.78,1.0
2025-06-28,manufacturing pmi data signals economic expansion,The Motley Fool,Stock Market Crash,Russell 2000,-1.94,379.46,negative,Real Estate,Medium,Microsoft,https://www.ft.com/content/geopolitical-summit,manufacturing pmi data signals economic expansion,0,0,1,0,1,0,1,1.0,0,0,0,0,0,0,neutral,False,-1.94,True,379.46,5.941381046939995,49,6,7.333333333333333,0,1,1.94,1.0
2025-04-27,financial sector bracing for new capital requirements,Times of India,Trade Tariffs Announcement,CAC 40,3.66,425.01,positive,Consumer Goods,Medium,Apple Inc.,https://www.marketwatch.com/story/commodities-price-shock,financial sector bracing for new capital requirements,0,0,0,0,0,0,0,0.0,0,0,0,0,0,0,neutral,False,3.66,True,425.01,6.05446282017226,53,7,6.714285714285714,1,0,3.66,2.0
2025-04-23,crude oil prices drop to a multi-year low,The Economist,Commodity Price Shock,FTSE 100,-2.83,258.36,negative,Pharmaceuticals,Medium,Goldman Sachs,,crude oil prices drop to a multi-year low,0,0,0,1,0,1,-1,0.0,0,0,0,0,0,0,neutral,True,-2.83,True,258.36,5.558217057987366,41,8,4.25,0,1,2.83,1.0
2025-05-04,quarterly report shows surprising losses for retail giants,Reuters,Bond Market Fluctuation,S&P 500,-0.56,384.68,negative,Industrials,High,JP Morgan Chase,https://www.marketwatch.com/story/commodities-price-shock,quarterly report shows surprising losses for retail giants,0,0,0,0,0,0,0,0.0,0,0,0,0,0,1,neutral,False,-0.56,True,384.68,5.955008010097367,58,8,6.375,0,1,0.56,0.0
2025-04-14,financial services stocks rally on strong profit margins,Wall Street Journal,Cryptocurrency Regulation,Hang Seng,-0.24,51.45,positive,Retail,High,Apple Inc.,https://www.moneycontrol.com/us-markets/nasdaq-composite,financial services stocks rally on strong profit margins,2,0,1,0,5,0,5,5.0,1,0,0,0,0,0,positive,True,-0.24,False,51.45,3.9598603348423063,56,8,6.125,0,1,0.24,0.0
2025-06-12,new ipo for a popular software firm is oversubscribed,CNBC,Regulatory Changes,Nasdaq Composite,1.42,385.31,positive,Utilities,High,Samsung Electronics,https://www.cnbc.com/2025/11/major-merger-deal-approved,new ipo for a popular software firm is oversubscribed,0,0,0,0,0,0,0,0.0,0,0,0,0,0,0,neutral,False,1.42,True,385.31,5.956640155953802,53,9,5.0,1,0,1.42,1.0
2025-03-08,banking stocks dip after a major scandal is revealed,Barron's,Currency Devaluation,BSE Sensex,-3.72,483.29,negative,Consumer Goods,Low,Tata Motors,https://timesofindia.indiatimes.com/business/markets/stock-market-crash,banking stocks dip after a major scandal is revealed,0,1,0,1,0,3,-3,0.0,0,1,0,0,0,0,negative,True,-3.72,True,483.29,6.182683900837548,52,9,4.888888888888889,0,1,3.72,2.0
2025-07-22,real estate sector shows signs of overheating as interest rates fall,Forbes,Market Rally,CAC 40,,113.36,negative,Real Estate,Low,Tesla,https://www.reuters.com/markets/indices/nikkei-225,real estate sector shows signs of overheating as interest rates fall,0,0,0,1,0,1,-1,0.0,0,0,0,0,0,0,neutral,True,,False,113.36,4.739351367454111,68,11,5.2727272727272725,0,0,,
2025-04-14,semiconductor shortages weigh heavily on tech sector profits,Reuters,Currency Devaluation,Russell 2000,-3.78,349.18,negative,Consumer Goods,High,Apple Inc.,https://timesofindia.indiatimes.com/business/markets/stock-market-crash,semiconductor shortages weigh heavily on tech sector profits,0,0,0,0,0,0,0,0.0,0,0,0,0,0,0,neutral,False,-3.78,True,349.18,5.858447307998171,60,8,6.625,0,1,3.78,2.0
2025-06-06,media and entertainment companies report a surge in streaming revenue,Mint,Currency Devaluation,FTSE 100,2.48,359.41,positive,Media & Entertainment,Low,Samsung Electronics,https://timesofindia.indiatimes.com/business/finance/banking-sector-news,media and entertainment companies report a surge in streaming revenue,1,0,0,0,2,0,2,2.0,1,0,0,0,0,1,positive,True,2.48,True,359.41,5.88724227229708,69,10,6.0,1,0,2.48,1.0
2025-05-26,consumer confidence index reaches a decade high,The Motley Fool,Corporate Earnings Report,S&P 500,2.1,387.49,positive,Real Estate,High,Tesla,https://economictimes.indiatimes.com/stocks/bse-sensex-plunges,consumer confidence index reaches a decade high,0,0,1,0,1,0,1,1.0,0,0,0,0,0,0,neutral,True,2.1,True,387.49,5.962267429450682,47,7,5.857142857142857,1,0,2.1,1.0
2025-06-26,quarterly report shows surprising losses for retail giants,Yahoo Finance,Stock Market Crash,ASX 200,2.29,287.88,positive,Energy,Medium,Goldman Sachs,https://www.cnbc.com/2025/12/healthcare-sector-outlook,quarterly report shows surprising losses for retail giants,0,0,0,0,0,0,0,0.0,0,0,0,0,0,1,neutral,False,2.29,True,287.88,5.666011376969203,58,8,6.375,1,0,2.29,1.0
2025-07-06,consumer confidence index reaches a decade high,Yahoo Finance,Central Bank Meeting,FTSE 100,0.38,335.2,positive,Transportation,High,Goldman Sachs,https://www.ft.com/content/tech-sector-innovation,consumer confidence index reaches a decade high,0,0,1,0,1,0,1,1.0,0,0,0,0,0,0,neutral,True,0.38,True,335.2,5.817706220974515,47,7,5.857142857142857,1,0,0.38,0.0
2025-08-12,utilities sector remains stable during market fluctuations,MarketWatch,Regulatory Changes,Russell 2000,0.49,24.27,positive,Energy,Low,ExxonMobil,https://www.moneycontrol.com/us-markets/sp-500,utilities sector remains stable during market fluctuations,0,0,0,0,0,0,0,0.0,0,0,0,0,0,0,neutral,False,0.49,True,24.27,3.2296179214001026,58,7,7.428571428571429,1,0,0.49,0.0
2025-04-25,merger talks between two banks fall through,Business Standard,Major Merger/Acquisition,CAC 40,-3.97,313.28,negative,Transportation,Low,Boeing,https://www.moneycontrol.com/india/ipo-news/new-firm-launches,merger talks between two banks fall through,0,0,0,1,0,1,-1,0.0,0,0,0,0,0,0,neutral,True,-3.97,True,313.28,5.750284308307621,43,7,5.285714285714286,0,1,3.97,2.0
2025-07-23,aerospace and defense sector sees rally amid geopolitical tensions,Forbes,Market Rally,NSE Nifty,-4.34,151.89,negative,Energy,High,ExxonMobil,https://www.cnbc.com/2025/10/real-estate-market-analysis,aerospace and defense sector sees rally amid geopolitical tensions,1,0,0,0,2,0,2,2.0,1,0,0,0,0,0,positive,False,-4.34,True,151.89,5.029718708572522,66,9,6.444444444444445,0,1,4.34,2.0
2025-08-06,unexpected rise in unemployment fuels market pessimism,The Economist,Commodity Price Shock,Nikkei 225,1.42,176.99,positive,Real Estate,Medium,Reliance Industries,https://www.moneycontrol.com/us-markets/dow-jones-industrial,unexpected rise in unemployment fuels market pessimism,0,0,1,0,1,0,1,1.0,0,0,0,0,0,0,neutral,True,1.42,True,176.99,5.181727368938661,54,7,6.857142857142857,1,0,1.42,1.0
2025-08-13,unexpected rise in unemployment fuels market pessimism,Bloomberg,IPO Launch,S&P/TSX Composite,-3.55,215.25,negative,Finance,Low,Reliance Industries,https://economictimes.indiatimes.com/news/transportation,unexpected rise in unemployment fuels market pessimism,0,0,1,0,1,0,1,1.0,0,0,0,0,0,0,neutral,False,-3.55,True,215.25,5.376435145811989,54,7,6.857142857142857,0,1,3.55,2.0
2025-08-13,financial services stocks rally on strong profit margins,Reuters,Market Rally,ASX 200,-3.59,398.17,negative,Construction,High,ExxonMobil,https://www.reuters.com/markets/stocks/tech-rally,financial services stocks rally on strong profit margins,2,0,1,0,5,0,5,5.0,1,0,0,0,0,0,positive,False,-3.59,True,398.17,5.989387391312783,56,8,6.125,0,1,3.59,2.0
2025-06-21,e-commerce earnings report beats all analyst expectations,Financial Times,Currency Devaluation,BSE Sensex,3.27,190.83,positive,Retail,High,Samsung Electronics,https://www.wsj.com/japan/economic-data-release,e-commerce earnings report beats all analyst expectations,0,0,0,0,0,0,0,0.0,0,0,0,0,0,1,neutral,False,3.27,True,190.83,5.256609563148246,57,7,7.285714285714286,1,0,3.27,2.0
2025-05-28,unexpected rise in unemployment fuels market pessimism,Bloomberg,Government Policy Announcement,Russell 2000,0.41,443.86,positive,Automotive,High,Apple Inc.,https://www.wsj.com/china/market-rally,unexpected rise in unemployment fuels market pessimism,0,0,1,0,1,0,1,1.0,0,0,0,0,0,0,neutral,True,0.41,True,443.86,6.097759625925584,54,7,6.857142857142857,1,0,0.41,0.0
2025-03-01,asx 200 gains on strong export performance,Financial Times,Bond Market Fluctuation,CAC 40,2.63,90.87,positive,Telecommunications,Medium,Tata Motors,https://www.business-standard.com/international-business/trade-policy,asx 200 gains on strong export performance,1,0,0,0,2,0,2,2.0,1,0,0,0,1,0,positive,True,2.63,True,90.87,4.520374534283375,42,7,5.142857142857143,1,0,2.63,1.0
2025-07-30,pharmaceutical company s drug approval drives stock upward,Seeking Alpha,Major Merger/Acquisition,NSE Nifty,2.33,159.38,positive,Materials,High,Samsung Electronics,https://timesofindia.indiatimes.com/business/corporate-governance,pharmaceutical company s drug approval drives stock upward,0,0,2,0,2,0,2,2.0,0,0,0,0,0,0,positive,True,2.33,True,159.38,5.0775459993788825,58,8,6.375,1,0,2.33,1.0
2025-04-11,asx 200 gains on strong export performance,Wall Street Journal,Inflation Data Release,S&P/TSX Composite,,49.83,positive,Telecommunications,Low,Reliance Industries,https://www.moneycontrol.com/us-markets/dow-jones-industrial,asx 200 gains on strong export performance,1,0,0,0,2,0,2,2.0,1,0,0,0,1,0,positive,True,,False,49.83,3.928486731458811,42,7,5.142857142857143,0,0,,
2025-04-28,central bank governor signals potential shift in policy,The Economist,Central Bank Meeting,Russell 2000,-1.41,109.02,negative,Media & Entertainment,Medium,Microsoft,https://economictimes.indiatimes.com/stocks/bse-sensex-plunges,central bank governor signals potential shift in policy,0,0,0,0,0,0,0,0.0,0,0,0,0,0,0,neutral,False,-1.41,True,109.02,4.700662167447312,55,8,6.0,0,1,1.41,1.0
2025-03-11,crude oil prices drop to a multi-year low,Financial Times,Unemployment Rate Announcement,S&P/TSX Composite,3.22,23.95,negative,Agriculture,Low,Apple Inc.,https://economictimes.indiatimes.com/stocks/bse-sensex-plunges,crude oil prices drop to a multi-year low,0,0,0,1,0,1,-1,0.0,0,0,0,0,0,0,neutral,True,3.22,False,23.95,3.2168738221975275,41,8,4.25,1,0,3.22,2.0
2025-07-11,retail sales report surpasses all forecasts,The Economist,Regulatory Changes,Dow Jones,-2.32,144.84,negative,Aerospace & Defense,High,Apple Inc.,,retail sales report surpasses all forecasts,0,0,0,0,0,0,0,0.0,0,0,0,0,0,1,neutral,False,-2.32,True,144.84,4.982510130370407,43,6,6.333333333333333,0,1,2.32,1.0
2025-06-17,mining company stock surges on commodity price boom,Business Standard,Cryptocurrency Regulation,Nikkei 225,-3.56,495.79,negative,Consumer Goods,Medium,ExxonMobil,https://www.reuters.com/business/retail-sector-earnings,mining company stock surges on commodity price boom,1,0,0,0,2,0,2,2.0,1,0,0,0,0,0,positive,False,-3.56,True,495.79,6.208167401592205,51,8,5.5,0,1,3.56,2.0
2025-05-12,banking stocks dip after a major scandal is revealed,MarketWatch,Currency Devaluation,Shanghai Composite,3.89,208.79,negative,Aerospace & Defense,Medium,Tesla,https://www.reuters.com/markets/indices/ftse-100,banking stocks dip after a major scandal is revealed,0,1,0,1,0,3,-3,0.0,0,1,0,0,0,0,negative,True,3.89,False,208.79,5.346107030383885,52,9,4.888888888888889,1,0,3.89,2.0
2025-06-01,federal reserve chairman s speech causes market volatility,Economic Times,Supply Chain Disruption,ASX 200,-0.66,426.34,negative,Media & Entertainment,Low,Tesla,https://www.wsj.com/europe/dax-performance,federal reserve chairman s speech causes market volatility,0,0,0,0,0,0,0,0.0,0,0,0,0,0,0,neutral,False,-0.66,True,426.34,6.057579949314842,58,8,6.375,0,1,0.66,0.0
2025-03-21,geopolitical ceasefire prompts a broad market recovery,Mint,IPO Launch,Nikkei 225,-1.56,170.85,positive,Healthcare,High,Tata Motors,https://www.reuters.com/markets/indices/nikkei-225,geopolitical ceasefire prompts a broad market recovery,0,0,1,0,1,0,1,1.0,0,0,0,0,0,0,neutral,True,-1.56,False,170.85,5.1466220032958425,54,7,6.857142857142857,0,1,1.56,1.0
2025-05-12,pharmaceutical company s drug approval drives stock upward,The Motley Fool,Bond Market Fluctuation,Russell 2000,-1.61,499.83,positive,Agriculture,Low,Boeing,,pharmaceutical company s drug approval drives stock upward,0,0,2,0,2,0,2,2.0,0,0,0,0,0,0,positive,True,-1.61,False,499.83,6.216266722145061,58,8,6.375,0,1,1.61,1.0
2025-03-09,record-high inflation data rattles investors,MarketWatch,Central Bank Meeting,Russell 2000,1.5,43.94,positive,Industrials,Low,Boeing,https://www.marketwatch.com/story/consumer-goods-report,record-high inflation data rattles investors,0,0,0,0,0,0,0,0.0,0,0,0,0,0,0,neutral,False,1.5,True,43.94,3.8053282667571833,44,5,8.0,1,0,1.5,1.0
2025-04-30,market sentiment turns positive on vaccine trial results,MarketWatch,Geopolitical Event,BSE Sensex,-0.7,75.6,positive,Retail,Medium,Reliance Industries,https://www.wsj.com/china/market-regulation,market sentiment turns positive on vaccine trial results,0,0,1,0,1,0,1,1.0,0,0,0,0,0,0,neutral,True,-0.7,False,75.6,4.338597076746545,56,8,6.125,0,1,0.7,0.0
2025-05-30,media and entertainment companies report a surge in streaming revenue,The Motley Fool,Interest Rate Change,Nasdaq Composite,-4.3,199.42,negative,Agriculture,High,JP Morgan Chase,https://www.cnbc.com/2025/09/automotive-industry-trends,media and entertainment companies report a surge in streaming revenue,1,0,0,0,2,0,2,2.0,1,0,0,0,0,1,positive,False,-4.3,True,199.42,5.3004151646301825,69,10,6.0,0,1,4.3,2.0
2025-05-03,market braces for a major policy announcement from the eu,CNBC,Government Policy Announcement,S&P 500,-4.67,365.72,negative,Real Estate,Medium,Apple Inc.,https://www.cnbc.com/2025/10/real-estate-market-analysis,market braces for a major policy announcement from the eu,0,0,0,0,0,0,0,0.0,0,0,0,0,0,0,neutral,False,-4.67,True,365.72,5.9045986140863205,57,10,4.8,0,1,4.67,2.0
2025-07-04,asx 200 gains on strong export performance,Times of India,Market Rally,ASX 200,2.95,433.44,positive,Media & Entertainment,Low,Tesla,https://www.ft.com/content/tech-sector-innovation,asx 200 gains on strong export performance,1,0,0,0,2,0,2,2.0,1,0,0,0,1,0,positive,True,2.95,True,433.44,6.0740578454118355,42,7,5.142857142857143,1,0,2.95,1.0
2025-07-04,mining company stock surges on commodity price boom,Financial Times,Central Bank Meeting,DAX,3.47,136.35,positive,Agriculture,Medium,Tata Motors,https://www.investopedia.com/articles/government-policy-announcement,mining company stock surges on commodity price boom,1,0,0,0,2,0,2,2.0,1,0,0,0,0,0,positive,True,3.47,True,136.35,4.922532412541283,51,8,5.5,1,0,3.47,2.0
2025-07-19,retail sales report surpasses all forecasts,Barron's,IPO Launch,Dow Jones,-1.6,195.39,negative,Transportation,Low,Samsung Electronics,https://www.bloomberg.com/australia/asx-200-performance,retail sales report surpasses all forecasts,0,0,0,0,0,0,0,0.0,0,0,0,0,0,1,neutral,False,-1.6,True,195.39,5.280102478127132,43,6,6.333333333333333,0,1,1.6,1.0
2025-07-17,geopolitical ceasefire prompts a broad market recovery,Forbes,Bond Market Fluctuation,CAC 40,-1.06,172.24,negative,Industrials,High,Tesla,https://www.cnbc.com/2025/08/russia-ukraine-war-economic-impact,geopolitical ceasefire prompts a broad market recovery,0,0,1,0,1,0,1,1.0,0,0,0,0,0,0,neutral,False,-1.06,True,172.24,5.154677916346426,54,7,6.857142857142857,0,1,1.06,1.0
2025-02-28,record-high inflation data rattles investors,Reuters,IPO Launch,Nasdaq Composite,-3.29,421.72,negative,Telecommunications,Low,JP Morgan Chase,https://www.theeconomist.com/finance-and-economics/trade-tariffs,record-high inflation data rattles investors,0,0,0,0,0,0,0,0.0,0,0,0,0,0,0,neutral,False,-3.29,True,421.72,6.04671002133396,44,5,8.0,0,1,3.29,2.0
2025-07-24,major technology firm acquires a smaller rival in a multi-billion dollar deal,CNBC,Commodity Price Shock,Russell 2000,-3.22,161.85,negative,Telecommunications,High,Tesla,https://www.wsj.com/japan/economic-data-release,major technology firm acquires a smaller rival in a multi-billion dollar deal,0,0,0,0,0,0,0,0.0,0,0,0,1,0,0,neutral,False,-3.22,True,161.85,5.092829531722242,77,12,5.5,0,1,3.22,2.0
2025-03-31,automotive industry faces headwinds from rising material costs,The Hindu Business Line,Bond Market Fluctuation,S&P 500,4.2,334.44,positive,Agriculture,High,Reliance Industries,https://www.business-standard.com/economy/inflation-data,automotive industry faces headwinds from rising material costs,0,0,0,0,0,0,0,0.0,0,0,0,0,0,0,neutral,False,4.2,True,334.44,5.815443102862507,62,8,6.875,1,0,4.2,2.0
2025-02-13,pharmaceutical company s drug approval drives stock upward,Business Standard,Currency Devaluation,Nasdaq Composite,4.96,2.5,positive,Transportation,Medium,Boeing,https://www.ft.com/content/currency-devaluation,pharmaceutical company s drug approval drives stock upward,0,0,2,0,2,0,2,2.0,0,0,0,0,0,0,positive,True,4.96,True,2.5,1.252762968495368,58,8,6.375,1,0,4.96,2.0
2025-04-02,major technology firm acquires a smaller rival in a multi-billion dollar deal,Barron's,Inflation Data Release,Shanghai Composite,4.41,448.6,positive,Aerospace & Defense,High,Samsung Electronics,https://www.bloomberg.com/australia/asx-200-performance,major technology firm acquires a smaller rival in a multi-billion dollar deal,0,0,0,0,0,0,0,0.0,0,0,0,1,0,0,neutral,False,4.41,True,448.6,6.108358298579481,77,12,5.5,1,0,4.41,2.0
2025-04-25,central bank s dovish tone hints at future rate cuts,Financial Times,Corporate Earnings Report,Nikkei 225,1.13,191.56,positive,Automotive,High,ExxonMobil,https://economictimes.indiatimes.com/news/transportation,central bank s dovish tone hints at future rate cuts,0,0,0,0,0,0,0,0.0,0,0,0,0,0,0,neutral,False,1.13,True,191.56,5.260407793474816,52,10,4.3,1,0,1.13,1.0
2025-03-14,new regulations on cryptocurrencies cause a market dip,Barron's,Major Merger/Acquisition,NSE Nifty,3.3,484.19,negative,Materials,Low,Tata Motors,https://www.reuters.com/business/energy/oil-market-update,new regulations on cryptocurrencies cause a market dip,0,0,0,1,0,1,-1,0.0,0,0,0,0,0,0,neutral,True,3.3,False,484.19,6.184540566799797,54,8,5.875,1,0,3.3,2.0
2025-08-01,tech giant s new product launch sparks sector-wide gains,Times of India,Cryptocurrency Regulation,Dow Jones,-2.88,241.25,negative,Construction,Low,Goldman Sachs,https://www.business-standard.com/economy/economic-stimulus,tech giant s new product launch sparks sector-wide gains,0,0,0,0,0,0,0,0.0,0,0,0,0,0,0,neutral,False,-2.88,True,241.25,5.489970250770876,56,9,5.333333333333333,0,1,2.88,1.0
2025-07-20,new regulations on cryptocurrencies cause a market dip,Bloomberg,Government Policy Announcement,S&P 500,0.75,461.51,negative,Real Estate,Low,JP Morgan Chase,https://www.ft.com/content/currency-devaluation,new regulations on cryptocurrencies cause a market dip,0,0,0,1,0,1,-1,0.0,0,0,0,0,0,0,neutral,True,0.75,False,461.51,6.136668178340358,54,8,5.875,1,0,0.75,0.0
2025-06-05,market sentiment turns positive on vaccine trial results,Bloomberg,Stock Market Crash,FTSE 100,-0.99,331.54,negative,Materials,High,Goldman Sachs,https://www.forbes.com/crypto/cryptocurrency-regulation,market sentiment turns positive on vaccine trial results,0,0,1,0,1,0,1,1.0,0,0,0,0,0,0,neutral,False,-0.99,True,331.54,5.806760153612234,56,8,6.125,0,1,0.99,0.0
2025-08-05,energy company s dividend hike excites shareholders,Forbes,Bond Market Fluctuation,CAC 40,-2.89,92.67,negative,Pharmaceuticals,Low,Reliance Industries,,energy company s dividend hike excites shareholders,0,0,0,0,0,0,0,0.0,0,0,0,0,0,0,neutral,False,-2.89,True,92.67,4.539777967221039,51,7,6.428571428571429,0,1,2.89,1.0
2025-04-28,pharmaceutical company s drug approval drives stock upward,Barron's,Commodity Price Shock,Russell 2000,-4.99,321.23,positive,Technology,Low,Microsoft,https://www.business-standard.com/economy/economic-stimulus,pharmaceutical company s drug approval drives stock upward,0,0,2,0,2,0,2,2.0,0,0,0,0,0,0,positive,True,-4.99,False,321.23,5.775265576278065,58,8,6.375,0,1,4.99,2.0
2025-04-22,quarterly report shows surprising losses for retail giants,The Hindu Business Line,Inflation Data Release,DAX,2.62,383.81,positive,Consumer Goods,High,Samsung Electronics,https://www.reuters.com/business/retail-sector-earnings,quarterly report shows surprising losses for retail giants,0,0,0,0,0,0,0,0.0,0,0,0,0,0,1,neutral,False,2.62,True,383.81,5.952749705979869,58,8,6.375,1,0,2.62,1.0
2025-07-04,a massive data breach sends a tech company s stock tumbling,Bloomberg,Government Policy Announcement,S&P 500,4.39,258.05,positive,Aerospace & Defense,Low,Tata Motors,https://www.wsj.com/europe/dax-performance,a massive data breach sends a tech company s stock tumbling,0,1,0,0,0,2,-2,0.0,0,1,0,0,0,0,negative,False,4.39,True,258.05,5.557021093260797,59,11,4.454545454545454,1,0,4.39,2.0
2025-04-27,financial sector bracing for new capital requirements,Times of India,Trade Tariffs Announcement,CAC 40,3.66,425.01,positive,Consumer Goods,Medium,Apple Inc.,https://www.marketwatch.com/story/commodities-price-shock,financial sector bracing for new capital requirements,0,0,0,0,0,0,0,0.0,0,0,0,0,0,0,neutral,False,3.66,True,425.01,6.05446282017226,53,7,6.714285714285714,1,0,3.66,2.0
2025-06-25,government policy shift boosts renewable energy sector,MarketWatch,IPO Launch,S&P 500,0.42,273.05,positive,Real Estate,Low,Microsoft,https://www.wsj.com/europe/dax-performance,government policy shift boosts renewable energy sector,0,0,0,0,0,0,0,0.0,0,0,0,0,0,0,neutral,False,0.42,True,273.05,5.613310571492126,54,7,6.857142857142857,1,0,0.42,0.0
2025-02-04,banking stocks dip after a major scandal is revealed,Times of India,Central Bank Meeting,IBOVESPA,-0.03,211.73,negative,Retail,Low,Tata Motors,https://www.bloomberg.com/asia/telecommunications-news,banking stocks dip after a major scandal is revealed,0,1,0,1,0,3,-3,0.0,0,1,0,0,0,0,negative,True,-0.03,True,211.73,5.360023755984015,52,9,4.888888888888889,0,1,0.03,0.0
2025-07-12,media and entertainment companies report a surge in streaming revenue,Reuters,Trade Tariffs Announcement,Nasdaq Composite,-3.91,281.33,negative,Consumer Goods,Low,Samsung Electronics,https://www.ft.com/content/currency-devaluation,media and entertainment companies report a surge in streaming revenue,1,0,0,0,2,0,2,2.0,1,0,0,0,0,1,positive,False,-3.91,True,281.33,5.643076599538806,69,10,6.0,0,1,3.91,2.0
2025-02-23,manufacturing pmi data signals economic expansion,Yahoo Finance,Central Bank Meeting,IBOVESPA,-3.95,498.21,positive,Utilities,High,Goldman Sachs,https://www.bloomberg.com/asia/policy/central-bank-meeting,manufacturing pmi data signals economic expansion,0,0,1,0,1,0,1,1.0,0,0,0,0,0,0,neutral,True,-3.95,False,498.21,6.213026848905861,49,6,7.333333333333333,0,1,3.95,2.0
2025-02-21,central bank maintains status quo on interest rates,MarketWatch,Bond Market Fluctuation,CAC 40,2.53,380.83,positive,Media & Entertainment,Low,Apple Inc.,https://www.moneycontrol.com/us-markets/sp-500,central bank maintains status quo on interest rates,0,0,0,0,0,0,0,0.0,0,0,0,0,0,0,neutral,False,2.53,True,380.83,5.944975483375027,51,8,5.5,1,0,2.53,1.0
2025-05-06,government spending bill is expected to stimulate the economy,Financial Times,Central Bank Meeting,Dow Jones,-2.47,96.2,negative,Finance,High,Boeing,https://www.moneycontrol.com/us-markets/nasdaq-composite,government spending bill is expected to stimulate the economy,0,0,0,0,0,0,0,0.0,0,0,0,0,0,0,neutral,False,-2.47,True,96.2,4.576770711466393,61,9,5.888888888888889,0,1,2.47,1.0
2025-03-03,asx 200 gains on strong export performance,Economic Times,Interest Rate Change,Nasdaq Composite,-2.35,152.65,negative,Telecommunications,Low,Boeing,https://www.forbes.com/crypto/cryptocurrency-regulation,asx 200 gains on strong export performance,1,0,0,0,2,0,2,2.0,1,0,0,0,1,0,positive,False,-2.35,True,152.65,5.034677288576494,42,7,5.142857142857143,0,1,2.35,1.0
2025-04-21,market braces for a major policy announcement from the eu,MarketWatch,Cryptocurrency Regulation,DAX,-4.85,145.93,negative,Agriculture,Low,Apple Inc.,https://www.theeconomist.com/finance-and-economics/trade-tariffs,market braces for a major policy announcement from the eu,0,0,0,0,0,0,0,0.0,0,0,0,0,0,0,neutral,False,-4.85,True,145.93,4.989956282887855,57,10,4.8,0,1,4.85,2.0
2025-07-03,uk s ftse 100 sees a boost from favorable trade data,MarketWatch,Government Policy Announcement,Shanghai Composite,,141.86,positive,Energy,Medium,Goldman Sachs,https://www.bloomberg.com/canada/tsunami-warnings,uk s ftse 100 sees a boost from favorable trade data,0,0,2,0,2,0,2,2.0,0,0,0,0,1,0,positive,True,,False,141.86,4.961865129726826,52,11,3.8181818181818183,0,0,,
2025-03-25,semiconductor shortages weigh heavily on tech sector profits,Economic Times,Bond Market Fluctuation,S&P 500,-1.39,372.88,negative,Transportation,Low,Boeing,https://www.moneycontrol.com/us-markets/sp-500,semiconductor shortages weigh heavily on tech sector profits,0,0,0,0,0,0,0,0.0,0,0,0,0,0,0,neutral,False,-1.39,True,372.88,5.923934890314382,60,8,6.625,0,1,1.39,1.0
2025-06-13,mining company stock surges on commodity price boom,Bloomberg,Trade Tariffs Announcement,ASX 200,-0.79,327.65,negative,Pharmaceuticals,High,Apple Inc.,https://www.reuters.com/markets/indices/ftse-100,mining company stock surges on commodity price boom,1,0,0,0,2,0,2,2.0,1,0,0,0,0,0,positive,False,-0.79,True,327.65,5.794993354709585,51,8,5.5,0,1,0.79,0.0
2025-05-10,healthcare stocks gain on robust demand and strong outlook,Forbes,Cryptocurrency Regulation,Euro Stoxx 50,2.36,404.0,positive,Energy,High,Reliance Industries,https://www.ft.com/content/media-entertainment-merger,healthcare stocks gain on robust demand and strong outlook,2,0,1,0,5,0,5,5.0,1,0,0,0,0,0,positive,True,2.36,True,404.0,6.003887067106539,58,9,5.555555555555555,1,0,2.36,1.0
2025-05-28,major technology firm acquires a smaller rival in a multi-billion dollar deal,Reuters,Supply Chain Disruption,Nikkei 225,0.38,14.02,positive,Construction,High,Samsung Electronics,https://www.cnbc.com/2025/09/automotive-industry-trends,major technology firm acquires a smaller rival in a multi-billion dollar deal,0,0,0,0,0,0,0,0.0,0,0,0,1,0,0,neutral,False,0.38,True,14.02,2.7093826463359885,77,12,5.5,1,0,0.38,0.0
2025-07-03,new ipo for a popular software firm is oversubscribed,Business Standard,Stock Market Crash,Nikkei 225,-4.88,304.61,negative,Construction,Low,Microsoft,https://www.business-standard.com/international-business/trade-policy,new ipo for a popular software firm is oversubscribed,0,0,0,0,0,0,0,0.0,0,0,0,0,0,0,neutral,False,-4.88,True,304.61,5.722309779270085,53,9,5.0,0,1,4.88,2.0
2025-03-14,unexpected rise in unemployment fuels market pessimism,Yahoo Finance,Cryptocurrency Regulation,S&P/TSX Composite,1.78,182.32,positive,Construction,Low,Apple Inc.,https://www.reuters.com/markets/stocks/tech-rally,unexpected rise in unemployment fuels market pessimism,0,0,1,0,1,0,1,1.0,0,0,0,0,0,0,neutral,True,1.78,True,182.32,5.211233259640923,54,7,6.857142857142857,1,0,1.78,1.0
2025-04-09,merger talks between two banks fall through,Barron's,Commodity Price Shock,DAX,4.3,220.09,positive,Finance,Low,Boeing,https://www.moneycontrol.com/india/ipo-news/new-firm-launches,merger talks between two banks fall through,0,0,0,1,0,1,-1,0.0,0,0,0,0,0,0,neutral,False,4.3,True,220.09,5.398569858437128,43,7,5.285714285714286,1,0,4.3,2.0
2025-06-14,pharmaceutical company s drug approval drives stock upward,Barron's,Interest Rate Change,IBOVESPA,4.98,457.49,positive,Media & Entertainment,Medium,Tesla,https://www.ft.com/content/tech-sector-innovation,pharmaceutical company s drug approval drives stock upward,0,0,2,0,2,0,2,2.0,0,0,0,0,0,0,positive,True,4.98,True,457.49,6.127938481207854,58,8,6.375,1,0,4.98,2.0
2025-08-02,unexpected rise in unemployment fuels market pessimism,Mint,Bond Market Fluctuation,Nasdaq Composite,1.04,490.23,positive,Media & Entertainment,Medium,Apple Inc.,https://economictimes.indiatimes.com/news/economy/unemployment-rate,unexpected rise in unemployment fuels market pessimism,0,0,1,0,1,0,1,1.0,0,0,0,0,0,0,neutral,True,1.04,True,490.23,6.1969124498865025,54,7,6.857142857142857,1,0,1.04,1.0
2025-04-27,healthcare stocks gain on robust demand and strong outlook,Bloomberg,Interest Rate Change,Russell 2000,-3.86,214.24,negative,Materials,Medium,ExxonMobil,https://timesofindia.indiatimes.com/business/markets/stock-market-crash,healthcare stocks gain on robust demand and strong outlook,2,0,1,0,5,0,5,5.0,1,0,0,0,0,0,positive,False,-3.86,True,214.24,5.371753684621219,58,9,5.555555555555555,0,1,3.86,2.0
2025-03-08,real estate sector shows signs of overheating as interest rates fall,The Hindu Business Line,Commodity Price Shock,TSX,0.62,462.05,negative,Telecommunications,Medium,Tesla,https://economictimes.indiatimes.com/industry/industrials,real estate sector shows signs of overheating as interest rates fall,0,0,0,1,0,1,-1,0.0,0,0,0,0,0,0,neutral,True,0.62,False,462.05,6.137835039616278,68,11,5.2727272727272725,1,0,0.62,0.0
2025-04-05,supply chain issues impact manufacturing sector earnings,The Hindu Business Line,Inflation Data Release,BSE Sensex,0.27,159.32,positive,Pharmaceuticals,High,JP Morgan Chase,https://www.forbes.com/crypto/cryptocurrency-regulation,supply chain issues impact manufacturing sector earnings,0,0,0,0,0,0,0,0.0,0,0,0,0,0,0,neutral,False,0.27,True,159.32,5.0771718178965,56,7,7.142857142857143,1,0,0.27,0.0
2025-07-19,utilities sector remains stable during market fluctuations,Barron's,Market Rally,Shanghai Composite,-1.34,173.06,negative,Retail,Medium,ExxonMobil,https://timesofindia.indiatimes.com/business/corporate-governance,utilities sector remains stable during market fluctuations,0,0,0,0,0,0,0,0.0,0,0,0,0,0,0,neutral,False,-1.34,True,173.06,5.159400067361368,58,7,7.428571428571429,0,1,1.34,1.0
2025-06-07,mining company stock surges on commodity price boom,The Hindu Business Line,Commodity Price Shock,FTSE 100,0.95,462.08,positive,Aerospace & Defense,Low,Apple Inc.,https://timesofindia.indiatimes.com/business/finance/banking-sector-news,mining company stock surges on commodity price boom,1,0,0,0,2,0,2,2.0,1,0,0,0,0,0,positive,True,0.95,True,462.08,6.137899825337528,51,8,5.5,1,0,0.95,0.0
2025-05-16,healthcare stocks gain on robust demand and strong outlook,Forbes,Bond Market Fluctuation,S&P/TSX Composite,-2.16,416.62,positive,Industrials,Medium,Apple Inc.,https://timesofindia.indiatimes.com/business/markets/stock-market-crash,healthcare stocks gain on robust demand and strong outlook,2,0,1,0,5,0,5,5.0,1,0,0,0,0,0,positive,True,-2.16,False,416.62,6.034571928141916,58,9,5.555555555555555,0,1,2.16,1.0
2025-07-16,semiconductor shortages weigh heavily on tech sector profits,Times of India,IPO Launch,TSX,-2.03,154.89,negative,Healthcare,High,ExxonMobil,https://www.bloomberg.com/canada/tsunami-warnings,semiconductor shortages weigh heavily on tech sector profits,0,0,0,0,0,0,0,0.0,0,0,0,0,0,0,neutral,False,-2.03,True,154.89,5.04915063032459,60,8,6.625,0,1,2.03,1.0
2025-04-03,energy company s dividend hike excites shareholders,Investopedia,Stock Market Crash,Dow Jones,-3.19,51.61,negative,Utilities,Low,Reliance Industries,https://www.business-standard.com/international-business/trade-policy,energy company s dividend hike excites shareholders,0,0,0,0,0,0,0,0.0,0,0,0,0,0,0,neutral,False,-3.19,True,51.61,3.962906215742716,51,7,6.428571428571429,0,1,3.19,2.0
2025-05-10,manufacturing pmi data signals economic expansion,CNBC,Trade Tariffs Announcement,NSE Nifty,-2.92,490.14,negative,Media & Entertainment,Medium,Reliance Industries,https://www.business-standard.com/international-business/trade-policy,manufacturing pmi data signals economic expansion,0,0,1,0,1,0,1,1.0,0,0,0,0,0,0,neutral,False,-2.92,True,490.14,6.1967292195349,49,6,7.333333333333333,0,1,2.92,1.0
2025-04-30,consumer discretionary stocks outperform as spending increases,Times of India,Government Policy Announcement,Hang Seng,-4.94,244.06,negative,Consumer Goods,Medium,Goldman Sachs,https://www.bloomberg.com/asia/policy/central-bank-meeting,consumer discretionary stocks outperform as spending increases,1,0,0,0,2,0,2,2.0,1,0,0,0,0,0,positive,False,-4.94,True,244.06,5.5015030785213,62,7,8.0,0,1,4.94,2.0
2025-04-23,financial services stocks rally on strong profit margins,The Motley Fool,Trade Tariffs Announcement,ASX 200,,428.77,positive,Automotive,High,Goldman Sachs,https://timesofindia.indiatimes.com/business/corporate-governance,financial services stocks rally on strong profit margins,2,0,1,0,5,0,5,5.0,1,0,0,0,0,0,positive,True,,False,428.77,6.0632501818653495,56,8,6.125,0,0,,
2025-05-16,real estate sector shows signs of overheating as interest rates fall,Bloomberg,Economic Data Release,Euro Stoxx 50,0.02,343.83,positive,Pharmaceuticals,Low,JP Morgan Chase,https://economictimes.indiatimes.com/news/economy/unemployment-rate,real estate sector shows signs of overheating as interest rates fall,0,0,0,1,0,1,-1,0.0,0,0,0,0,0,0,neutral,False,0.02,True,343.83,5.843051541965209,68,11,5.2727272727272725,1,0,0.02,0.0
2025-08-07,new housing data release shows a slowdown in market activity,The Economist,Corporate Earnings Report,Nikkei 225,-4.06,404.42,negative,Energy,Medium,Boeing,https://www.wsj.com/europe/regulatory-changes,new housing data release shows a slowdown in market activity,0,0,0,1,0,1,-1,0.0,0,0,0,0,0,0,neutral,True,-4.06,True,404.42,6.004923566792138,60,10,5.1,0,1,4.06,2.0
2025-07-31,merger talks between two banks fall through,Reuters,Trade Tariffs Announcement,Nasdaq Composite,-1.17,178.21,negative,Pharmaceuticals,Medium,Tesla,https://www.wsj.com/china/market-regulation,merger talks between two banks fall through,0,0,0,1,0,1,-1,0.0,0,0,0,0,0,0,neutral,True,-1.17,True,178.21,5.188558302555298,43,7,5.285714285714286,0,1,1.17,1.0
2025-04-09,a massive data breach sends a tech company s stock tumbling,Bloomberg,Central Bank Meeting,DAX,-2.23,493.35,negative,Agriculture,Low,JP Morgan Chase,https://www.business-standard.com/economy/economic-stimulus,a massive data breach sends a tech company s stock tumbling,0,1,0,0,0,2,-2,0.0,0,1,0,0,0,0,negative,True,-2.23,True,493.35,6.203243768343142,59,11,4.454545454545454,0,1,2.23,1.0
2025-06-23,record-high inflation data rattles investors,The Economist,Major Merger/Acquisition,FTSE 100,-4.37,87.34,negative,Technology,Low,Apple Inc.,https://www.marketwatch.com/story/commodities-price-shock,record-high inflation data rattles investors,0,0,0,0,0,0,0,0.0,0,0,0,0,0,0,neutral,False,-4.37,True,87.34,4.481193006168381,44,5,8.0,0,1,4.37,2.0
2025-04-29,central bank governor signals potential shift in policy,Business Standard,Regulatory Changes,BSE Sensex,4.6,177.54,positive,Healthcare,Low,Tesla,https://www.cnbc.com/2025/08/russia-ukraine-war-economic-impact,central bank governor signals potential shift in policy,0,0,0,0,0,0,0,0.0,0,0,0,0,0,0,neutral,False,4.6,True,177.54,5.184812665751216,55,8,6.0,1,0,4.6,2.0
2025-04-29,record-high inflation data rattles investors,Mint,Corporate Earnings Report,KOSPI,0.14,198.32,positive,Energy,High,Apple Inc.,https://www.marketwatch.com/story/consumer-goods-report,record-high inflation data rattles investors,0,0,0,0,0,0,0,0.0,0,0,0,0,0,0,neutral,False,0.14,True,198.32,5.294911573413204,44,5,8.0,1,0,0.14,0.0
2025-03-30,consumer discretionary stocks outperform as spending increases,Business Standard,Stock Market Crash,S&P/TSX Composite,-3.02,455.37,negative,Telecommunications,Low,Goldman Sachs,https://www.bloomberg.com/australia/asx-200-performance,consumer discretionary stocks outperform as spending increases,1,0,0,0,2,0,2,2.0,1,0,0,0,0,0,positive,False,-3.02,True,455.37,6.123303884013292,62,7,8.0,0,1,3.02,2.0
2025-05-19,financial sector bracing for new capital requirements,Forbes,Inflation Data Release,NSE Nifty,4.7,474.23,positive,Transportation,High,JP Morgan Chase,https://www.ft.com/content/consumer-confidence-report,financial sector bracing for new capital requirements,0,0,0,0,0,0,0,0.0,0,0,0,0,0,0,neutral,False,4.7,True,474.23,6.163798897368869,53,7,6.714285714285714,1,0,4.7,2.0
2025-02-11,uk s ftse 100 sees a boost from favorable trade data,Forbes,Geopolitical Event,Russell 2000,-0.78,223.88,positive,Industrials,High,Tata Motors,https://www.wsj.com/europe/regulatory-changes,uk s ftse 100 sees a boost from favorable trade data,0,0,2,0,2,0,2,2.0,0,0,0,0,1,0,positive,True,-0.78,False,223.88,5.415566926598276,52,11,3.8181818181818183,0,1,0.78,0.0
2025-05-30,banking stocks dip after a major scandal is revealed,CNBC,Geopolitical Event,Euro Stoxx 50,-1.46,129.22,negative,Automotive,Medium,Tesla,https://www.reuters.com/markets/indices/nikkei-225,banking stocks dip after a major scandal is revealed,0,1,0,1,0,3,-3,0.0,0,1,0,0,0,0,negative,True,-1.46,True,129.22,4.869225327808716,52,9,4.888888888888889,0,1,1.46,1.0
2025-04-11,china s shanghai composite falls after new trade restrictions,Barron's,Interest Rate Change,Dow Jones,2.38,302.56,positive,Retail,Low,Tata Motors,https://www.forbes.com/crypto/cryptocurrency-regulation,china s shanghai composite falls after new trade restrictions,0,0,0,0,0,0,0,0.0,0,0,0,0,0,0,neutral,False,2.38,True,302.56,5.715579284535712,61,9,5.888888888888889,1,0,2.38,1.0
2025-07-10,central bank maintains status quo on interest rates,The Motley Fool,Supply Chain Disruption,KOSPI,-2.45,233.12,negative,Automotive,High,JP Morgan Chase,https://www.cnbc.com/2025/12/healthcare-sector-outlook,central bank maintains status quo on interest rates,0,0,0,0,0,0,0,0.0,0,0,0,0,0,0,neutral,False,-2.45,True,233.12,5.45583380442302,51,8,5.5,0,1,2.45,1.0
2025-05-10,merger talks between two banks fall through,Wall Street Journal,Trade Tariffs Announcement,FTSE 100,3.88,343.93,positive,Agriculture,Medium,Samsung Electronics,https://www.ft.com/content/media-entertainment-merger,merger talks between two banks fall through,0,0,0,1,0,1,-1,0.0,0,0,0,0,0,0,neutral,False,3.88,True,343.93,5.843341497893939,43,7,5.285714285714286,1,0,3.88,2.0
2025-07-09,merger talks between two banks fall through,Economic Times,Supply Chain Disruption,FTSE 100,-1.52,214.09,negative,Materials,High,Reliance Industries,,merger talks between two banks fall through,0,0,0,1,0,1,-1,0.0,0,0,0,0,0,0,neutral,True,-1.52,True,214.09,5.371056545188342,43,7,5.285714285714286,0,1,1.52,1.0
2025-02-28,mining company stock surges on commodity price boom,The Motley Fool,Consumer Confidence Report,CAC 40,-1.06,355.42,positive,Aerospace & Defense,Medium,Boeing,https://www.wsj.com/china/market-rally,mining company stock surges on commodity price boom,1,0,0,0,2,0,2,2.0,1,0,0,0,0,0,positive,True,-1.06,False,355.42,5.876109810744953,51,8,5.5,0,1,1.06,1.0
2025-06-27,tech giant s new product launch sparks sector-wide gains,Seeking Alpha,Unemployment Rate Announcement,Nasdaq Composite,-0.43,265.05,negative,Consumer Goods,Medium,JP Morgan Chase,https://economictimes.indiatimes.com/industry/industrials,tech giant s new product launch sparks sector-wide gains,0,0,0,0,0,0,0,0.0,0,0,0,0,0,0,neutral,False,-0.43,True,265.05,5.583684261042379,56,9,5.333333333333333,0,1,0.43,0.0
2025-04-16,market braces for a major policy announcement from the eu,Mint,Cryptocurrency Regulation,DAX,2.37,222.77,positive,Healthcare,High,Tata Motors,https://www.forbes.com/crypto/cryptocurrency-regulation,market braces for a major policy announcement from the eu,0,0,0,0,0,0,0,0.0,0,0,0,0,0,0,neutral,False,2.37,True,222.77,5.410618738635182,57,10,4.8,1,0,2.37,1.0
2025-05-29,new ipo for a popular software firm is oversubscribed,The Economist,Bond Market Fluctuation,Euro Stoxx 50,3.85,305.32,positive,Aerospace & Defense,High,JP Morgan Chase,https://www.moneycontrol.com/us-markets/dow-jones-industrial,new ipo for a popular software firm is oversubscribed,0,0,0,0,0,0,0,0.0,0,0,0,0,0,0,neutral,False,3.85,True,305.32,5.724630307169039,53,9,5.0,1,0,3.85,2.0
2025-04-03,nikkei 225 index benefits from a weaker yen,MarketWatch,Government Policy Announcement,DAX,-1.67,242.03,negative,Energy,Medium,Tesla,https://timesofindia.indiatimes.com/business/markets/stock-market-crash,nikkei 225 index benefits from a weaker yen,0,0,0,0,0,0,0,0.0,0,0,0,0,1,0,neutral,False,-1.67,True,242.03,5.493184892510509,43,8,4.5,0,1,1.67,1.0
2025-08-06,nikkei 225 index benefits from a weaker yen,Economic Times,Stock Market Crash,Nasdaq Composite,-2.19,103.48,negative,Real Estate,Low,Reliance Industries,https://www.wsj.com/china/market-regulation,nikkei 225 index benefits from a weaker yen,0,0,0,0,0,0,0,0.0,0,0,0,0,1,0,neutral,False,-2.19,True,103.48,4.648995665528121,43,8,4.5,0,1,2.19,1.0
2025-06-29,major technology firm acquires a smaller rival in a multi-billion dollar deal,Wall Street Journal,Major Merger/Acquisition,Euro Stoxx 50,0.92,354.46,positive,Pharmaceuticals,High,Apple Inc.,https://www.cnbc.com/2025/10/real-estate-market-analysis,major technology firm acquires a smaller rival in a multi-billion dollar deal,0,0,0,0,0,0,0,0.0,0,0,0,1,0,0,neutral,False,0.92,True,354.46,5.873412725331845,77,12,5.5,1,0,0.92,0.0
2025-06-28,energy company s dividend hike excites shareholders,Mint,Bond Market Fluctuation,FTSE 100,-3.9,482.35,negative,Agriculture,Medium,Tata Motors,https://timesofindia.indiatimes.com/business/agriculture-sector,energy company s dividend hike excites shareholders,0,0,0,0,0,0,0,0.0,0,0,0,0,0,0,neutral,False,-3.9,True,482.35,6.180741028910615,51,7,6.428571428571429,0,1,3.9,2.0
2025-08-08,central bank s dovish tone hints at future rate cuts,The Hindu Business Line,Supply Chain Disruption,DAX,-0.26,74.8,negative,Pharmaceuticals,Medium,ExxonMobil,https://www.ft.com/content/consumer-confidence-report,central bank s dovish tone hints at future rate cuts,0,0,0,0,0,0,0,0.0,0,0,0,0,0,0,neutral,False,-0.26,True,74.8,4.328098292648326,52,10,4.3,0,1,0.26,0.0
2025-04-25,central bank s dovish tone hints at future rate cuts,Financial Times,Corporate Earnings Report,Nikkei 225,1.13,191.56,positive,Automotive,High,ExxonMobil,https://economictimes.indiatimes.com/news/transportation,central bank s dovish tone hints at future rate cuts,0,0,0,0,0,0,0,0.0,0,0,0,0,0,0,neutral,False,1.13,True,191.56,5.260407793474816,52,10,4.3,1,0,1.13,1.0
2025-02-06,geopolitical ceasefire prompts a broad market recovery,Mint,IPO Launch,FTSE 100,0.58,415.52,positive,Media & Entertainment,Low,Microsoft,https://www.ft.com/content/currency-devaluation,geopolitical ceasefire prompts a broad market recovery,0,0,1,0,1,0,1,1.0,0,0,0,0,0,0,neutral,True,0.58,True,415.52,6.031934479661695,54,7,6.857142857142857,1,0,0.58,0.0
2025-02-06,central bank s dovish tone hints at future rate cuts,MarketWatch,Stock Market Crash,KOSPI,-1.34,229.28,negative,Energy,High,Reliance Industries,https://www.reuters.com/markets/indices/ftse-100,central bank s dovish tone hints at future rate cuts,0,0,0,0,0,0,0,0.0,0,0,0,0,0,0,neutral,False,-1.34,True,229.28,5.439295959807609,52,10,4.3,0,1,1.34,1.0
2025-06-10,new regulations on cryptocurrencies cause a market dip,The Motley Fool,Economic Data Release,BSE Sensex,-0.82,281.38,negative,Automotive,Low,Microsoft,https://www.moneycontrol.com/us-markets/nasdaq-composite,new regulations on cryptocurrencies cause a market dip,0,0,0,1,0,1,-1,0.0,0,0,0,0,0,0,neutral,True,-0.82,True,281.38,5.643253681581379,54,8,5.875,0,1,0.82,0.0
2025-06-01,new housing data release shows a slowdown in market activity,Wall Street Journal,Currency Devaluation,Dow Jones,0.51,226.72,positive,Telecommunications,Medium,Goldman Sachs,https://timesofindia.indiatimes.com/business/markets/stock-market-crash,new housing data release shows a slowdown in market activity,0,0,0,1,0,1,-1,0.0,0,0,0,0,0,0,neutral,False,0.51,True,226.72,5.428116804082881,60,10,5.1,1,0,0.51,0.0
2025-05-03,new regulations on cryptocurrencies cause a market dip,Mint,Geopolitical Event,FTSE 100,0.77,304.43,negative,Utilities,Low,Tata Motors,https://www.ft.com/content/currency-devaluation,new regulations on cryptocurrencies cause a market dip,0,0,0,1,0,1,-1,0.0,0,0,0,0,0,0,neutral,True,0.77,False,304.43,5.721720619787214,54,8,5.875,1,0,0.77,0.0
2025-06-14,pharmaceutical company s drug approval drives stock upward,Barron's,Interest Rate Change,IBOVESPA,4.98,457.49,positive,Media & Entertainment,Medium,Tesla,https://www.ft.com/content/tech-sector-innovation,pharmaceutical company s drug approval drives stock upward,0,0,2,0,2,0,2,2.0,0,0,0,0,0,0,positive,True,4.98,True,457.49,6.127938481207854,58,8,6.375,1,0,4.98,2.0
2025-05-25,market braces for a major policy announcement from the eu,Seeking Alpha,Stock Market Crash,S&P 500,0.61,286.49,positive,Pharmaceuticals,Medium,Tesla,https://www.moneycontrol.com/us-markets/nasdaq-composite,market braces for a major policy announcement from the eu,0,0,0,0,0,0,0,0.0,0,0,0,0,0,0,neutral,False,0.61,True,286.49,5.66118807702378,57,10,4.8,1,0,0.61,0.0
2025-04-29,nikkei 225 index benefits from a weaker yen,Seeking Alpha,Currency Devaluation,FTSE 100,-0.23,370.72,negative,Industrials,Medium,Boeing,https://www.business-standard.com/economy/trade-disputes-impact,nikkei 225 index benefits from a weaker yen,0,0,0,0,0,0,0,0.0,0,0,0,0,1,0,neutral,False,-0.23,True,370.72,5.918140882689139,43,8,4.5,0,1,0.23,0.0
2025-02-18,major oil spill sends energy stocks plummeting,The Motley Fool,Central Bank Meeting,S&P 500,1.73,261.37,positive,Industrials,Low,Microsoft,https://www.bloomberg.com/australia/asx-200-performance,major oil spill sends energy stocks plummeting,0,0,0,0,0,0,0,0.0,0,0,0,0,0,0,neutral,False,1.73,True,261.37,5.569755721265552,46,7,5.714285714285714,1,0,1.73,1.0
2025-04-16,massive stock buyback program announced by a consumer goods company,Seeking Alpha,Trade Tariffs Announcement,CAC 40,-0.06,241.84,negative,Agriculture,Medium,Reliance Industries,https://www.business-standard.com/economy/economic-stimulus,massive stock buyback program announced by a consumer goods company,0,0,0,0,0,0,0,0.0,0,0,0,0,0,0,neutral,False,-0.06,True,241.84,5.492402790262234,67,10,5.8,0,1,0.06,0.0
2025-06-26,asx 200 gains on strong export performance,The Hindu Business Line,Government Policy Announcement,Euro Stoxx 50,-4.13,457.84,positive,Utilities,Medium,Microsoft,https://www.bloomberg.com/middle-east/news/bond-market-fluctuation,asx 200 gains on strong export performance,1,0,0,0,2,0,2,2.0,1,0,0,0,1,0,positive,True,-4.13,False,457.84,6.128701565413067,42,7,5.142857142857143,0,1,4.13,2.0
2025-04-22,quarterly report shows surprising losses for retail giants,The Hindu Business Line,Inflation Data Release,DAX,2.62,383.81,positive,Consumer Goods,High,Samsung Electronics,https://www.reuters.com/business/retail-sector-earnings,quarterly report shows surprising losses for retail giants,0,0,0,0,0,0,0,0.0,0,0,0,0,0,1,neutral,False,2.62,True,383.81,5.952749705979869,58,8,6.375,1,0,2.62,1.0
2025-08-12,new ipo for a popular software firm is oversubscribed,Business Standard,Corporate Earnings Report,NSE Nifty,4.6,439.13,positive,Retail,Medium,Reliance Industries,https://www.bloomberg.com/asia/policy/central-bank-meeting,new ipo for a popular software firm is oversubscribed,0,0,0,0,0,0,0,0.0,0,0,0,0,0,0,neutral,False,4.6,True,439.13,6.087070137819662,53,9,5.0,1,0,4.6,2.0
2025-05-01,government policy shift boosts renewable energy sector,Forbes,Currency Devaluation,DAX,-3.03,452.82,negative,Pharmaceuticals,Medium,Goldman Sachs,https://economictimes.indiatimes.com/news/transportation,government policy shift boosts renewable energy sector,0,0,0,0,0,0,0,0.0,0,0,0,0,0,0,neutral,False,-3.03,True,452.82,6.117700643653124,54,7,6.857142857142857,0,1,3.03,2.0
2025-05-23,major technology firm acquires a smaller rival in a multi-billion dollar deal,Seeking Alpha,Consumer Confidence Report,Russell 2000,0.78,181.68,positive,Construction,Low,Apple Inc.,https://www.reuters.com/business/retail-sector-earnings,major technology firm acquires a smaller rival in a multi-billion dollar deal,0,0,0,0,0,0,0,0.0,0,0,0,1,0,0,neutral,False,0.78,True,181.68,5.207735988316799,77,12,5.5,1,0,0.78,0.0
2025-04-11,asx 200 gains on strong export performance,Wall Street Journal,Inflation Data Release,S&P/TSX Composite,,49.83,positive,Telecommunications,Low,Reliance Industries,https://www.moneycontrol.com/us-markets/dow-jones-industrial,asx 200 gains on strong export performance,1,0,0,0,2,0,2,2.0,1,0,0,0,1,0,positive,True,,False,49.83,3.928486731458811,42,7,5.142857142857143,0,0,,
2025-07-25,healthcare stocks gain on robust demand and strong outlook,Barron's,Regulatory Changes,NSE Nifty,-3.07,418.37,negative,Agriculture,Medium,Boeing,https://www.forbes.com/crypto/cryptocurrency-regulation,healthcare stocks gain on robust demand and strong outlook,2,0,1,0,5,0,5,5.0,1,0,0,0,0,0,positive,False,-3.07,True,418.37,6.038753585151147,58,9,5.555555555555555,0,1,3.07,2.0
2025-05-10,merger talks between two banks fall through,Wall Street Journal,Trade Tariffs Announcement,FTSE 100,3.88,343.93,positive,Agriculture,Medium,Samsung Electronics,https://www.ft.com/content/media-entertainment-merger,merger talks between two banks fall through,0,0,0,1,0,1,-1,0.0,0,0,0,0,0,0,neutral,False,3.88,True,343.93,5.843341497893939,43,7,5.285714285714286,1,0,3.88,2.0
2025-03-19,new regulations on cryptocurrencies cause a market dip,Barron's,Consumer Confidence Report,Shanghai Composite,1.81,393.65,positive,Agriculture,Low,Reliance Industries,https://www.wsj.com/china/market-regulation,new regulations on cryptocurrencies cause a market dip,0,0,0,1,0,1,-1,0.0,0,0,0,0,0,0,neutral,False,1.81,True,393.65,5.977999296154412,54,8,5.875,1,0,1.81,1.0
2025-04-28,pharmaceutical company s drug approval drives stock upward,Barron's,Commodity Price Shock,Russell 2000,-4.99,321.23,positive,Technology,Low,Microsoft,https://www.business-standard.com/economy/economic-stimulus,pharmaceutical company s drug approval drives stock upward,0,0,2,0,2,0,2,2.0,0,0,0,0,0,0,positive,True,-4.99,False,321.23,5.775265576278065,58,8,6.375,0,1,4.99,2.0
2025-05-27,consumer confidence index reaches a decade high,Reuters,Bond Market Fluctuation,ASX 200,,416.71,positive,Industrials,Medium,JP Morgan Chase,https://www.bloomberg.com/asia/policy/central-bank-meeting,consumer confidence index reaches a decade high,0,0,1,0,1,0,1,1.0,0,0,0,0,0,0,neutral,True,,False,416.71,6.034787411843801,47,7,5.857142857142857,0,0,,
2025-02-20,consumer confidence index reaches a decade high,The Motley Fool,Currency Devaluation,S&P/TSX Composite,-0.9,175.54,positive,Industrials,Low,Microsoft,https://www.cnbc.com/2025/08/russia-ukraine-war-economic-impact,consumer confidence index reaches a decade high,0,0,1,0,1,0,1,1.0,0,0,0,0,0,0,neutral,True,-0.9,False,175.54,5.173547479592087,47,7,5.857142857142857,0,1,0.9,0.0
2025-05-27,record-high inflation data rattles investors,Yahoo Finance,Government Policy Announcement,Nikkei 225,2.99,108.41,positive,Telecommunications,Low,Boeing,https://www.reuters.com/business/energy/oil-market-update,record-high inflation data rattles investors,0,0,0,0,0,0,0,0.0,0,0,0,0,0,0,neutral,False,2.99,True,108.41,4.695102293488699,44,5,8.0,1,0,2.99,1.0
2025-08-13,bond yields tumble as investors seek safe havens,The Motley Fool,Bond Market Fluctuation,Nikkei 225,1.49,488.07,negative,Utilities,Medium,Boeing,https://www.marketwatch.com/story/consumer-goods-report,bond yields tumble as investors seek safe havens,0,1,0,0,0,2,-2,0.0,0,1,0,0,0,0,negative,True,1.49,False,488.07,6.192505628514245,48,8,5.125,1,0,1.49,1.0
2025-07-10,federal reserve chairman s speech causes market volatility,Economic Times,Trade Tariffs Announcement,DAX,-0.49,289.73,negative,Media & Entertainment,Low,Tata Motors,https://www.reuters.com/markets/indices/ftse-100,federal reserve chairman s speech causes market volatility,0,0,0,0,0,0,0,0.0,0,0,0,0,0,0,neutral,False,-0.49,True,289.73,5.672395001414569,58,8,6.375,0,1,0.49,0.0
2025-07-04,asx 200 gains on strong export performance,Times of India,Market Rally,ASX 200,2.95,433.44,positive,Media & Entertainment,Low,Tesla,https://www.ft.com/content/tech-sector-innovation,asx 200 gains on strong export performance,1,0,0,0,2,0,2,2.0,1,0,0,0,1,0,positive,True,2.95,True,433.44,6.0740578454118355,42,7,5.142857142857143,1,0,2.95,1.0
2025-07-01,massive stock buyback program announced by a consumer goods company,Bloomberg,Unemployment Rate Announcement,IBOVESPA,2.0,322.86,positive,Materials,Medium,Tata Motors,https://www.moneycontrol.com/india/ipo-news/new-firm-launches,massive stock buyback program announced by a consumer goods company,0,0,0,0,0,0,0,0.0,0,0,0,0,0,0,neutral,False,2.0,True,322.86,5.780311323645325,67,10,5.8,1,0,2.0,1.0
2025-07-13,new ipo for a popular software firm is oversubscribed,The Economist,Regulatory Changes,Euro Stoxx 50,1.49,362.13,positive,Aerospace & Defense,High,Tesla,https://www.wsj.com/europe/dax-performance,new ipo for a popular software firm is oversubscribed,0,0,0,0,0,0,0,0.0,0,0,0,0,0,0,neutral,False,1.49,True,362.13,5.894760896874546,53,9,5.0,1,0,1.49,1.0
2025-05-12,financial services stocks rally on strong profit margins,The Economist,Geopolitical Event,S&P/TSX Composite,-2.84,157.93,negative,Energy,High,JP Morgan Chase,https://www.wsj.com/japan/economic-data-release,financial services stocks rally on strong profit margins,2,0,1,0,5,0,5,5.0,1,0,0,0,0,0,positive,False,-2.84,True,157.93,5.068463853708728,56,8,6.125,0,1,2.84,1.0
2025-02-19,major oil spill sends energy stocks plummeting,CNBC,Consumer Confidence Report,Dow Jones,-2.04,384.22,negative,Consumer Goods,Medium,Reliance Industries,https://www.marketwatch.com/story/commodities-price-shock,major oil spill sends energy stocks plummeting,0,0,0,0,0,0,0,0.0,0,0,0,0,0,0,neutral,False,-2.04,True,384.22,5.953814599656076,46,7,5.714285714285714,0,1,2.04,1.0
2025-05-03,major technology firm acquires a smaller rival in a multi-billion dollar deal,Economic Times,Central Bank Meeting,Dow Jones,1.97,306.39,positive,Consumer Goods,High,Apple Inc.,https://timesofindia.indiatimes.com/business/markets/stock-market-crash,major technology firm acquires a smaller rival in a multi-billion dollar deal,0,0,0,0,0,0,0,0.0,0,0,0,1,0,0,neutral,False,1.97,True,306.39,5.728117299670995,77,12,5.5,1,0,1.97,1.0
2025-02-24,banking stocks dip after a major scandal is revealed,Financial Times,Inflation Data Release,Nikkei 225,1.14,360.16,negative,Finance,High,Reliance Industries,https://www.ft.com/content/tech-sector-innovation,banking stocks dip after a major scandal is revealed,0,1,0,1,0,3,-3,0.0,0,1,0,0,0,0,negative,True,1.14,False,360.16,5.8893210734392785,52,9,4.888888888888889,1,0,1.14,1.0
2025-04-16,china s shanghai composite falls after new trade restrictions,The Motley Fool,Consumer Confidence Report,KOSPI,3.27,383.29,positive,Technology,High,Boeing,https://www.moneycontrol.com/us-markets/sp-500,china s shanghai composite falls after new trade restrictions,0,0,0,0,0,0,0,0.0,0,0,0,0,0,0,neutral,False,3.27,True,383.29,5.9513974758947406,61,9,5.888888888888889,1,0,3.27,2.0
2025-05-10,uk s ftse 100 sees a boost from favorable trade data,Wall Street Journal,Central Bank Meeting,ASX 200,-3.88,196.81,negative,Transportation,Medium,Tata Motors,https://timesofindia.indiatimes.com/business/markets/stock-market-crash,uk s ftse 100 sees a boost from favorable trade data,0,0,2,0,2,0,2,2.0,0,0,0,0,1,0,positive,False,-3.88,True,196.81,5.2873069740279846,52,11,3.8181818181818183,0,1,3.88,2.0
2025-05-09,consumer confidence index reaches a decade high,Business Standard,Corporate Earnings Report,FTSE 100,-0.45,77.41,negative,Automotive,Medium,Samsung Electronics,https://www.moneycontrol.com/us-markets/sp-500,consumer confidence index reaches a decade high,0,0,1,0,1,0,1,1.0,0,0,0,0,0,0,neutral,False,-0.45,True,77.41,4.361951470242831,47,7,5.857142857142857,0,1,0.45,0.0
2025-06-28,central bank s dovish tone hints at future rate cuts,Investopedia,Interest Rate Change,KOSPI,3.89,237.12,positive,Transportation,High,Boeing,https://www.business-standard.com/economy/inflation-data,central bank s dovish tone hints at future rate cuts,0,0,0,0,0,0,0,0.0,0,0,0,0,0,0,neutral,False,3.89,True,237.12,5.47277474828519,52,10,4.3,1,0,3.89,2.0
2025-03-16,government spending bill is expected to stimulate the economy,Financial Times,Commodity Price Shock,CAC 40,-2.74,460.8,negative,Media & Entertainment,Medium,Tata Motors,https://www.reuters.com/markets/indices/nikkei-225,government spending bill is expected to stimulate the economy,0,0,0,0,0,0,0,0.0,0,0,0,0,0,0,neutral,False,-2.74,True,460.8,6.135131896920395,61,9,5.888888888888889,0,1,2.74,1.0
2025-04-02,nikkei 225 index benefits from a weaker yen,Investopedia,Bond Market Fluctuation,ASX 200,-3.13,354.58,negative,Aerospace & Defense,High,Tesla,https://timesofindia.indiatimes.com/business/corporate-governance,nikkei 225 index benefits from a weaker yen,0,0,0,0,0,0,0,0.0,0,0,0,0,1,0,neutral,False,-3.13,True,354.58,5.873750259088426,43,8,4.5,0,1,3.13,2.0
2025-03-05,new regulations on cryptocurrencies cause a market dip,Financial Times,Interest Rate Change,Dow Jones,-0.37,120.3,negative,Transportation,High,Samsung Electronics,https://www.reuters.com/markets/stocks/tech-rally,new regulations on cryptocurrencies cause a market dip,0,0,0,1,0,1,-1,0.0,0,0,0,0,0,0,neutral,True,-0.37,True,120.3,4.798266815950004,54,8,5.875,0,1,0.37,0.0
2025-06-29,new housing data release shows a slowdown in market activity,MarketWatch,Commodity Price Shock,NSE Nifty,5.0,487.76,negative,Healthcare,Medium,Goldman Sachs,https://www.ft.com/content/consumer-confidence-report,new housing data release shows a slowdown in market activity,0,0,0,1,0,1,-1,0.0,0,0,0,0,0,0,neutral,True,5.0,False,487.76,6.1918715714483215,60,10,5.1,1,0,5.0,2.0
2025-04-16,media and entertainment companies report a surge in streaming revenue,Times of India,Government Policy Announcement,Euro Stoxx 50,-4.65,35.54,positive,Retail,Low,Microsoft,https://www.moneycontrol.com/us-markets/nasdaq-composite,media and entertainment companies report a surge in streaming revenue,1,0,0,0,2,0,2,2.0,1,0,0,0,0,1,positive,True,-4.65,False,35.54,3.5984075509498608,69,10,6.0,0,1,4.65,2.0
2025-02-16,market braces for a major policy announcement from the eu,Economic Times,Currency Devaluation,IBOVESPA,-0.25,118.85,negative,Healthcare,High,Reliance Industries,https://www.investopedia.com/articles/supply-chain-disruption,market braces for a major policy announcement from the eu,0,0,0,0,0,0,0,0.0,0,0,0,0,0,0,neutral,False,-0.25,True,118.85,4.786240960880393,57,10,4.8,0,1,0.25,0.0
2025-02-19,gold prices surge as investors flee riskier assets,MarketWatch,Commodity Price Shock,Dow Jones,4.22,309.02,positive,Utilities,High,Microsoft,https://www.wsj.com/china/market-rally,gold prices surge as investors flee riskier assets,1,0,0,0,2,0,2,2.0,1,0,0,0,0,0,positive,True,4.22,True,309.02,5.736636811527148,50,8,5.375,1,0,4.22,2.0
2025-03-19,supply chain issues impact manufacturing sector earnings,Yahoo Finance,Government Policy Announcement,Nasdaq Composite,-3.68,461.81,negative,Pharmaceuticals,Low,Boeing,https://www.moneycontrol.com/us-markets/sp-500,supply chain issues impact manufacturing sector earnings,0,0,0,0,0,0,0,0.0,0,0,0,0,0,0,neutral,False,-3.68,True,461.81,6.137316602691958,56,7,7.142857142857143,0,1,3.68,2.0
2025-07-04,financial services stocks rally on strong profit margins,Business Standard,Market Rally,CAC 40,-3.23,133.32,negative,Transportation,High,Samsung Electronics,https://economictimes.indiatimes.com/news/transportation,financial services stocks rally on strong profit margins,2,0,1,0,5,0,5,5.0,1,0,0,0,0,0,positive,False,-3.23,True,133.32,4.900225012769285,56,8,6.125,0,1,3.23,2.0
2025-02-06,crude oil prices drop to a multi-year low,The Economist,Stock Market Crash,Euro Stoxx 50,2.22,36.12,positive,Aerospace & Defense,Medium,Apple Inc.,https://www.reuters.com/business/energy/oil-market-update,crude oil prices drop to a multi-year low,0,0,0,1,0,1,-1,0.0,0,0,0,0,0,0,neutral,False,2.22,True,36.12,3.6141559079179997,41,8,4.25,1,0,2.22,1.0
2025-06-08,geopolitical ceasefire prompts a broad market recovery,CNBC,Interest Rate Change,NSE Nifty,-0.52,25.93,positive,Media & Entertainment,Low,Samsung Electronics,https://www.wsj.com/europe/regulatory-changes,geopolitical ceasefire prompts a broad market recovery,0,0,1,0,1,0,1,1.0,0,0,0,0,0,0,neutral,True,-0.52,False,25.93,3.2932409068235073,54,7,6.857142857142857,0,1,0.52,0.0
2025-03-17,banking stocks dip after a major scandal is revealed,MarketWatch,Economic Data Release,Russell 2000,0.8,387.74,negative,Energy,Low,Apple Inc.,https://www.ft.com/content/consumer-confidence-report,banking stocks dip after a major scandal is revealed,0,1,0,1,0,3,-3,0.0,0,1,0,0,0,0,negative,True,0.8,False,387.74,5.962910739689921,52,9,4.888888888888889,1,0,0.8,0.0
2025-06-14,consumer confidence index reaches a decade high,Wall Street Journal,Currency Devaluation,Shanghai Composite,,130.02,positive,Agriculture,Low,Samsung Electronics,https://www.cnbc.com/2025/08/russia-ukraine-war-economic-impact,consumer confidence index reaches a decade high,0,0,1,0,1,0,1,1.0,0,0,0,0,0,0,neutral,True,,False,130.02,4.87534998330373,47,7,5.857142857142857,0,0,,
2025-02-24,consumer discretionary stocks outperform as spending increases,The Motley Fool,Supply Chain Disruption,Russell 2000,4.99,176.58,positive,Utilities,High,Reliance Industries,https://www.business-standard.com/international-business/trade-policy,consumer discretionary stocks outperform as spending increases,1,0,0,0,2,0,2,2.0,1,0,0,0,0,0,positive,True,4.99,True,176.58,5.179421211604181,62,7,8.0,1,0,4.99,2.0
2025-07-19,crude oil prices drop to a multi-year low,Yahoo Finance,Central Bank Meeting,CAC 40,-4.24,220.4,negative,Materials,High,Boeing,https://www.business-standard.com/finance/corporate-earnings,crude oil prices drop to a multi-year low,0,0,0,1,0,1,-1,0.0,0,0,0,0,0,0,neutral,True,-4.24,True,220.4,5.399971020274537,41,8,4.25,0,1,4.24,2.0
2025-02-02,utilities sector remains stable during market fluctuations,The Motley Fool,Unemployment Rate Announcement,Hang Seng,3.84,150.87,positive,Automotive,High,Microsoft,https://www.reuters.com/business/energy/oil-market-update,utilities sector remains stable during market fluctuations,0,0,0,0,0,0,0,0.0,0,0,0,0,0,0,neutral,False,3.84,True,150.87,5.023024891742178,58,7,7.428571428571429,1,0,3.84,2.0
2025-07-23,real estate sector shows signs of overheating as interest rates fall,Mint,Economic Data Release,DAX,3.03,5.3,negative,Energy,Medium,Tata Motors,https://www.moneycontrol.com/us-markets/dow-jones-industrial,real estate sector shows signs of overheating as interest rates fall,0,0,0,1,0,1,-1,0.0,0,0,0,0,0,0,neutral,True,3.03,False,5.3,1.840549633397487,68,11,5.2727272727272725,1,0,3.03,2.0
2025-06-28,energy company s dividend hike excites shareholders,Seeking Alpha,Government Policy Announcement,TSX,2.24,118.73,positive,Aerospace & Defense,Medium,Goldman Sachs,https://www.bloomberg.com/asia/telecommunications-news,energy company s dividend hike excites shareholders,0,0,0,0,0,0,0,0.0,0,0,0,0,0,0,neutral,False,2.24,True,118.73,4.785239207728752,51,7,6.428571428571429,1,0,2.24,1.0
2025-03-14,unexpected rise in unemployment fuels market pessimism,Yahoo Finance,Cryptocurrency Regulation,S&P/TSX Composite,1.78,182.32,positive,Construction,Low,Apple Inc.,https://www.reuters.com/markets/stocks/tech-rally,unexpected rise in unemployment fuels market pessimism,0,0,1,0,1,0,1,1.0,0,0,0,0,0,0,neutral,True,1.78,True,182.32,5.211233259640923,54,7,6.857142857142857,1,0,1.78,1.0
2025-07-18,government spending bill is expected to stimulate the economy,Forbes,Corporate Earnings Report,S&P 500,1.22,172.11,positive,Consumer Goods,High,Tesla,https://www.reuters.com/business/energy/oil-market-update,government spending bill is expected to stimulate the economy,0,0,0,0,0,0,0,0.0,0,0,0,0,0,0,neutral,False,1.22,True,172.11,5.153927230588638,61,9,5.888888888888889,1,0,1.22,1.0
2025-04-19,pharmaceutical company s drug approval drives stock upward,The Economist,Currency Devaluation,TSX,-2.29,385.77,positive,Technology,High,ExxonMobil,https://www.bloomberg.com/canada/tsunami-warnings,pharmaceutical company s drug approval drives stock upward,0,0,2,0,2,0,2,2.0,0,0,0,0,0,0,positive,True,-2.29,False,385.77,5.957830201108994,58,8,6.375,0,1,2.29,1.0
2025-04-09,merger talks between two banks fall through,Barron's,Commodity Price Shock,DAX,4.3,220.09,positive,Finance,Low,Boeing,https://www.moneycontrol.com/india/ipo-news/new-firm-launches,merger talks between two banks fall through,0,0,0,1,0,1,-1,0.0,0,0,0,0,0,0,neutral,False,4.3,True,220.09,5.398569858437128,43,7,5.285714285714286,1,0,4.3,2.0
2025-05-01,"global trade talks collapse, causing market turmoil",The Economist,Regulatory Changes,Shanghai Composite,-1.98,437.35,negative,Real Estate,Low,Reliance Industries,https://www.reuters.com/business/retail-sector-earnings,global trade talks collapse causing market turmoil,0,0,0,0,0,0,0,0.0,0,0,0,0,0,0,neutral,False,-1.98,True,437.35,6.083017678034595,50,7,6.285714285714286,0,1,1.98,1.0
2025-03-09,central bank s dovish tone hints at future rate cuts,The Motley Fool,Bond Market Fluctuation,S&P/TSX Composite,0.38,145.66,positive,Industrials,Medium,Microsoft,https://www.ft.com/content/geopolitical-summit,central bank s dovish tone hints at future rate cuts,0,0,0,0,0,0,0,0.0,0,0,0,0,0,0,neutral,False,0.38,True,145.66,4.9881169826656535,52,10,4.3,1,0,0.38,0.0
2025-05-15,market sentiment turns positive on vaccine trial results,Seeking Alpha,Regulatory Changes,FTSE 100,-1.94,73.99,positive,Technology,High,Samsung Electronics,https://www.cnbc.com/2025/09/automotive-industry-trends,market sentiment turns positive on vaccine trial results,0,0,1,0,1,0,1,1.0,0,0,0,0,0,0,neutral,True,-1.94,False,73.99,4.317354771313298,56,8,6.125,0,1,1.94,1.0
2025-05-17,utilities sector remains stable during market fluctuations,Forbes,Inflation Data Release,ASX 200,3.51,402.06,positive,Finance,High,Boeing,https://www.marketwatch.com/story/consumer-goods-report,utilities sector remains stable during market fluctuations,0,0,0,0,0,0,0,0.0,0,0,0,0,0,0,neutral,False,3.51,True,402.06,5.999085434239343,58,7,7.428571428571429,1,0,3.51,2.0
2025-08-06,media and entertainment companies report a surge in streaming revenue,Reuters,Market Rally,Shanghai Composite,-1.31,357.29,negative,Media & Entertainment,Medium,Reliance Industries,https://www.business-standard.com/economy/inflation-data,media and entertainment companies report a surge in streaming revenue,1,0,0,0,2,0,2,2.0,1,0,0,0,0,1,positive,False,-1.31,True,357.29,5.881342714348445,69,10,6.0,0,1,1.31,1.0
2025-08-02,unexpected rise in unemployment fuels market pessimism,Mint,Bond Market Fluctuation,Nasdaq Composite,1.04,490.23,positive,Media & Entertainment,Medium,Apple Inc.,https://economictimes.indiatimes.com/news/economy/unemployment-rate,unexpected rise in unemployment fuels market pessimism,0,0,1,0,1,0,1,1.0,0,0,0,0,0,0,neutral,True,1.04,True,490.23,6.1969124498865025,54,7,6.857142857142857,1,0,1.04,1.0
2025-05-04,e-commerce earnings report beats all analyst expectations,Investopedia,Corporate Earnings Report,ASX 200,-2.26,151.71,negative,Retail,High,ExxonMobil,https://www.ft.com/content/geopolitical-summit,e-commerce earnings report beats all analyst expectations,0,0,0,0,0,0,0,0.0,0,0,0,0,0,1,neutral,False,-2.26,True,151.71,5.028540697965091,57,7,7.285714285714286,0,1,2.26,1.0
2025-06-12,e-commerce earnings report beats all analyst expectations,The Hindu Business Line,IPO Launch,Shanghai Composite,2.25,260.61,positive,Materials,Low,ExxonMobil,https://www.wsj.com/europe/regulatory-changes,e-commerce earnings report beats all analyst expectations,0,0,0,0,0,0,0,0.0,0,0,0,0,0,1,neutral,False,2.25,True,260.61,5.566854845152132,57,7,7.285714285714286,1,0,2.25,1.0
2025-03-03,utilities sector remains stable during market fluctuations,Financial Times,Supply Chain Disruption,Euro Stoxx 50,-2.45,334.6,negative,Materials,Medium,Tesla,https://www.business-standard.com/economy/inflation-data,utilities sector remains stable during market fluctuations,0,0,0,0,0,0,0,0.0,0,0,0,0,0,0,neutral,False,-2.45,True,334.6,5.815919974593051,58,7,7.428571428571429,0,1,2.45,1.0
2025-06-16,utilities sector remains stable during market fluctuations,Mint,Supply Chain Disruption,Russell 2000,-0.35,384.93,negative,Finance,High,Reliance Industries,https://www.reuters.com/markets/indices/nikkei-225,utilities sector remains stable during market fluctuations,0,0,0,0,0,0,0,0.0,0,0,0,0,0,0,neutral,False,-0.35,True,384.93,5.955656005869189,58,7,7.428571428571429,0,1,0.35,0.0
2025-04-02,unexpected rise in unemployment fuels market pessimism,CNBC,Inflation Data Release,DAX,3.94,453.16,positive,Agriculture,High,Microsoft,https://www.cnbc.com/2025/08/russia-ukraine-war-economic-impact,unexpected rise in unemployment fuels market pessimism,0,0,1,0,1,0,1,1.0,0,0,0,0,0,0,neutral,True,3.94,True,453.16,6.118449558862471,54,7,6.857142857142857,1,0,3.94,2.0
2025-06-26,major oil spill sends energy stocks plummeting,Seeking Alpha,Supply Chain Disruption,Russell 2000,-3.38,84.29,negative,Construction,High,Boeing,https://www.wsj.com/china/market-rally,major oil spill sends energy stocks plummeting,0,0,0,0,0,0,0,0.0,0,0,0,0,0,0,neutral,False,-3.38,True,84.29,4.446057214331018,46,7,5.714285714285714,0,1,3.38,2.0
2025-05-24,mining company stock surges on commodity price boom,Wall Street Journal,Cryptocurrency Regulation,S&P/TSX Composite,4.72,233.38,positive,Transportation,Low,Microsoft,https://www.business-standard.com/economy/inflation-data,mining company stock surges on commodity price boom,1,0,0,0,2,0,2,2.0,1,0,0,0,0,0,positive,True,4.72,True,233.38,5.456943729830456,51,8,5.5,1,0,4.72,2.0
2025-02-27,market braces for a major policy announcement from the eu,MarketWatch,Commodity Price Shock,Nikkei 225,1.16,218.92,positive,Construction,Low,Boeing,https://www.bloomberg.com/canada/tsunami-warnings,market braces for a major policy announcement from the eu,0,0,0,0,0,0,0,0.0,0,0,0,0,0,0,neutral,False,1.16,True,218.92,5.393263843856991,57,10,4.8,1,0,1.16,1.0
2025-07-13,automotive industry faces headwinds from rising material costs,MarketWatch,Major Merger/Acquisition,Shanghai Composite,-3.07,254.24,negative,Utilities,High,JP Morgan Chase,https://economictimes.indiatimes.com/news/economy/unemployment-rate,automotive industry faces headwinds from rising material costs,0,0,0,0,0,0,0,0.0,0,0,0,0,0,0,neutral,False,-3.07,True,254.24,5.5422042790001464,62,8,6.875,0,1,3.07,2.0
2025-02-16,"global trade talks collapse, causing market turmoil",Investopedia,Central Bank Meeting,S&P 500,-4.06,352.54,negative,Consumer Goods,High,Apple Inc.,https://economictimes.indiatimes.com/stocks/bse-sensex-plunges,global trade talks collapse causing market turmoil,0,0,0,0,0,0,0,0.0,0,0,0,0,0,0,neutral,False,-4.06,True,352.54,5.867996633107738,50,7,6.285714285714286,0,1,4.06,2.0
2025-04-07,new housing data release shows a slowdown in market activity,Barron's,Major Merger/Acquisition,Hang Seng,-4.23,282.37,negative,Aerospace & Defense,Low,Tata Motors,https://www.theeconomist.com/finance-and-economics/trade-tariffs,new housing data release shows a slowdown in market activity,0,0,0,1,0,1,-1,0.0,0,0,0,0,0,0,neutral,True,-4.23,True,282.37,5.646753464207978,60,10,5.1,0,1,4.23,2.0
2025-03-16,financial services stocks rally on strong profit margins,Economic Times,Bond Market Fluctuation,ASX 200,-1.11,262.76,positive,Utilities,Medium,Boeing,https://timesofindia.indiatimes.com/business/finance/banking-sector-news,financial services stocks rally on strong profit margins,2,0,1,0,5,0,5,5.0,1,0,0,0,0,0,positive,True,-1.11,False,262.76,5.5750395987634755,56,8,6.125,0,1,1.11,1.0
2025-05-09,financial services stocks rally on strong profit margins,CNBC,Central Bank Meeting,BSE Sensex,0.42,398.15,positive,Finance,Low,JP Morgan Chase,https://www.ft.com/content/consumer-confidence-report,financial services stocks rally on strong profit margins,2,0,1,0,5,0,5,5.0,1,0,0,0,0,0,positive,True,0.42,True,398.15,5.989337286091808,56,8,6.125,1,0,0.42,0.0
2025-06-02,new regulations on cryptocurrencies cause a market dip,The Hindu Business Line,Commodity Price Shock,Nasdaq Composite,2.4,358.72,negative,Construction,Medium,Goldman Sachs,https://www.wsj.com/europe/regulatory-changes,new regulations on cryptocurrencies cause a market dip,0,0,0,1,0,1,-1,0.0,0,0,0,0,0,0,neutral,True,2.4,False,358.72,5.8853259510463145,54,8,5.875,1,0,2.4,1.0
2025-02-23,dow jones plunges as market fears recession,Investopedia,Geopolitical Event,Russell 2000,-4.77,474.03,negative,Healthcare,Low,Apple Inc.,https://economictimes.indiatimes.com/industry/industrials,dow jones plunges as market fears recession,0,0,0,0,0,0,0,0.0,0,0,0,0,0,0,neutral,False,-4.77,True,474.03,6.163377959935002,43,7,5.285714285714286,0,1,4.77,2.0
2025-05-30,manufacturing pmi data signals economic expansion,Financial Times,Currency Devaluation,Euro Stoxx 50,2.67,404.86,positive,Healthcare,Medium,Apple Inc.,https://www.marketwatch.com/story/commodities-price-shock,manufacturing pmi data signals economic expansion,0,0,1,0,1,0,1,1.0,0,0,0,0,0,0,neutral,True,2.67,True,404.86,6.006008272548823,49,6,7.333333333333333,1,0,2.67,1.0
2025-04-23,market braces for a major policy announcement from the eu,MarketWatch,Major Merger/Acquisition,Russell 2000,-2.01,141.94,negative,Automotive,Medium,Tesla,https://www.reuters.com/business/energy/oil-market-update,market braces for a major policy announcement from the eu,0,0,0,0,0,0,0,0.0,0,0,0,0,0,0,neutral,False,-2.01,True,141.94,4.962424961791832,57,10,4.8,0,1,2.01,1.0
2025-04-03,central bank governor signals potential shift in policy,Mint,Unemployment Rate Announcement,S&P 500,-1.36,204.76,negative,Utilities,High,Tata Motors,https://timesofindia.indiatimes.com/business/finance/banking-sector-news,central bank governor signals potential shift in policy,0,0,0,0,0,0,0,0.0,0,0,0,0,0,0,neutral,False,-1.36,True,204.76,5.326710441049254,55,8,6.0,0,1,1.36,1.0
2025-03-13,government policy shift boosts renewable energy sector,Seeking Alpha,Commodity Price Shock,NSE Nifty,0.5,164.6,positive,Utilities,Low,Tesla,https://www.bloomberg.com/asia/telecommunications-news,government policy shift boosts renewable energy sector,0,0,0,0,0,0,0,0.0,0,0,0,0,0,0,neutral,False,0.5,True,164.6,5.109575241951159,54,7,6.857142857142857,1,0,0.5,0.0
2025-06-11,tech giant s new product launch sparks sector-wide gains,Investopedia,Central Bank Meeting,Russell 2000,2.06,480.73,positive,Retail,Low,Reliance Industries,https://www.forbes.com/finance/geopolitical-event-impact,tech giant s new product launch sparks sector-wide gains,0,0,0,0,0,0,0,0.0,0,0,0,0,0,0,neutral,False,2.06,True,480.73,6.177383791123922,56,9,5.333333333333333,1,0,2.06,1.0
2025-06-14,uk s ftse 100 sees a boost from favorable trade data,Seeking Alpha,Consumer Confidence Report,IBOVESPA,-4.11,456.94,positive,Industrials,Low,JP Morgan Chase,https://www.cnbc.com/2025/08/russia-ukraine-war-economic-impact,uk s ftse 100 sees a boost from favorable trade data,0,0,2,0,2,0,2,2.0,0,0,0,0,1,0,positive,True,-4.11,False,456.94,6.1267381711655515,52,11,3.8181818181818183,0,1,4.11,2.0
2025-07-12,record-high inflation data rattles investors,Investopedia,Geopolitical Event,BSE Sensex,3.34,406.63,positive,Utilities,Medium,Boeing,https://www.bloomberg.com/australia/asx-200-performance,record-high inflation data rattles investors,0,0,0,0,0,0,0,0.0,0,0,0,0,0,0,neutral,False,3.34,True,406.63,6.010359900210274,44,5,8.0,1,0,3.34,2.0
2025-04-07,retail sales report surpasses all forecasts,Reuters,Inflation Data Release,NSE Nifty,3.42,48.36,positive,Automotive,Low,ExxonMobil,https://www.ft.com/content/consumer-confidence-report,retail sales report surpasses all forecasts,0,0,0,0,0,0,0,0.0,0,0,0,0,0,1,neutral,False,3.42,True,48.36,3.8991403795971324,43,6,6.333333333333333,1,0,3.42,2.0
2025-02-24,market braces for a major policy announcement from the eu,Forbes,Economic Data Release,CAC 40,-2.96,331.41,negative,Real Estate,Medium,ExxonMobil,https://www.wsj.com/china/market-regulation,market braces for a major policy announcement from the eu,0,0,0,0,0,0,0,0.0,0,0,0,0,0,0,neutral,False,-2.96,True,331.41,5.806369146764632,57,10,4.8,0,1,2.96,1.0
2025-08-03,media and entertainment companies report a surge in streaming revenue,MarketWatch,Commodity Price Shock,BSE Sensex,-4.81,171.27,negative,Real Estate,Low,Samsung Electronics,https://www.forbes.com/crypto/cryptocurrency-regulation,media and entertainment companies report a surge in streaming revenue,1,0,0,0,2,0,2,2.0,1,0,0,0,0,1,positive,False,-4.81,True,171.27,5.149063013458278,69,10,6.0,0,1,4.81,2.0
2025-07-19,quarterly report shows surprising losses for retail giants,Yahoo Finance,Major Merger/Acquisition,S&P 500,3.2,211.65,positive,Aerospace & Defense,Low,Apple Inc.,https://timesofindia.indiatimes.com/business/agriculture-sector,quarterly report shows surprising losses for retail giants,0,0,0,0,0,0,0,0.0,0,0,0,0,0,1,neutral,False,3.2,True,211.65,5.359647621699643,58,8,6.375,1,0,3.2,2.0
2025-02-25,tech giant s new product launch sparks sector-wide gains,Economic Times,Commodity Price Shock,S&P/TSX Composite,-0.7,463.32,negative,Real Estate,Low,JP Morgan Chase,https://www.cnbc.com/2025/09/automotive-industry-trends,tech giant s new product launch sparks sector-wide gains,0,0,0,0,0,0,0,0.0,0,0,0,0,0,0,neutral,False,-0.7,True,463.32,6.140573969695823,56,9,5.333333333333333,0,1,0.7,0.0
2025-08-10,manufacturing pmi data signals economic expansion,Forbes,IPO Launch,IBOVESPA,-1.92,257.4,positive,Media & Entertainment,Low,JP Morgan Chase,https://www.bloomberg.com/asia/policy/central-bank-meeting,manufacturing pmi data signals economic expansion,0,0,1,0,1,0,1,1.0,0,0,0,0,0,0,neutral,True,-1.92,False,257.4,5.554508771908447,49,6,7.333333333333333,0,1,1.92,1.0
2025-03-01,government spending bill is expected to stimulate the economy,Yahoo Finance,Economic Data Release,Nasdaq Composite,3.88,184.99,positive,Aerospace & Defense,Medium,Tata Motors,https://www.marketwatch.com/story/consumer-goods-report,government spending bill is expected to stimulate the economy,0,0,0,0,0,0,0,0.0,0,0,0,0,0,0,neutral,False,3.88,True,184.99,5.225692908827035,61,9,5.888888888888889,1,0,3.88,2.0
2025-03-26,government policy shift boosts renewable energy sector,The Economist,Government Policy Announcement,Euro Stoxx 50,-2.01,204.61,negative,Automotive,Medium,Tata Motors,https://economictimes.indiatimes.com/industry/industrials,government policy shift boosts renewable energy sector,0,0,0,0,0,0,0,0.0,0,0,0,0,0,0,neutral,False,-2.01,True,204.61,5.32598117053051,54,7,6.857142857142857,0,1,2.01,1.0
2025-03-12,crude oil prices drop to a multi-year low,CNBC,Supply Chain Disruption,Hang Seng,3.98,299.93,negative,Materials,High,Boeing,https://www.investopedia.com/articles/government-policy-announcement,crude oil prices drop to a multi-year low,0,0,0,1,0,1,-1,0.0,0,0,0,0,0,0,neutral,True,3.98,False,299.93,5.706877679563504,41,8,4.25,1,0,3.98,2.0
2025-05-21,retail sales report surpasses all forecasts,The Hindu Business Line,Bond Market Fluctuation,FTSE 100,3.83,4.04,positive,Automotive,Medium,Reliance Industries,https://www.forbes.com/crypto/cryptocurrency-regulation,retail sales report surpasses all forecasts,0,0,0,0,0,0,0,0.0,0,0,0,0,0,1,neutral,False,3.83,True,4.04,1.6174060820832772,43,6,6.333333333333333,1,0,3.83,2.0
2025-04-16,bond yields tumble as investors seek safe havens,The Hindu Business Line,Inflation Data Release,S&P 500,0.03,156.2,positive,Telecommunications,High,Tesla,https://www.cnbc.com/2025/11/major-merger-deal-approved,bond yields tumble as investors seek safe havens,0,1,0,0,0,2,-2,0.0,0,1,0,0,0,0,negative,False,0.03,True,156.2,5.057518879995106,48,8,5.125,1,0,0.03,0.0
2025-05-26,government policy shift boosts renewable energy sector,Investopedia,Corporate Earnings Report,CAC 40,-1.67,328.16,negative,Real Estate,Low,Apple Inc.,https://www.reuters.com/markets/indices/nikkei-225,government policy shift boosts renewable energy sector,0,0,0,0,0,0,0,0.0,0,0,0,0,0,0,neutral,False,-1.67,True,328.16,5.796543954737512,54,7,6.857142857142857,0,1,1.67,1.0
2025-04-06,market sentiment turns positive on vaccine trial results,Business Standard,Bond Market Fluctuation,Nasdaq Composite,-3.66,443.53,positive,Pharmaceuticals,Medium,Reliance Industries,https://economictimes.indiatimes.com/industry/industrials,market sentiment turns positive on vaccine trial results,0,0,1,0,1,0,1,1.0,0,0,0,0,0,0,neutral,True,-3.66,False,443.53,6.09701754424006,56,8,6.125,0,1,3.66,2.0
2025-06-21,pharmaceutical company s drug approval drives stock upward,Yahoo Finance,Stock Market Crash,BSE Sensex,-3.41,427.46,negative,Pharmaceuticals,Low,Tata Motors,https://www.marketwatch.com/story/consumer-goods-report,pharmaceutical company s drug approval drives stock upward,0,0,2,0,2,0,2,2.0,0,0,0,0,0,0,positive,False,-3.41,True,427.46,6.060197384789074,58,8,6.375,0,1,3.41,2.0
2025-02-25,merger talks between two banks fall through,Business Standard,Regulatory Changes,Russell 2000,3.28,189.24,negative,Finance,Low,Reliance Industries,https://www.theeconomist.com/finance-and-economics/trade-tariffs,merger talks between two banks fall through,0,0,0,1,0,1,-1,0.0,0,0,0,0,0,0,neutral,True,3.28,False,189.24,5.248286432942471,43,7,5.285714285714286,1,0,3.28,2.0
2025-02-02,gold prices surge as investors flee riskier assets,Seeking Alpha,Government Policy Announcement,Shanghai Composite,3.19,166.09,positive,Aerospace & Defense,Medium,JP Morgan Chase,https://www.ft.com/content/consumer-confidence-report,gold prices surge as investors flee riskier assets,1,0,0,0,2,0,2,2.0,1,0,0,0,0,0,positive,True,3.19,True,166.09,5.118532589406052,50,8,5.375,1,0,3.19,2.0
2025-07-30,pharmaceutical company s drug approval drives stock upward,Seeking Alpha,Major Merger/Acquisition,NSE Nifty,2.33,159.38,positive,Materials,High,Samsung Electronics,https://timesofindia.indiatimes.com/business/corporate-governance,pharmaceutical company s drug approval drives stock upward,0,0,2,0,2,0,2,2.0,0,0,0,0,0,0,positive,True,2.33,True,159.38,5.0775459993788825,58,8,6.375,1,0,2.33,1.0
2025-08-07,new regulations on cryptocurrencies cause a market dip,Financial Times,Government Policy Announcement,Shanghai Composite,,389.28,negative,Construction,Low,Apple Inc.,https://www.cnbc.com/2025/08/russia-ukraine-war-economic-impact,new regulations on cryptocurrencies cause a market dip,0,0,0,1,0,1,-1,0.0,0,0,0,0,0,0,neutral,True,,False,389.28,5.966864430239749,54,8,5.875,0,0,,
2025-06-15,bond yields tumble as investors seek safe havens,Mint,Geopolitical Event,FTSE 100,4.11,30.24,positive,Industrials,Low,ExxonMobil,https://www.ft.com/content/consumer-confidence-report,bond yields tumble as investors seek safe havens,0,1,0,0,0,2,-2,0.0,0,1,0,0,0,0,negative,False,4.11,True,30.24,3.441699324971485,48,8,5.125,1,0,4.11,2.0
2025-08-12,massive stock buyback program announced by a consumer goods company,The Economist,Unemployment Rate Announcement,CAC 40,-4.49,229.61,negative,Retail,Low,Samsung Electronics,https://www.ft.com/content/currency-devaluation,massive stock buyback program announced by a consumer goods company,0,0,0,0,0,0,0,0.0,0,0,0,0,0,0,neutral,False,-4.49,True,229.61,5.44072797202915,67,10,5.8,0,1,4.49,2.0
2025-07-21,tech giant s new product launch sparks sector-wide gains,Economic Times,Consumer Confidence Report,Hang Seng,1.96,415.11,positive,Real Estate,Medium,Tesla,,tech giant s new product launch sparks sector-wide gains,0,0,0,0,0,0,0,0.0,0,0,0,0,0,0,neutral,False,1.96,True,415.11,6.030949648384566,56,9,5.333333333333333,1,0,1.96,1.0
2025-04-04,crude oil prices drop to a multi-year low,Wall Street Journal,Market Rally,IBOVESPA,2.77,440.55,negative,Pharmaceuticals,Medium,ExxonMobil,https://www.business-standard.com/international-business/trade-policy,crude oil prices drop to a multi-year low,0,0,0,1,0,1,-1,0.0,0,0,0,0,0,0,neutral,True,2.77,False,440.55,6.0902912639148115,41,8,4.25,1,0,2.77,1.0
2025-08-02,financial services stocks rally on strong profit margins,Forbes,Inflation Data Release,KOSPI,1.03,486.58,positive,Pharmaceuticals,Low,Tesla,https://www.wsj.com/japan/economic-data-release,financial services stocks rally on strong profit margins,2,0,1,0,5,0,5,5.0,1,0,0,0,0,0,positive,True,1.03,True,486.58,6.189454379538652,56,8,6.125,1,0,1.03,1.0
2025-08-14,energy company s dividend hike excites shareholders,Forbes,Central Bank Meeting,DAX,-2.4,76.17,negative,Industrials,High,Goldman Sachs,https://www.bloomberg.com/asia/policy/central-bank-meeting,energy company s dividend hike excites shareholders,0,0,0,0,0,0,0,0.0,0,0,0,0,0,0,neutral,False,-2.4,True,76.17,4.346010780469512,51,7,6.428571428571429,0,1,2.4,1.0
2025-06-25,healthcare stocks gain on robust demand and strong outlook,Wall Street Journal,Regulatory Changes,DAX,-2.95,382.12,positive,Real Estate,Low,Apple Inc.,https://www.investopedia.com/articles/supply-chain-disruption,healthcare stocks gain on robust demand and strong outlook,2,0,1,0,5,0,5,5.0,1,0,0,0,0,0,positive,True,-2.95,False,382.12,5.948348256034354,58,9,5.555555555555555,0,1,2.95,1.0
2025-03-01,consumer discretionary stocks outperform as spending increases,Seeking Alpha,Economic Data Release,CAC 40,2.43,158.15,positive,Telecommunications,Medium,ExxonMobil,https://www.theeconomist.com/world/government-policy-announcement,consumer discretionary stocks outperform as spending increases,1,0,0,0,2,0,2,2.0,1,0,0,0,0,0,positive,True,2.43,True,158.15,5.069847153728102,62,7,8.0,1,0,2.43,1.0
2025-02-24,consumer discretionary stocks outperform as spending increases,Investopedia,Cryptocurrency Regulation,Euro Stoxx 50,-3.33,440.38,negative,Energy,Medium,ExxonMobil,https://www.moneycontrol.com/us-markets/nasdaq-composite,consumer discretionary stocks outperform as spending increases,1,0,0,0,2,0,2,2.0,1,0,0,0,0,0,positive,False,-3.33,True,440.38,6.089906182420013,62,7,8.0,0,1,3.33,2.0
2025-04-29,central bank governor signals potential shift in policy,Business Standard,Regulatory Changes,BSE Sensex,4.6,177.54,positive,Healthcare,Low,Tesla,https://www.cnbc.com/2025/08/russia-ukraine-war-economic-impact,central bank governor signals potential shift in policy,0,0,0,0,0,0,0,0.0,0,0,0,0,0,0,neutral,False,4.6,True,177.54,5.184812665751216,55,8,6.0,1,0,4.6,2.0
2025-02-16,financial services stocks rally on strong profit margins,The Economist,Geopolitical Event,S&P 500,-3.56,470.44,negative,Utilities,High,Tesla,https://www.wsj.com/europe/regulatory-changes,financial services stocks rally on strong profit margins,2,0,1,0,5,0,5,5.0,1,0,0,0,0,0,positive,False,-3.56,True,470.44,6.155791840529658,56,8,6.125,0,1,3.56,2.0
2025-02-05,crude oil prices drop to a multi-year low,The Motley Fool,Government Policy Announcement,Hang Seng,0.74,39.3,negative,Industrials,High,Microsoft,https://www.business-standard.com/economy/trade-disputes-impact,crude oil prices drop to a multi-year low,0,0,0,1,0,1,-1,0.0,0,0,0,0,0,0,neutral,True,0.74,False,39.3,3.696351468952637,41,8,4.25,1,0,0.74,0.0
2025-06-24,consumer discretionary stocks outperform as spending increases,Forbes,Market Rally,NSE Nifty,-1.77,483.49,positive,Agriculture,Low,Samsung Electronics,https://timesofindia.indiatimes.com/business/finance/banking-sector-news,consumer discretionary stocks outperform as spending increases,1,0,0,0,2,0,2,2.0,1,0,0,0,0,0,positive,True,-1.77,False,483.49,6.183096791282935,62,7,8.0,0,1,1.77,1.0
2025-06-03,china s shanghai composite falls after new trade restrictions,Business Standard,Government Policy Announcement,Shanghai Composite,2.43,125.05,positive,Automotive,Low,Microsoft,https://www.wsj.com/japan/economic-data-release,china s shanghai composite falls after new trade restrictions,0,0,0,0,0,0,0,0.0,0,0,0,0,0,0,neutral,False,2.43,True,125.05,4.836678653633929,61,9,5.888888888888889,1,0,2.43,1.0
2025-03-21,geopolitical ceasefire prompts a broad market recovery,Mint,IPO Launch,Nikkei 225,-1.56,170.85,positive,Healthcare,High,Tata Motors,https://www.reuters.com/markets/indices/nikkei-225,geopolitical ceasefire prompts a broad market recovery,0,0,1,0,1,0,1,1.0,0,0,0,0,0,0,neutral,True,-1.56,False,170.85,5.1466220032958425,54,7,6.857142857142857,0,1,1.56,1.0
2025-02-20,consumer confidence index reaches a decade high,The Motley Fool,Currency Devaluation,S&P/TSX Composite,-0.9,175.54,positive,Industrials,Low,Microsoft,https://www.cnbc.com/2025/08/russia-ukraine-war-economic-impact,consumer confidence index reaches a decade high,0,0,1,0,1,0,1,1.0,0,0,0,0,0,0,neutral,True,-0.9,False,175.54,5.173547479592087,47,7,5.857142857142857,0,1,0.9,0.0
2025-03-19,quarterly report shows surprising losses for retail giants,The Hindu Business Line,IPO Launch,TSX,3.12,413.11,positive,Media & Entertainment,High,Tesla,https://www.wsj.com/europe/dax-performance,quarterly report shows surprising losses for retail giants,0,0,0,0,0,0,0,0.0,0,0,0,0,0,1,neutral,False,3.12,True,413.11,6.026131639016284,58,8,6.375,1,0,3.12,2.0
2025-02-26,retail sales report surpasses all forecasts,MarketWatch,Major Merger/Acquisition,Nikkei 225,-2.04,399.29,negative,Real Estate,Low,Goldman Sachs,https://www.cnbc.com/2025/09/automotive-industry-trends,retail sales report surpasses all forecasts,0,0,0,0,0,0,0,0.0,0,0,0,0,0,1,neutral,False,-2.04,True,399.29,5.992189284422439,43,6,6.333333333333333,0,1,2.04,1.0
2025-03-10,new ipo for a popular software firm is oversubscribed,Wall Street Journal,Stock Market Crash,Nasdaq Composite,-4.23,119.57,negative,Healthcare,Low,Tesla,https://timesofindia.indiatimes.com/business/markets/stock-market-crash,new ipo for a popular software firm is oversubscribed,0,0,0,0,0,0,0,0.0,0,0,0,0,0,0,neutral,False,-4.23,True,119.57,4.79223049712922,53,9,5.0,0,1,4.23,2.0
2025-02-01,manufacturing pmi data signals economic expansion,Investopedia,Economic Data Release,Nasdaq Composite,-1.29,247.98,negative,Telecommunications,High,ExxonMobil,https://economictimes.indiatimes.com/news/economy/unemployment-rate,manufacturing pmi data signals economic expansion,0,0,1,0,1,0,1,1.0,0,0,0,0,0,0,neutral,False,-1.29,True,247.98,5.51737257195364,49,6,7.333333333333333,0,1,1.29,1.0
2025-05-19,geopolitical ceasefire prompts a broad market recovery,Mint,Government Policy Announcement,Nasdaq Composite,-1.73,339.17,negative,Consumer Goods,High,JP Morgan Chase,https://www.reuters.com/markets/indices/nikkei-225,geopolitical ceasefire prompts a broad market recovery,0,0,1,0,1,0,1,1.0,0,0,0,0,0,0,neutral,False,-1.73,True,339.17,5.829445492651858,54,7,6.857142857142857,0,1,1.73,1.0
2025-07-05,consumer discretionary stocks outperform as spending increases,Bloomberg,Cryptocurrency Regulation,KOSPI,4.57,376.31,positive,Utilities,High,Samsung Electronics,https://www.cnbc.com/2025/08/russia-ukraine-war-economic-impact,consumer discretionary stocks outperform as spending increases,1,0,0,0,2,0,2,2.0,1,0,0,0,0,0,positive,True,4.57,True,376.31,5.933067130727174,62,7,8.0,1,0,4.57,2.0
2025-05-15,crude oil prices drop to a multi-year low,Wall Street Journal,Major Merger/Acquisition,Dow Jones,2.71,42.41,negative,Utilities,High,Apple Inc.,https://timesofindia.indiatimes.com/business/finance/banking-sector-news,crude oil prices drop to a multi-year low,0,0,0,1,0,1,-1,0.0,0,0,0,0,0,0,neutral,True,2.71,False,42.41,3.770689829311502,41,8,4.25,1,0,2.71,1.0
2025-06-19,pharmaceutical company s drug approval drives stock upward,Investopedia,IPO Launch,Russell 2000,-1.63,129.35,positive,Consumer Goods,High,Samsung Electronics,https://www.reuters.com/markets/indices/nikkei-225,pharmaceutical company s drug approval drives stock upward,0,0,2,0,2,0,2,2.0,0,0,0,0,0,0,positive,True,-1.63,False,129.35,4.870223140379511,58,8,6.375,0,1,1.63,1.0
2025-07-26,banking stocks dip after a major scandal is revealed,Times of India,Economic Data Release,DAX,-1.41,44.43,negative,Finance,High,Tata Motors,https://economictimes.indiatimes.com/news/transportation,banking stocks dip after a major scandal is revealed,0,1,0,1,0,3,-3,0.0,0,1,0,0,0,0,negative,True,-1.41,True,44.43,3.816172679771312,52,9,4.888888888888889,0,1,1.41,1.0
2025-05-04,healthcare stocks gain on robust demand and strong outlook,The Motley Fool,Commodity Price Shock,CAC 40,-2.9,191.45,positive,Telecommunications,High,Goldman Sachs,https://www.wsj.com/china/market-rally,healthcare stocks gain on robust demand and strong outlook,2,0,1,0,5,0,5,5.0,1,0,0,0,0,0,positive,True,-2.9,False,191.45,5.259836379729755,58,9,5.555555555555555,0,1,2.9,1.0
2025-05-14,media and entertainment companies report a surge in streaming revenue,Seeking Alpha,Economic Data Release,ASX 200,3.13,229.39,positive,Construction,Low,Reliance Industries,https://www.business-standard.com/finance/corporate-earnings,media and entertainment companies report a surge in streaming revenue,1,0,0,0,2,0,2,2.0,1,0,0,0,0,1,positive,True,3.13,True,229.39,5.439773525102031,69,10,6.0,1,0,3.13,2.0
2025-05-26,consumer confidence index reaches a decade high,The Motley Fool,Corporate Earnings Report,S&P 500,2.1,387.49,positive,Real Estate,High,Tesla,https://economictimes.indiatimes.com/stocks/bse-sensex-plunges,consumer confidence index reaches a decade high,0,0,1,0,1,0,1,1.0,0,0,0,0,0,0,neutral,True,2.1,True,387.49,5.962267429450682,47,7,5.857142857142857,1,0,2.1,1.0
2025-03-19,government policy shift boosts renewable energy sector,The Hindu Business Line,Interest Rate Change,Nikkei 225,4.53,219.87,positive,Retail,High,Apple Inc.,https://www.bloomberg.com/canada/tsunami-warnings,government policy shift boosts renewable energy sector,0,0,0,0,0,0,0,0.0,0,0,0,0,0,0,neutral,False,4.53,True,219.87,5.397574293145378,54,7,6.857142857142857,1,0,4.53,2.0
2025-05-28,uk s ftse 100 sees a boost from favorable trade data,Mint,Interest Rate Change,S&P 500,2.3,459.91,positive,Transportation,Medium,Microsoft,https://www.ft.com/content/media-entertainment-merger,uk s ftse 100 sees a boost from favorable trade data,0,0,2,0,2,0,2,2.0,0,0,0,0,1,0,positive,True,2.3,True,459.91,6.133202796171501,52,11,3.8181818181818183,1,0,2.3,1.0
2025-05-27,tech giant s new product launch sparks sector-wide gains,Barron's,Stock Market Crash,Shanghai Composite,-4.9,51.07,negative,Utilities,High,Apple Inc.,https://www.business-standard.com/economy/trade-disputes-impact,tech giant s new product launch sparks sector-wide gains,0,0,0,0,0,0,0,0.0,0,0,0,0,0,0,neutral,False,-4.9,True,51.07,3.952588967174808,56,9,5.333333333333333,0,1,4.9,2.0
2025-03-16,e-commerce earnings report beats all analyst expectations,The Economist,Unemployment Rate Announcement,ASX 200,1.57,3.16,positive,Finance,High,ExxonMobil,https://www.cnbc.com/2025/08/russia-ukraine-war-economic-impact,e-commerce earnings report beats all analyst expectations,0,0,0,0,0,0,0,0.0,0,0,0,0,0,1,neutral,False,1.57,True,3.16,1.425515074273172,57,7,7.285714285714286,1,0,1.57,1.0
2025-07-08,gold prices surge as investors flee riskier assets,The Economist,Cryptocurrency Regulation,ASX 200,-2.77,206.42,positive,Aerospace & Defense,Medium,Tata Motors,https://economictimes.indiatimes.com/news/transportation,gold prices surge as investors flee riskier assets,1,0,0,0,2,0,2,2.0,1,0,0,0,0,0,positive,True,-2.77,False,206.42,5.334745723161588,50,8,5.375,0,1,2.77,1.0
2025-04-13,mining company stock surges on commodity price boom,Financial Times,Central Bank Meeting,Russell 2000,-4.79,168.76,negative,Technology,Low,Microsoft,https://www.cnbc.com/2025/11/major-merger-deal-approved,mining company stock surges on commodity price boom,1,0,0,0,2,0,2,2.0,1,0,0,0,0,0,positive,False,-4.79,True,168.76,5.134385674865673,51,8,5.5,0,1,4.79,2.0
2025-07-28,geopolitical ceasefire prompts a broad market recovery,Forbes,Economic Data Release,Russell 2000,-2.25,185.73,negative,Consumer Goods,Medium,Apple Inc.,https://www.moneycontrol.com/us-markets/sp-500,geopolitical ceasefire prompts a broad market recovery,0,0,1,0,1,0,1,1.0,0,0,0,0,0,0,neutral,False,-2.25,True,185.73,5.229663723230988,54,7,6.857142857142857,0,1,2.25,1.0
2025-05-09,retail sales report surpasses all forecasts,Times of India,Commodity Price Shock,KOSPI,-3.27,118.23,negative,Finance,Low,Apple Inc.,https://www.ft.com/content/currency-devaluation,retail sales report surpasses all forecasts,0,0,0,0,0,0,0,0.0,0,0,0,0,0,1,neutral,False,-3.27,True,118.23,4.78105440081804,43,6,6.333333333333333,0,1,3.27,2.0
2025-04-12,federal reserve chairman s speech causes market volatility,Economic Times,Corporate Earnings Report,Shanghai Composite,0.71,312.79,positive,Real Estate,High,Reliance Industries,https://timesofindia.indiatimes.com/business/markets/stock-market-crash,federal reserve chairman s speech causes market volatility,0,0,0,0,0,0,0,0.0,0,0,0,0,0,0,neutral,False,0.71,True,312.79,5.74872397235967,58,8,6.375,1,0,0.71,0.0
2025-03-29,mining company stock surges on commodity price boom,Investopedia,Unemployment Rate Announcement,IBOVESPA,-1.33,324.43,negative,Construction,Low,ExxonMobil,https://www.investopedia.com/articles/government-policy-announcement,mining company stock surges on commodity price boom,1,0,0,0,2,0,2,2.0,1,0,0,0,0,0,positive,False,-1.33,True,324.43,5.785147384757806,51,8,5.5,0,1,1.33,1.0
2025-02-13,a massive data breach sends a tech company s stock tumbling,Seeking Alpha,Bond Market Fluctuation,FTSE 100,-1.11,394.24,negative,Retail,Medium,Samsung Electronics,https://www.investopedia.com/articles/government-policy-announcement,a massive data breach sends a tech company s stock tumbling,0,1,0,0,0,2,-2,0.0,0,1,0,0,0,0,negative,True,-1.11,True,394.24,5.979493175326762,59,11,4.454545454545454,0,1,1.11,1.0
2025-04-17,consumer confidence index reaches a decade high,Bloomberg,Corporate Earnings Report,S&P/TSX Composite,2.02,440.1,positive,Pharmaceuticals,Low,Boeing,https://www.marketwatch.com/story/commodities-price-shock,consumer confidence index reaches a decade high,0,0,1,0,1,0,1,1.0,0,0,0,0,0,0,neutral,True,2.02,True,440.1,6.089271607110894,47,7,5.857142857142857,1,0,2.02,1.0
2025-05-02,financial services stocks rally on strong profit margins,Business Standard,Commodity Price Shock,CAC 40,4.94,405.23,positive,Agriculture,High,Samsung Electronics,https://www.investopedia.com/articles/supply-chain-disruption,financial services stocks rally on strong profit margins,2,0,1,0,5,0,5,5.0,1,0,0,0,0,0,positive,True,4.94,True,405.23,6.006919501662843,56,8,6.125,1,0,4.94,2.0
2025-05-04,central bank governor signals potential shift in policy,Barron's,IPO Launch,Hang Seng,-4.7,467.91,negative,Telecommunications,Medium,Tesla,https://www.reuters.com/markets/indices/nikkei-225,central bank governor signals potential shift in policy,0,0,0,0,0,0,0,0.0,0,0,0,0,0,0,neutral,False,-4.7,True,467.91,6.150410852376984,55,8,6.0,0,1,4.7,2.0
2025-06-25,central bank s dovish tone hints at future rate cuts,Financial Times,Government Policy Announcement,ASX 200,-3.45,405.97,negative,Retail,Low,ExxonMobil,https://www.reuters.com/business/energy/oil-market-update,central bank s dovish tone hints at future rate cuts,0,0,0,0,0,0,0,0.0,0,0,0,0,0,0,neutral,False,-3.45,True,405.97,6.008739472652164,52,10,4.3,0,1,3.45,2.0
2025-05-14,central bank governor signals potential shift in policy,The Motley Fool,Trade Tariffs Announcement,Dow Jones,0.22,282.99,positive,Pharmaceuticals,Low,Goldman Sachs,https://www.wsj.com/europe/regulatory-changes,central bank governor signals potential shift in policy,0,0,0,0,0,0,0,0.0,0,0,0,0,0,0,neutral,False,0.22,True,282.99,5.648939026273669,55,8,6.0,1,0,0.22,0.0
2025-06-27,a massive data breach sends a tech company s stock tumbling,MarketWatch,Bond Market Fluctuation,KOSPI,3.21,157.99,negative,Finance,High,Tata Motors,https://www.investopedia.com/articles/government-policy-announcement,a massive data breach sends a tech company s stock tumbling,0,1,0,0,0,2,-2,0.0,0,1,0,0,0,0,negative,True,3.21,False,157.99,5.068841307160618,59,11,4.454545454545454,1,0,3.21,2.0
2025-03-17,"global trade talks collapse, causing market turmoil",Investopedia,Central Bank Meeting,S&P/TSX Composite,4.49,454.97,positive,Real Estate,Low,Tata Motors,https://www.wsj.com/china/market-rally,global trade talks collapse causing market turmoil,0,0,0,0,0,0,0,0.0,0,0,0,0,0,0,neutral,False,4.49,True,454.97,6.12242701787648,50,7,6.285714285714286,1,0,4.49,2.0
2025-04-06,market sentiment turns positive on vaccine trial results,Business Standard,Bond Market Fluctuation,Nasdaq Composite,-3.66,443.53,positive,Pharmaceuticals,Medium,Reliance Industries,https://economictimes.indiatimes.com/industry/industrials,market sentiment turns positive on vaccine trial results,0,0,1,0,1,0,1,1.0,0,0,0,0,0,0,neutral,True,-3.66,False,443.53,6.09701754424006,56,8,6.125,0,1,3.66,2.0
2025-02-15,e-commerce earnings report beats all analyst expectations,Barron's,Supply Chain Disruption,Euro Stoxx 50,-3.79,71.75,negative,Finance,High,Microsoft,https://economictimes.indiatimes.com/industry/industrials,e-commerce earnings report beats all analyst expectations,0,0,0,0,0,0,0,0.0,0,0,0,0,0,1,neutral,False,-3.79,True,71.75,4.287028906051602,57,7,7.285714285714286,0,1,3.79,2.0
2025-02-07,uk s ftse 100 sees a boost from favorable trade data,Mint,Trade Tariffs Announcement,FTSE 100,-3.86,272.62,negative,Consumer Goods,Medium,Samsung Electronics,https://www.business-standard.com/economy/economic-stimulus,uk s ftse 100 sees a boost from favorable trade data,0,0,2,0,2,0,2,2.0,0,0,0,0,1,0,positive,False,-3.86,True,272.62,5.611740282491968,52,11,3.8181818181818183,0,1,3.86,2.0
2025-02-18,major oil spill sends energy stocks plummeting,The Motley Fool,Central Bank Meeting,S&P 500,1.73,261.37,positive,Industrials,Low,Microsoft,https://www.bloomberg.com/australia/asx-200-performance,major oil spill sends energy stocks plummeting,0,0,0,0,0,0,0,0.0,0,0,0,0,0,0,neutral,False,1.73,True,261.37,5.569755721265552,46,7,5.714285714285714,1,0,1.73,1.0
2025-08-11,automotive industry faces headwinds from rising material costs,MarketWatch,Market Rally,CAC 40,-1.43,298.71,negative,Agriculture,Medium,Reliance Industries,https://www.moneycontrol.com/india/ipo-news/new-firm-launches,automotive industry faces headwinds from rising material costs,0,0,0,0,0,0,0,0.0,0,0,0,0,0,0,neutral,False,-1.43,True,298.71,5.702815340465995,62,8,6.875,0,1,1.43,1.0
2025-05-27,merger talks between two banks fall through,Financial Times,Supply Chain Disruption,NSE Nifty,0.44,405.71,positive,Pharmaceuticals,Low,Reliance Industries,https://timesofindia.indiatimes.com/business/agriculture-sector,merger talks between two banks fall through,0,0,0,1,0,1,-1,0.0,0,0,0,0,0,0,neutral,False,0.44,True,405.71,6.008100400759408,43,7,5.285714285714286,1,0,0.44,0.0
2025-07-23,central bank maintains status quo on interest rates,CNBC,Market Rally,Euro Stoxx 50,4.35,274.79,positive,Energy,Medium,Microsoft,https://economictimes.indiatimes.com/stocks/bse-sensex-plunges,central bank maintains status quo on interest rates,0,0,0,0,0,0,0,0.0,0,0,0,0,0,0,neutral,False,4.35,True,274.79,5.619639706543773,51,8,5.5,1,0,4.35,2.0
2025-04-13,media and entertainment companies report a surge in streaming revenue,Forbes,Cryptocurrency Regulation,KOSPI,-4.03,252.5,positive,Retail,Low,JP Morgan Chase,https://www.ft.com/content/consumer-confidence-report,media and entertainment companies report a surge in streaming revenue,1,0,0,0,2,0,2,2.0,1,0,0,0,0,1,positive,True,-4.03,False,252.5,5.535363823031238,69,10,6.0,0,1,4.03,2.0
2025-03-12,federal reserve chairman s speech causes market volatility,Forbes,IPO Launch,S&P 500,0.89,312.06,positive,Energy,Medium,Goldman Sachs,https://www.ft.com/content/geopolitical-summit,federal reserve chairman s speech causes market volatility,0,0,0,0,0,0,0,0.0,0,0,0,0,0,0,neutral,False,0.89,True,312.06,5.7463948654600765,58,8,6.375,1,0,0.89,0.0
2025-04-03,e-commerce earnings report beats all analyst expectations,The Hindu Business Line,IPO Launch,Dow Jones,-4.12,105.02,negative,Construction,Low,Samsung Electronics,https://www.ft.com/content/media-entertainment-merger,e-commerce earnings report beats all analyst expectations,0,0,0,0,0,0,0,0.0,0,0,0,0,0,1,neutral,False,-4.12,True,105.02,4.66362775555966,57,7,7.285714285714286,0,1,4.12,2.0
2025-05-19,financial sector bracing for new capital requirements,Forbes,Inflation Data Release,NSE Nifty,4.7,474.23,positive,Transportation,High,JP Morgan Chase,https://www.ft.com/content/consumer-confidence-report,financial sector bracing for new capital requirements,0,0,0,0,0,0,0,0.0,0,0,0,0,0,0,neutral,False,4.7,True,474.23,6.163798897368869,53,7,6.714285714285714,1,0,4.7,2.0
2025-04-02,major technology firm acquires a smaller rival in a multi-billion dollar deal,Barron's,Inflation Data Release,Shanghai Composite,4.41,448.6,positive,Aerospace & Defense,High,Samsung Electronics,https://www.bloomberg.com/australia/asx-200-performance,major technology firm acquires a smaller rival in a multi-billion dollar deal,0,0,0,0,0,0,0,0.0,0,0,0,1,0,0,neutral,False,4.41,True,448.6,6.108358298579481,77,12,5.5,1,0,4.41,2.0
2025-06-14,china s shanghai composite falls after new trade restrictions,Mint,Consumer Confidence Report,Russell 2000,-0.09,237.51,negative,Healthcare,Low,Apple Inc.,https://www.forbes.com/crypto/cryptocurrency-regulation,china s shanghai composite falls after new trade restrictions,0,0,0,0,0,0,0,0.0,0,0,0,0,0,0,neutral,False,-0.09,True,237.51,5.474411238170585,61,9,5.888888888888889,0,1,0.09,0.0
2025-04-10,merger talks between two banks fall through,Bloomberg,Regulatory Changes,Shanghai Composite,-2.33,61.78,negative,Construction,Low,Microsoft,https://www.ft.com/content/media-entertainment-merger,merger talks between two banks fall through,0,0,0,1,0,1,-1,0.0,0,0,0,0,0,0,neutral,True,-2.33,True,61.78,4.139636551413807,43,7,5.285714285714286,0,1,2.33,1.0
2025-06-11,bond yields tumble as investors seek safe havens,Bloomberg,Geopolitical Event,Nikkei 225,2.53,1.63,positive,Agriculture,High,Microsoft,https://www.bloomberg.com/middle-east/news/bond-market-fluctuation,bond yields tumble as investors seek safe havens,0,1,0,0,0,2,-2,0.0,0,1,0,0,0,0,negative,False,2.53,True,1.63,0.9669838461896731,48,8,5.125,1,0,2.53,1.0
2025-04-13,media and entertainment companies report a surge in streaming revenue,Forbes,Cryptocurrency Regulation,KOSPI,-4.03,252.5,positive,Retail,Low,JP Morgan Chase,https://www.ft.com/content/consumer-confidence-report,media and entertainment companies report a surge in streaming revenue,1,0,0,0,2,0,2,2.0,1,0,0,0,0,1,positive,True,-4.03,False,252.5,5.535363823031238,69,10,6.0,0,1,4.03,2.0
2025-07-06,federal reserve chairman s speech causes market volatility,Yahoo Finance,Stock Market Crash,Dow Jones,-0.76,44.74,negative,Transportation,High,JP Morgan Chase,https://www.cnbc.com/2025/09/automotive-industry-trends,federal reserve chairman s speech causes market volatility,0,0,0,0,0,0,0,0.0,0,0,0,0,0,0,neutral,False,-0.76,True,44.74,3.822973188594635,58,8,6.375,0,1,0.76,0.0
2025-05-23,healthcare stocks gain on robust demand and strong outlook,Mint,Geopolitical Event,TSX,-3.64,142.03,positive,Media & Entertainment,Low,Microsoft,https://www.forbes.com/finance/geopolitical-event-impact,healthcare stocks gain on robust demand and strong outlook,2,0,1,0,5,0,5,5.0,1,0,0,0,0,0,positive,True,-3.64,False,142.03,4.9630543984668085,58,9,5.555555555555555,0,1,3.64,2.0
2025-04-29,record-high inflation data rattles investors,Mint,Corporate Earnings Report,KOSPI,0.14,198.32,positive,Energy,High,Apple Inc.,https://www.marketwatch.com/story/consumer-goods-report,record-high inflation data rattles investors,0,0,0,0,0,0,0,0.0,0,0,0,0,0,0,neutral,False,0.14,True,198.32,5.294911573413204,44,5,8.0,1,0,0.14,0.0
2025-06-28,major oil spill sends energy stocks plummeting,Business Standard,Market Rally,IBOVESPA,0.6,311.53,positive,Utilities,Medium,ExxonMobil,https://timesofindia.indiatimes.com/business/markets/stock-market-crash,major oil spill sends energy stocks plummeting,0,0,0,0,0,0,0,0.0,0,0,0,0,0,0,neutral,False,0.6,True,311.53,5.744700464568751,46,7,5.714285714285714,1,0,0.6,0.0
2025-07-19,gold prices surge as investors flee riskier assets,MarketWatch,Government Policy Announcement,Nikkei 225,-1.12,494.46,negative,Media & Entertainment,Low,Boeing,https://www.business-standard.com/economy/economic-stimulus,gold prices surge as investors flee riskier assets,1,0,0,0,2,0,2,2.0,1,0,0,0,0,0,positive,False,-1.12,True,494.46,6.2054866239726305,50,8,5.375,0,1,1.12,1.0
2025-07-19,real estate sector shows signs of overheating as interest rates fall,The Motley Fool,Central Bank Meeting,S&P/TSX Composite,-4.28,381.69,negative,Healthcare,Low,Goldman Sachs,https://www.wsj.com/japan/economic-data-release,real estate sector shows signs of overheating as interest rates fall,0,0,0,1,0,1,-1,0.0,0,0,0,0,0,0,neutral,True,-4.28,True,381.69,5.947225261962221,68,11,5.2727272727272725,0,1,4.28,2.0
2025-02-08,"global trade talks collapse, causing market turmoil",Wall Street Journal,Interest Rate Change,S&P/TSX Composite,-4.69,266.48,negative,Technology,Medium,Samsung Electronics,https://timesofindia.indiatimes.com/business/finance/banking-sector-news,global trade talks collapse causing market turmoil,0,0,0,0,0,0,0,0.0,0,0,0,0,0,0,neutral,False,-4.69,True,266.48,5.589044797185778,50,7,6.285714285714286,0,1,4.69,2.0
2025-05-25,financial services stocks rally on strong profit margins,CNBC,Commodity Price Shock,DAX,1.02,74.49,positive,Materials,High,JP Morgan Chase,https://www.business-standard.com/economy/inflation-data,financial services stocks rally on strong profit margins,2,0,1,0,5,0,5,5.0,1,0,0,0,0,0,positive,True,1.02,True,74.49,4.324000197151533,56,8,6.125,1,0,1.02,1.0
2025-05-28,e-commerce earnings report beats all analyst expectations,Business Standard,Corporate Earnings Report,Euro Stoxx 50,-0.49,491.62,negative,Retail,Low,Reliance Industries,https://timesofindia.indiatimes.com/business/corporate-governance,e-commerce earnings report beats all analyst expectations,0,0,0,0,0,0,0,0.0,0,0,0,0,0,1,neutral,False,-0.49,True,491.62,6.199738085755463,57,7,7.285714285714286,0,1,0.49,0.0
2025-05-12,pharmaceutical company s drug approval drives stock upward,The Motley Fool,Bond Market Fluctuation,Russell 2000,-1.61,499.83,positive,Agriculture,Low,Boeing,,pharmaceutical company s drug approval drives stock upward,0,0,2,0,2,0,2,2.0,0,0,0,0,0,0,positive,True,-1.61,False,499.83,6.216266722145061,58,8,6.375,0,1,1.61,1.0
2025-04-14,federal reserve chairman s speech causes market volatility,Reuters,Corporate Earnings Report,BSE Sensex,-0.21,252.89,negative,Agriculture,Medium,Samsung Electronics,https://www.business-standard.com/international-business/trade-policy,federal reserve chairman s speech causes market volatility,0,0,0,0,0,0,0,0.0,0,0,0,0,0,0,neutral,False,-0.21,True,252.89,5.536901102350124,58,8,6.375,0,1,0.21,0.0
2025-03-08,massive stock buyback program announced by a consumer goods company,Business Standard,Major Merger/Acquisition,KOSPI,4.51,97.41,positive,Construction,High,Apple Inc.,https://www.business-standard.com/economy/economic-stimulus,massive stock buyback program announced by a consumer goods company,0,0,0,0,0,0,0,0.0,0,0,0,0,0,0,neutral,False,4.51,True,97.41,4.589142424910894,67,10,5.8,1,0,4.51,2.0
2025-07-16,utilities sector remains stable during market fluctuations,MarketWatch,Corporate Earnings Report,S&P 500,-1.81,456.62,negative,Real Estate,High,Samsung Electronics,https://www.business-standard.com/economy/inflation-data,utilities sector remains stable during market fluctuations,0,0,0,0,0,0,0,0.0,0,0,0,0,0,0,neutral,False,-1.81,True,456.62,6.126039145404202,58,7,7.428571428571429,0,1,1.81,1.0
2025-05-14,consumer confidence index reaches a decade high,Times of India,Central Bank Meeting,Euro Stoxx 50,-4.67,59.35,negative,Pharmaceuticals,Medium,Apple Inc.,https://www.reuters.com/markets/indices/nikkei-225,consumer confidence index reaches a decade high,0,0,1,0,1,0,1,1.0,0,0,0,0,0,0,neutral,False,-4.67,True,59.35,4.10016094754354,47,7,5.857142857142857,0,1,4.67,2.0
2025-07-30,market braces for a major policy announcement from the eu,Bloomberg,Geopolitical Event,NSE Nifty,-2.58,393.59,negative,Media & Entertainment,Medium,Goldman Sachs,https://www.wsj.com/europe/regulatory-changes,market braces for a major policy announcement from the eu,0,0,0,0,0,0,0,0.0,0,0,0,0,0,0,neutral,False,-2.58,True,393.59,5.977847251148797,57,10,4.8,0,1,2.58,1.0
2025-08-06,consumer confidence index reaches a decade high,MarketWatch,Economic Data Release,CAC 40,2.46,358.46,positive,Media & Entertainment,High,ExxonMobil,https://www.moneycontrol.com/us-markets/nasdaq-composite,consumer confidence index reaches a decade high,0,0,1,0,1,0,1,1.0,0,0,0,0,0,0,neutral,True,2.46,True,358.46,5.884602905323889,47,7,5.857142857142857,1,0,2.46,1.0
2025-07-17,media and entertainment companies report a surge in streaming revenue,Times of India,Central Bank Meeting,NSE Nifty,-2.3,351.67,negative,Industrials,High,Tata Motors,https://www.investopedia.com/articles/government-policy-announcement,media and entertainment companies report a surge in streaming revenue,1,0,0,0,2,0,2,2.0,1,0,0,0,0,1,positive,False,-2.3,True,351.67,5.8655327755013085,69,10,6.0,0,1,2.3,1.0
2025-04-30,market sentiment turns positive on vaccine trial results,MarketWatch,Geopolitical Event,BSE Sensex,-0.7,75.6,positive,Retail,Medium,Reliance Industries,https://www.wsj.com/china/market-regulation,market sentiment turns positive on vaccine trial results,0,0,1,0,1,0,1,1.0,0,0,0,0,0,0,neutral,True,-0.7,False,75.6,4.338597076746545,56,8,6.125,0,1,0.7,0.0
2025-06-14,government policy shift boosts renewable energy sector,Times of India,Market Rally,Russell 2000,-4.19,411.02,negative,Utilities,Low,Apple Inc.,https://timesofindia.indiatimes.com/business/markets/stock-market-crash,government policy shift boosts renewable energy sector,0,0,0,0,0,0,0,0.0,0,0,0,0,0,0,neutral,False,-4.19,True,411.02,6.02107189186064,54,7,6.857142857142857,0,1,4.19,2.0
2025-04-23,new ipo for a popular software firm is oversubscribed,Times of India,Commodity Price Shock,DAX,-2.18,462.33,negative,Energy,High,JP Morgan Chase,https://timesofindia.indiatimes.com/business/corporate-governance,new ipo for a popular software firm is oversubscribed,0,0,0,0,0,0,0,0.0,0,0,0,0,0,0,neutral,False,-2.18,True,462.33,6.138439543186145,53,9,5.0,0,1,2.18,1.0
2025-08-07,consumer confidence index reaches a decade high,The Economist,Inflation Data Release,Dow Jones,-1.42,9.97,negative,Utilities,Low,ExxonMobil,https://www.business-standard.com/economy/inflation-data,consumer confidence index reaches a decade high,0,0,1,0,1,0,1,1.0,0,0,0,0,0,0,neutral,False,-1.42,True,9.97,2.395164274287139,47,7,5.857142857142857,0,1,1.42,1.0
2025-04-19,china s shanghai composite falls after new trade restrictions,Financial Times,Unemployment Rate Announcement,IBOVESPA,-3.81,295.17,negative,Healthcare,Medium,Apple Inc.,https://www.business-standard.com/economy/trade-disputes-impact,china s shanghai composite falls after new trade restrictions,0,0,0,0,0,0,0,0.0,0,0,0,0,0,0,neutral,False,-3.81,True,295.17,5.69093361378729,61,9,5.888888888888889,0,1,3.81,2.0
2025-04-13,real estate sector shows signs of overheating as interest rates fall,Investopedia,Geopolitical Event,CAC 40,1.83,263.54,negative,Technology,Medium,Boeing,https://www.investopedia.com/articles/government-policy-announcement,real estate sector shows signs of overheating as interest rates fall,0,0,0,1,0,1,-1,0.0,0,0,0,0,0,0,neutral,True,1.83,False,263.54,5.577992468597901,68,11,5.2727272727272725,1,0,1.83,1.0
2025-03-28,manufacturing pmi data signals economic expansion,Barron's,Currency Devaluation,NSE Nifty,-2.94,173.05,positive,Agriculture,Medium,ExxonMobil,https://www.business-standard.com/finance/corporate-earnings,manufacturing pmi data signals economic expansion,0,0,1,0,1,0,1,1.0,0,0,0,0,0,0,neutral,True,-2.94,False,173.05,5.159342614257448,49,6,7.333333333333333,0,1,2.94,1.0
2025-03-08,media and entertainment companies report a surge in streaming revenue,Reuters,Market Rally,Hang Seng,-3.58,488.85,negative,Media & Entertainment,High,Boeing,https://www.reuters.com/business/energy/oil-market-update,media and entertainment companies report a surge in streaming revenue,1,0,0,0,2,0,2,2.0,1,0,0,0,0,1,positive,False,-3.58,True,488.85,6.194099221790651,69,10,6.0,0,1,3.58,2.0
2025-07-12,pharmaceutical company s drug approval drives stock upward,Wall Street Journal,Inflation Data Release,TSX,-3.13,76.63,negative,Automotive,Low,Tata Motors,https://timesofindia.indiatimes.com/business/finance/banking-sector-news,pharmaceutical company s drug approval drives stock upward,0,0,2,0,2,0,2,2.0,0,0,0,0,0,0,positive,False,-3.13,True,76.63,4.351953950417589,58,8,6.375,0,1,3.13,2.0
2025-02-27,consumer discretionary stocks outperform as spending increases,Seeking Alpha,Interest Rate Change,Shanghai Composite,-4.56,86.15,positive,Utilities,High,Boeing,https://www.reuters.com/business/retail-sector-earnings,consumer discretionary stocks outperform as spending increases,1,0,0,0,2,0,2,2.0,1,0,0,0,0,0,positive,True,-4.56,False,86.15,4.46763077196603,62,7,8.0,0,1,4.56,2.0
2025-08-14,major oil spill sends energy stocks plummeting,Mint,Cryptocurrency Regulation,FTSE 100,3.02,41.56,positive,Agriculture,Medium,Samsung Electronics,https://www.reuters.com/business/energy/oil-market-update,major oil spill sends energy stocks plummeting,0,0,0,0,0,0,0,0.0,0,0,0,0,0,0,neutral,False,3.02,True,41.56,3.750914845033389,46,7,5.714285714285714,1,0,3.02,2.0
2025-02-19,gold prices surge as investors flee riskier assets,MarketWatch,Commodity Price Shock,Dow Jones,4.22,309.02,positive,Utilities,High,Microsoft,https://www.wsj.com/china/market-rally,gold prices surge as investors flee riskier assets,1,0,0,0,2,0,2,2.0,1,0,0,0,0,0,positive,True,4.22,True,309.02,5.736636811527148,50,8,5.375,1,0,4.22,2.0
2025-06-22,a massive data breach sends a tech company s stock tumbling,Yahoo Finance,IPO Launch,Nasdaq Composite,1.41,141.37,positive,Materials,Medium,Boeing,https://economictimes.indiatimes.com/news/transportation,a massive data breach sends a tech company s stock tumbling,0,1,0,0,0,2,-2,0.0,0,1,0,0,0,0,negative,False,1.41,True,141.37,4.958429302625654,59,11,4.454545454545454,1,0,1.41,1.0
2025-05-26,tech giant s new product launch sparks sector-wide gains,Reuters,Major Merger/Acquisition,Nikkei 225,-4.97,114.57,negative,Finance,Low,Boeing,https://www.ft.com/content/currency-devaluation,tech giant s new product launch sparks sector-wide gains,0,0,0,0,0,0,0,0.0,0,0,0,0,0,0,neutral,False,-4.97,True,114.57,4.74987640698735,56,9,5.333333333333333,0,1,4.97,2.0
2025-08-08,government spending bill is expected to stimulate the economy,Yahoo Finance,Consumer Confidence Report,Nikkei 225,0.77,158.9,positive,Telecommunications,Medium,Boeing,https://www.bloomberg.com/canada/tsunami-warnings,government spending bill is expected to stimulate the economy,0,0,0,0,0,0,0,0.0,0,0,0,0,0,0,neutral,False,0.77,True,158.9,5.074548619839908,61,9,5.888888888888889,1,0,0.77,0.0
2025-04-17,banking stocks dip after a major scandal is revealed,MarketWatch,Trade Tariffs Announcement,ASX 200,-4.57,169.79,negative,Media & Entertainment,High,JP Morgan Chase,,banking stocks dip after a major scandal is revealed,0,1,0,1,0,3,-3,0.0,0,1,0,0,0,0,negative,True,-4.57,True,169.79,5.1404347316311005,52,9,4.888888888888889,0,1,4.57,2.0
2025-04-14,a massive data breach sends a tech company s stock tumbling,Economic Times,Central Bank Meeting,Euro Stoxx 50,-1.55,61.87,negative,Agriculture,Low,Tata Motors,https://www.business-standard.com/finance/corporate-earnings,a massive data breach sends a tech company s stock tumbling,0,1,0,0,0,2,-2,0.0,0,1,0,0,0,0,negative,True,-1.55,True,61.87,4.14106910239497,59,11,4.454545454545454,0,1,1.55,1.0
2025-02-27,new regulations on cryptocurrencies cause a market dip,Yahoo Finance,Trade Tariffs Announcement,ASX 200,2.79,278.46,positive,Telecommunications,Low,Microsoft,https://www.reuters.com/business/energy/oil-market-update,new regulations on cryptocurrencies cause a market dip,0,0,0,1,0,1,-1,0.0,0,0,0,0,0,0,neutral,False,2.79,True,278.46,5.632859169652302,54,8,5.875,1,0,2.79,1.0
2025-04-13,quarterly report shows surprising losses for retail giants,Reuters,Trade Tariffs Announcement,FTSE 100,-4.1,457.19,negative,Pharmaceuticals,High,Samsung Electronics,https://www.ft.com/content/currency-devaluation,quarterly report shows surprising losses for retail giants,0,0,0,0,0,0,0,0.0,0,0,0,0,0,1,neutral,False,-4.1,True,457.19,6.127283945250464,58,8,6.375,0,1,4.1,2.0
2025-06-29,unexpected rise in unemployment fuels market pessimism,Mint,Government Policy Announcement,Euro Stoxx 50,-2.11,330.66,negative,Construction,Low,Tesla,https://www.moneycontrol.com/us-markets/dow-jones-industrial,unexpected rise in unemployment fuels market pessimism,0,0,1,0,1,0,1,1.0,0,0,0,0,0,0,neutral,False,-2.11,True,330.66,5.804110347785953,54,7,6.857142857142857,0,1,2.11,1.0
2025-05-10,uk s ftse 100 sees a boost from favorable trade data,Business Standard,Geopolitical Event,Shanghai Composite,-1.22,157.77,negative,Utilities,Low,Reliance Industries,https://www.ft.com/content/geopolitical-summit,uk s ftse 100 sees a boost from favorable trade data,0,0,2,0,2,0,2,2.0,0,0,0,0,1,0,positive,False,-1.22,True,157.77,5.06745661408942,52,11,3.8181818181818183,0,1,1.22,1.0
2025-02-26,dow jones plunges as market fears recession,Seeking Alpha,Trade Tariffs Announcement,TSX,-4.22,219.31,negative,Finance,High,Goldman Sachs,https://economictimes.indiatimes.com/news/economy/unemployment-rate,dow jones plunges as market fears recession,0,0,0,0,0,0,0,0.0,0,0,0,0,0,0,neutral,False,-4.22,True,219.31,5.395035645424474,43,7,5.285714285714286,0,1,4.22,2.0
2025-04-05,consumer confidence index reaches a decade high,Business Standard,Bond Market Fluctuation,ASX 200,-0.28,239.26,positive,Media & Entertainment,Low,Tata Motors,https://www.theeconomist.com/world/government-policy-announcement,consumer confidence index reaches a decade high,0,0,1,0,1,0,1,1.0,0,0,0,0,0,0,neutral,True,-0.28,False,239.26,5.481721670293229,47,7,5.857142857142857,0,1,0.28,0.0
2025-04-13,manufacturing pmi data signals economic expansion,Financial Times,Corporate Earnings Report,CAC 40,-2.46,214.35,negative,Finance,Medium,Tata Motors,https://www.business-standard.com/international-business/trade-policy,manufacturing pmi data signals economic expansion,0,0,1,0,1,0,1,1.0,0,0,0,0,0,0,neutral,False,-2.46,True,214.35,5.372264611500119,49,6,7.333333333333333,0,1,2.46,1.0
2025-03-22,automotive industry faces headwinds from rising material costs,Economic Times,Supply Chain Disruption,TSX,-2.98,218.71,negative,Agriculture,High,Tata Motors,https://www.ft.com/content/tech-sector-innovation,automotive industry faces headwinds from rising material costs,0,0,0,0,0,0,0,0.0,0,0,0,0,0,0,neutral,False,-2.98,True,218.71,5.392308494968279,62,8,6.875,0,1,2.98,1.0
2025-05-09,consumer confidence index reaches a decade high,CNBC,Unemployment Rate Announcement,IBOVESPA,-2.51,498.49,positive,Technology,Low,Boeing,https://www.bloomberg.com/australia/asx-200-performance,consumer confidence index reaches a decade high,0,0,1,0,1,0,1,1.0,0,0,0,0,0,0,neutral,True,-2.51,False,498.49,6.213587577868185,47,7,5.857142857142857,0,1,2.51,1.0
2025-04-16,media and entertainment companies report a surge in streaming revenue,The Hindu Business Line,IPO Launch,ASX 200,-2.52,492.04,negative,Healthcare,Low,Samsung Electronics,https://www.wsj.com/europe/regulatory-changes,media and entertainment companies report a surge in streaming revenue,1,0,0,0,2,0,2,2.0,1,0,0,0,0,1,positive,False,-2.52,True,492.04,6.200590306653988,69,10,6.0,0,1,2.52,1.0
2025-06-19,pharmaceutical company s drug approval drives stock upward,Investopedia,IPO Launch,Russell 2000,-1.63,129.35,positive,Consumer Goods,High,Samsung Electronics,https://www.reuters.com/markets/indices/nikkei-225,pharmaceutical company s drug approval drives stock upward,0,0,2,0,2,0,2,2.0,0,0,0,0,0,0,positive,True,-1.63,False,129.35,4.870223140379511,58,8,6.375,0,1,1.63,1.0
2025-03-30,consumer discretionary stocks outperform as spending increases,Economic Times,Stock Market Crash,NSE Nifty,-2.18,49.51,negative,Finance,Medium,ExxonMobil,https://www.reuters.com/business/retail-sector-earnings,consumer discretionary stocks outperform as spending increases,1,0,0,0,2,0,2,2.0,1,0,0,0,0,0,positive,False,-2.18,True,49.51,3.9221713364799613,62,7,8.0,0,1,2.18,1.0
2025-05-23,central bank maintains status quo on interest rates,Economic Times,Trade Tariffs Announcement,Dow Jones,0.79,423.64,positive,Transportation,Medium,Microsoft,https://www.ft.com/content/consumer-confidence-report,central bank maintains status quo on interest rates,0,0,0,0,0,0,0,0.0,0,0,0,0,0,0,neutral,False,0.79,True,423.64,6.051241751143842,51,8,5.5,1,0,0.79,0.0
2025-04-22,real estate sector shows signs of overheating as interest rates fall,Investopedia,IPO Launch,ASX 200,2.81,462.68,positive,Automotive,High,Reliance Industries,https://www.moneycontrol.com/us-markets/sp-500,real estate sector shows signs of overheating as interest rates fall,0,0,0,1,0,1,-1,0.0,0,0,0,0,0,0,neutral,False,2.81,True,462.68,6.139194659132317,68,11,5.2727272727272725,1,0,2.81,1.0
2025-04-22,real estate sector shows signs of overheating as interest rates fall,Investopedia,IPO Launch,ASX 200,2.81,462.68,positive,Automotive,High,Reliance Industries,https://www.moneycontrol.com/us-markets/sp-500,real estate sector shows signs of overheating as interest rates fall,0,0,0,1,0,1,-1,0.0,0,0,0,0,0,0,neutral,False,2.81,True,462.68,6.139194659132317,68,11,5.2727272727272725,1,0,2.81,1.0
2025-02-02,consumer discretionary stocks outperform as spending increases,Bloomberg,Currency Devaluation,BSE Sensex,-0.87,330.27,positive,Pharmaceuticals,High,ExxonMobil,https://www.investopedia.com/articles/supply-chain-disruption,consumer discretionary stocks outperform as spending increases,1,0,0,0,2,0,2,2.0,1,0,0,0,0,0,positive,True,-0.87,False,330.27,5.802933752836283,62,7,8.0,0,1,0.87,0.0
2025-03-02,a massive data breach sends a tech company s stock tumbling,Barron's,IPO Launch,IBOVESPA,-4.21,193.1,negative,Agriculture,Medium,Boeing,https://www.ft.com/content/consumer-confidence-report,a massive data breach sends a tech company s stock tumbling,0,1,0,0,0,2,-2,0.0,0,1,0,0,0,0,negative,True,-4.21,True,193.1,5.268373490174964,59,11,4.454545454545454,0,1,4.21,2.0
2025-03-12,federal reserve chairman s speech causes market volatility,Forbes,IPO Launch,S&P 500,0.89,312.06,positive,Energy,Medium,Goldman Sachs,https://www.ft.com/content/geopolitical-summit,federal reserve chairman s speech causes market volatility,0,0,0,0,0,0,0,0.0,0,0,0,0,0,0,neutral,False,0.89,True,312.06,5.7463948654600765,58,8,6.375,1,0,0.89,0.0
2025-06-23,government spending bill is expected to stimulate the economy,Seeking Alpha,IPO Launch,DAX,2.33,249.28,positive,Materials,Low,Goldman Sachs,https://www.moneycontrol.com/us-markets/nasdaq-composite,government spending bill is expected to stimulate the economy,0,0,0,0,0,0,0,0.0,0,0,0,0,0,0,neutral,False,2.33,True,249.28,5.522580291130163,61,9,5.888888888888889,1,0,2.33,1.0
2025-04-24,automotive industry faces headwinds from rising material costs,Wall Street Journal,Geopolitical Event,TSX,-1.7,386.22,negative,Real Estate,High,Apple Inc.,https://economictimes.indiatimes.com/news/transportation,automotive industry faces headwinds from rising material costs,0,0,0,0,0,0,0,0.0,0,0,0,0,0,0,neutral,False,-1.7,True,386.22,5.958993006961019,62,8,6.875,0,1,1.7,1.0
2025-04-07,retail sales report surpasses all forecasts,Reuters,Inflation Data Release,NSE Nifty,3.42,48.36,positive,Automotive,Low,ExxonMobil,https://www.ft.com/content/consumer-confidence-report,retail sales report surpasses all forecasts,0,0,0,0,0,0,0,0.0,0,0,0,0,0,1,neutral,False,3.42,True,48.36,3.8991403795971324,43,6,6.333333333333333,1,0,3.42,2.0
2025-03-18,bond yields tumble as investors seek safe havens,Reuters,Cryptocurrency Regulation,CAC 40,-2.89,23.03,negative,Transportation,Medium,Tata Motors,https://www.cnbc.com/2025/10/real-estate-market-analysis,bond yields tumble as investors seek safe havens,0,1,0,0,0,2,-2,0.0,0,1,0,0,0,0,negative,True,-2.89,True,23.03,3.1793030497483774,48,8,5.125,0,1,2.89,1.0
2025-06-18,new housing data release shows a slowdown in market activity,The Economist,Central Bank Meeting,Shanghai Composite,-2.71,452.66,negative,Telecommunications,High,Goldman Sachs,https://www.investopedia.com/articles/supply-chain-disruption,new housing data release shows a slowdown in market activity,0,0,0,1,0,1,-1,0.0,0,0,0,0,0,0,neutral,True,-2.71,True,452.66,6.117348018798234,60,10,5.1,0,1,2.71,1.0
2025-06-07,unexpected rise in unemployment fuels market pessimism,Economic Times,Inflation Data Release,FTSE 100,1.03,316.72,positive,Healthcare,Medium,Tata Motors,https://www.forbes.com/finance/geopolitical-event-impact,unexpected rise in unemployment fuels market pessimism,0,0,1,0,1,0,1,1.0,0,0,0,0,0,0,neutral,True,1.03,True,316.72,5.761170491764932,54,7,6.857142857142857,1,0,1.03,1.0
2025-03-26,geopolitical ceasefire prompts a broad market recovery,The Economist,Interest Rate Change,ASX 200,-2.47,377.79,negative,Materials,High,Goldman Sachs,https://www.reuters.com/business/energy/oil-market-update,geopolitical ceasefire prompts a broad market recovery,0,0,1,0,1,0,1,1.0,0,0,0,0,0,0,neutral,False,-2.47,True,377.79,5.9369819618082325,54,7,6.857142857142857,0,1,2.47,1.0
2025-07-18,automotive industry faces headwinds from rising material costs,Yahoo Finance,Stock Market Crash,Russell 2000,2.28,177.01,positive,Construction,Medium,Tata Motors,https://www.reuters.com/business/energy/oil-market-update,automotive industry faces headwinds from rising material costs,0,0,0,0,0,0,0,0.0,0,0,0,0,0,0,neutral,False,2.28,True,177.01,5.181839728489342,62,8,6.875,1,0,2.28,1.0
2025-04-09,consumer confidence index reaches a decade high,Mint,Government Policy Announcement,ASX 200,1.2,312.51,positive,Finance,Low,Tesla,https://www.reuters.com/markets/stocks/tech-rally,consumer confidence index reaches a decade high,0,0,1,0,1,0,1,1.0,0,0,0,0,0,0,neutral,True,1.2,True,312.51,5.747831257490882,47,7,5.857142857142857,1,0,1.2,1.0
2025-04-02,major technology firm acquires a smaller rival in a multi-billion dollar deal,Barron's,Inflation Data Release,Shanghai Composite,4.41,448.6,positive,Aerospace & Defense,High,Samsung Electronics,https://www.bloomberg.com/australia/asx-200-performance,major technology firm acquires a smaller rival in a multi-billion dollar deal,0,0,0,0,0,0,0,0.0,0,0,0,1,0,0,neutral,False,4.41,True,448.6,6.108358298579481,77,12,5.5,1,0,4.41,2.0
2025-03-07,major oil spill sends energy stocks plummeting,Yahoo Finance,Consumer Confidence Report,IBOVESPA,-1.07,246.34,negative,Utilities,Medium,Apple Inc.,https://www.forbes.com/finance/geopolitical-event-impact,major oil spill sends energy stocks plummeting,0,0,0,0,0,0,0,0.0,0,0,0,0,0,0,neutral,False,-1.07,True,246.34,5.510763908313911,46,7,5.714285714285714,0,1,1.07,1.0
2025-04-29,financial sector bracing for new capital requirements,Investopedia,Consumer Confidence Report,Euro Stoxx 50,-4.91,231.85,negative,Healthcare,Medium,Samsung Electronics,https://www.wsj.com/china/market-regulation,financial sector bracing for new capital requirements,0,0,0,0,0,0,0,0.0,0,0,0,0,0,0,neutral,False,-4.91,True,231.85,5.450394469428386,53,7,6.714285714285714,0,1,4.91,2.0
2025-05-16,healthcare stocks gain on robust demand and strong outlook,Forbes,Bond Market Fluctuation,S&P/TSX Composite,-2.16,416.62,positive,Industrials,Medium,Apple Inc.,https://timesofindia.indiatimes.com/business/markets/stock-market-crash,healthcare stocks gain on robust demand and strong outlook,2,0,1,0,5,0,5,5.0,1,0,0,0,0,0,positive,True,-2.16,False,416.62,6.034571928141916,58,9,5.555555555555555,0,1,2.16,1.0
2025-02-28,automotive industry faces headwinds from rising material costs,Reuters,Stock Market Crash,CAC 40,-2.36,183.44,negative,Materials,Medium,Boeing,https://www.reuters.com/business/energy/oil-market-update,automotive industry faces headwinds from rising material costs,0,0,0,0,0,0,0,0.0,0,0,0,0,0,0,neutral,False,-2.36,True,183.44,5.217324207338505,62,8,6.875,0,1,2.36,1.0
2025-04-21,financial sector bracing for new capital requirements,Business Standard,Major Merger/Acquisition,Russell 2000,-2.11,234.75,negative,Industrials,Medium,Samsung Electronics,https://timesofindia.indiatimes.com/business/agriculture-sector,financial sector bracing for new capital requirements,0,0,0,0,0,0,0,0.0,0,0,0,0,0,0,neutral,False,-2.11,True,234.75,5.462771921513567,53,7,6.714285714285714,0,1,2.11,1.0
2025-05-18,geopolitical ceasefire prompts a broad market recovery,Yahoo Finance,Geopolitical Event,TSX,0.44,477.28,positive,Technology,High,JP Morgan Chase,https://economictimes.indiatimes.com/news/economy/unemployment-rate,geopolitical ceasefire prompts a broad market recovery,0,0,1,0,1,0,1,1.0,0,0,0,0,0,0,neutral,True,0.44,True,477.28,6.170196335051379,54,7,6.857142857142857,1,0,0.44,0.0
2025-05-12,new ipo for a popular software firm is oversubscribed,Business Standard,Regulatory Changes,BSE Sensex,3.0,274.07,positive,Pharmaceuticals,Medium,Microsoft,https://www.moneycontrol.com/us-markets/sp-500,new ipo for a popular software firm is oversubscribed,0,0,0,0,0,0,0,0.0,0,0,0,0,0,0,neutral,False,3.0,True,274.07,5.617025610729919,53,9,5.0,1,0,3.0,1.0
2025-02-26,federal reserve chairman s speech causes market volatility,The Economist,Cryptocurrency Regulation,Nikkei 225,4.26,45.94,positive,Energy,Medium,Boeing,https://www.wsj.com/europe/dax-performance,federal reserve chairman s speech causes market volatility,0,0,0,0,0,0,0,0.0,0,0,0,0,0,0,neutral,False,4.26,True,45.94,3.8488701904228773,58,8,6.375,1,0,4.26,2.0
2025-05-23,record-high inflation data rattles investors,Times of India,Interest Rate Change,Nikkei 225,-3.43,484.69,negative,Energy,Low,Reliance Industries,https://www.cnbc.com/2025/10/real-estate-market-analysis,record-high inflation data rattles investors,0,0,0,0,0,0,0,0.0,0,0,0,0,0,0,neutral,False,-3.43,True,484.69,6.185570560298898,44,5,8.0,0,1,3.43,2.0
2025-04-14,market braces for a major policy announcement from the eu,Business Standard,IPO Launch,Dow Jones,4.29,33.76,positive,Technology,High,Apple Inc.,https://www.cnbc.com/2025/08/russia-ukraine-war-economic-impact,market braces for a major policy announcement from the eu,0,0,0,0,0,0,0,0.0,0,0,0,0,0,0,neutral,False,4.29,True,33.76,3.548467300397191,57,10,4.8,1,0,4.29,2.0
2025-06-20,consumer discretionary stocks outperform as spending increases,Reuters,Market Rally,KOSPI,-1.0,123.26,negative,Technology,Low,Goldman Sachs,https://www.wsj.com/japan/economic-data-release,consumer discretionary stocks outperform as spending increases,1,0,0,0,2,0,2,2.0,1,0,0,0,0,0,positive,False,-1.0,True,123.26,4.822376144635548,62,7,8.0,0,1,1.0,0.0
2025-03-03,new regulations on cryptocurrencies cause a market dip,Yahoo Finance,Unemployment Rate Announcement,NSE Nifty,4.08,306.55,positive,Pharmaceuticals,Medium,Apple Inc.,https://economictimes.indiatimes.com/industry/industrials,new regulations on cryptocurrencies cause a market dip,0,0,0,1,0,1,-1,0.0,0,0,0,0,0,0,neutral,False,4.08,True,306.55,5.728637675654378,54,8,5.875,1,0,4.08,2.0
2025-03-09,media and entertainment companies report a surge in streaming revenue,The Motley Fool,Corporate Earnings Report,CAC 40,0.03,4.24,positive,Automotive,Low,ExxonMobil,https://www.moneycontrol.com/us-markets/dow-jones-industrial,media and entertainment companies report a surge in streaming revenue,1,0,0,0,2,0,2,2.0,1,0,0,0,0,1,positive,True,0.03,True,4.24,1.6563214983329508,69,10,6.0,1,0,0.03,0.0
2025-08-08,uk s ftse 100 sees a boost from favorable trade data,Financial Times,Central Bank Meeting,S&P/TSX Composite,4.44,448.75,positive,Retail,Medium,Goldman Sachs,https://www.forbes.com/finance/geopolitical-event-impact,uk s ftse 100 sees a boost from favorable trade data,0,0,2,0,2,0,2,2.0,0,0,0,0,1,0,positive,True,4.44,True,448.75,6.108691872830643,52,11,3.8181818181818183,1,0,4.44,2.0
2025-06-26,a massive data breach sends a tech company s stock tumbling,Mint,Major Merger/Acquisition,Euro Stoxx 50,3.83,312.88,positive,Consumer Goods,Low,Goldman Sachs,https://economictimes.indiatimes.com/industry/industrials,a massive data breach sends a tech company s stock tumbling,0,1,0,0,0,2,-2,0.0,0,1,0,0,0,0,negative,False,3.83,True,312.88,5.749010747259272,59,11,4.454545454545454,1,0,3.83,2.0
2025-02-23,real estate sector shows signs of overheating as interest rates fall,Reuters,Corporate Earnings Report,BSE Sensex,-2.84,208.77,negative,Technology,Medium,Samsung Electronics,https://www.wsj.com/china/market-rally,real estate sector shows signs of overheating as interest rates fall,0,0,0,1,0,1,-1,0.0,0,0,0,0,0,0,neutral,True,-2.84,True,208.77,5.346011692410698,68,11,5.2727272727272725,0,1,2.84,1.0
2025-02-02,consumer discretionary stocks outperform as spending increases,Bloomberg,Currency Devaluation,BSE Sensex,-0.87,330.27,positive,Pharmaceuticals,High,ExxonMobil,https://www.investopedia.com/articles/supply-chain-disruption,consumer discretionary stocks outperform as spending increases,1,0,0,0,2,0,2,2.0,1,0,0,0,0,0,positive,True,-0.87,False,330.27,5.802933752836283,62,7,8.0,0,1,0.87,0.0
2025-05-27,consumer confidence index reaches a decade high,Reuters,Bond Market Fluctuation,ASX 200,,416.71,positive,Industrials,Medium,JP Morgan Chase,https://www.bloomberg.com/asia/policy/central-bank-meeting,consumer confidence index reaches a decade high,0,0,1,0,1,0,1,1.0,0,0,0,0,0,0,neutral,True,,False,416.71,6.034787411843801,47,7,5.857142857142857,0,0,,
2025-07-23,central bank s dovish tone hints at future rate cuts,Seeking Alpha,Corporate Earnings Report,Nasdaq Composite,-3.37,259.98,negative,Media & Entertainment,Low,Tata Motors,https://www.reuters.com/markets/stocks/tech-rally,central bank s dovish tone hints at future rate cuts,0,0,0,0,0,0,0,0.0,0,0,0,0,0,0,neutral,False,-3.37,True,259.98,5.564443776034101,52,10,4.3,0,1,3.37,2.0
2025-07-27,asx 200 gains on strong export performance,Economic Times,Cryptocurrency Regulation,Dow Jones,-4.41,184.07,negative,Consumer Goods,Low,JP Morgan Chase,https://www.business-standard.com/economy/inflation-data,asx 200 gains on strong export performance,1,0,0,0,2,0,2,2.0,1,0,0,0,1,0,positive,False,-4.41,True,184.07,5.220734131889657,42,7,5.142857142857143,0,1,4.41,2.0
2025-05-26,market braces for a major policy announcement from the eu,Mint,Bond Market Fluctuation,Shanghai Composite,-3.33,417.97,negative,Transportation,High,Samsung Electronics,https://www.business-standard.com/economy/trade-disputes-impact,market braces for a major policy announcement from the eu,0,0,0,0,0,0,0,0.0,0,0,0,0,0,0,neutral,False,-3.33,True,417.97,6.037799318313458,57,10,4.8,0,1,3.33,2.0
2025-05-26,crude oil prices drop to a multi-year low,Forbes,Interest Rate Change,Shanghai Composite,-1.04,175.61,negative,Construction,High,Boeing,https://www.reuters.com/business/retail-sector-earnings,crude oil prices drop to a multi-year low,0,0,0,1,0,1,-1,0.0,0,0,0,0,0,0,neutral,True,-1.04,True,175.61,5.17394391170828,41,8,4.25,0,1,1.04,1.0
2025-06-27,a massive data breach sends a tech company s stock tumbling,Wall Street Journal,Interest Rate Change,Dow Jones,-4.0,246.33,negative,Technology,High,JP Morgan Chase,https://www.reuters.com/markets/stocks/tech-rally,a massive data breach sends a tech company s stock tumbling,0,1,0,0,0,2,-2,0.0,0,1,0,0,0,0,negative,True,-4.0,True,246.33,5.510723477319505,59,11,4.454545454545454,0,1,4.0,2.0
2025-06-12,major technology firm acquires a smaller rival in a multi-billion dollar deal,The Motley Fool,Supply Chain Disruption,DAX,4.12,80.18,positive,Technology,Medium,Boeing,https://www.marketwatch.com/story/commodities-price-shock,major technology firm acquires a smaller rival in a multi-billion dollar deal,0,0,0,0,0,0,0,0.0,0,0,0,1,0,0,neutral,False,4.12,True,80.18,4.396668911410751,77,12,5.5,1,0,4.12,2.0
2025-02-26,central bank governor signals potential shift in policy,Financial Times,Currency Devaluation,KOSPI,-3.03,313.25,negative,Transportation,High,ExxonMobil,,central bank governor signals potential shift in policy,0,0,0,0,0,0,0,0.0,0,0,0,0,0,0,neutral,False,-3.03,True,313.25,5.750188847470357,55,8,6.0,0,1,3.03,2.0
2025-03-07,real estate sector shows signs of overheating as interest rates fall,Times of India,Interest Rate Change,Nasdaq Composite,-1.76,469.95,negative,Automotive,Medium,Samsung Electronics,https://www.reuters.com/business/retail-sector-earnings,real estate sector shows signs of overheating as interest rates fall,0,0,0,1,0,1,-1,0.0,0,0,0,0,0,0,neutral,True,-1.76,True,469.95,6.154751931268826,68,11,5.2727272727272725,0,1,1.76,1.0
2025-06-05,gold prices surge as investors flee riskier assets,The Economist,Geopolitical Event,IBOVESPA,-0.59,314.76,negative,Utilities,High,Samsung Electronics,https://www.theeconomist.com/finance-and-economics/trade-tariffs,gold prices surge as investors flee riskier assets,1,0,0,0,2,0,2,2.0,1,0,0,0,0,0,positive,False,-0.59,True,314.76,5.754982431354592,50,8,5.375,0,1,0.59,0.0
2025-04-20,semiconductor shortages weigh heavily on tech sector profits,Wall Street Journal,Geopolitical Event,Russell 2000,3.38,143.83,positive,Retail,Medium,JP Morgan Chase,https://www.wsj.com/europe/regulatory-changes,semiconductor shortages weigh heavily on tech sector profits,0,0,0,0,0,0,0,0.0,0,0,0,0,0,0,neutral,False,3.38,True,143.83,4.975560640812765,60,8,6.625,1,0,3.38,2.0
2025-04-17,market sentiment turns positive on vaccine trial results,Reuters,Commodity Price Shock,Shanghai Composite,-0.15,110.04,negative,Energy,Medium,Goldman Sachs,https://www.bloomberg.com/middle-east/news/bond-market-fluctuation,market sentiment turns positive on vaccine trial results,0,0,1,0,1,0,1,1.0,0,0,0,0,0,0,neutral,False,-0.15,True,110.04,4.7098904967584945,56,8,6.125,0,1,0.15,0.0
2025-07-09,aerospace and defense sector sees rally amid geopolitical tensions,The Motley Fool,Commodity Price Shock,Euro Stoxx 50,-0.44,379.18,positive,Automotive,Medium,Tata Motors,https://www.cnbc.com/2025/11/major-merger-deal-approved,aerospace and defense sector sees rally amid geopolitical tensions,1,0,0,0,2,0,2,2.0,1,0,0,0,0,0,positive,True,-0.44,False,379.18,5.9406448247780075,66,9,6.444444444444445,0,1,0.44,0.0
2025-03-13,new regulations on cryptocurrencies cause a market dip,Business Standard,Interest Rate Change,Shanghai Composite,4.38,403.36,negative,Energy,Low,Apple Inc.,https://www.business-standard.com/economy/inflation-data,new regulations on cryptocurrencies cause a market dip,0,0,0,1,0,1,-1,0.0,0,0,0,0,0,0,neutral,True,4.38,False,403.36,6.0023055702858565,54,8,5.875,1,0,4.38,2.0
2025-08-06,massive stock buyback program announced by a consumer goods company,Reuters,Consumer Confidence Report,ASX 200,-2.0,194.94,negative,Technology,Medium,Tata Motors,https://www.reuters.com/markets/stocks/tech-rally,massive stock buyback program announced by a consumer goods company,0,0,0,0,0,0,0,0.0,0,0,0,0,0,0,neutral,False,-2.0,True,194.94,5.277808489916496,67,10,5.8,0,1,2.0,1.0
2025-06-03,china s shanghai composite falls after new trade restrictions,Business Standard,Government Policy Announcement,Shanghai Composite,2.43,125.05,positive,Automotive,Low,Microsoft,https://www.wsj.com/japan/economic-data-release,china s shanghai composite falls after new trade restrictions,0,0,0,0,0,0,0,0.0,0,0,0,0,0,0,neutral,False,2.43,True,125.05,4.836678653633929,61,9,5.888888888888889,1,0,2.43,1.0
2025-08-10,unexpected rise in unemployment fuels market pessimism,The Motley Fool,Consumer Confidence Report,Hang Seng,-1.64,490.45,negative,Finance,High,Apple Inc.,https://www.marketwatch.com/story/consumer-goods-report,unexpected rise in unemployment fuels market pessimism,0,0,1,0,1,0,1,1.0,0,0,0,0,0,0,neutral,False,-1.64,True,490.45,6.197360205012639,54,7,6.857142857142857,0,1,1.64,1.0
2025-06-05,geopolitical ceasefire prompts a broad market recovery,Yahoo Finance,Interest Rate Change,DAX,-1.33,197.01,negative,Finance,High,Reliance Industries,https://www.ft.com/content/consumer-confidence-report,geopolitical ceasefire prompts a broad market recovery,0,0,1,0,1,0,1,1.0,0,0,0,0,0,0,neutral,False,-1.33,True,197.01,5.288317534469703,54,7,6.857142857142857,0,1,1.33,1.0
2025-08-02,major oil spill sends energy stocks plummeting,The Motley Fool,Consumer Confidence Report,NSE Nifty,2.74,263.38,positive,Construction,Low,Boeing,https://www.wsj.com/europe/regulatory-changes,major oil spill sends energy stocks plummeting,0,0,0,0,0,0,0,0.0,0,0,0,0,0,0,neutral,False,2.74,True,263.38,5.577387462151254,46,7,5.714285714285714,1,0,2.74,1.0
2025-06-14,consumer confidence index reaches a decade high,Wall Street Journal,Currency Devaluation,Shanghai Composite,,130.02,positive,Agriculture,Low,Samsung Electronics,https://www.cnbc.com/2025/08/russia-ukraine-war-economic-impact,consumer confidence index reaches a decade high,0,0,1,0,1,0,1,1.0,0,0,0,0,0,0,neutral,True,,False,130.02,4.87534998330373,47,7,5.857142857142857,0,0,,
2025-03-24,gold prices surge as investors flee riskier assets,Financial Times,Trade Tariffs Announcement,Nikkei 225,-4.25,23.34,negative,Materials,Low,Samsung Electronics,https://timesofindia.indiatimes.com/business/finance/banking-sector-news,gold prices surge as investors flee riskier assets,1,0,0,0,2,0,2,2.0,1,0,0,0,0,0,positive,False,-4.25,True,23.34,3.1921210875593813,50,8,5.375,0,1,4.25,2.0
2025-04-06,federal reserve chairman s speech causes market volatility,The Motley Fool,Market Rally,IBOVESPA,-3.4,65.43,negative,Automotive,High,Samsung Electronics,https://timesofindia.indiatimes.com/business/agriculture-sector,federal reserve chairman s speech causes market volatility,0,0,0,0,0,0,0,0.0,0,0,0,0,0,0,neutral,False,-3.4,True,65.43,4.19614876167715,58,8,6.375,0,1,3.4,2.0
2025-05-15,new housing data release shows a slowdown in market activity,Wall Street Journal,Government Policy Announcement,CAC 40,3.92,254.04,positive,Real Estate,Medium,Boeing,https://www.reuters.com/markets/indices/ftse-100,new housing data release shows a slowdown in market activity,0,0,0,1,0,1,-1,0.0,0,0,0,0,0,0,neutral,False,3.92,True,254.04,5.54142039560185,60,10,5.1,1,0,3.92,2.0
2025-02-24,market sentiment turns positive on vaccine trial results,Yahoo Finance,Market Rally,Shanghai Composite,1.33,344.69,positive,Pharmaceuticals,Medium,Tata Motors,https://www.investopedia.com/articles/government-policy-announcement,market sentiment turns positive on vaccine trial results,0,0,1,0,1,0,1,1.0,0,0,0,0,0,0,neutral,True,1.33,True,344.69,5.845542419694032,56,8,6.125,1,0,1.33,1.0
2025-06-22,a massive data breach sends a tech company s stock tumbling,Yahoo Finance,IPO Launch,Nasdaq Composite,1.41,141.37,positive,Materials,Medium,Boeing,https://economictimes.indiatimes.com/news/transportation,a massive data breach sends a tech company s stock tumbling,0,1,0,0,0,2,-2,0.0,0,1,0,0,0,0,negative,False,1.41,True,141.37,4.958429302625654,59,11,4.454545454545454,1,0,1.41,1.0
2025-05-28,geopolitical ceasefire prompts a broad market recovery,The Hindu Business Line,Bond Market Fluctuation,Russell 2000,2.89,146.48,positive,Media & Entertainment,Low,Microsoft,,geopolitical ceasefire prompts a broad market recovery,0,0,1,0,1,0,1,1.0,0,0,0,0,0,0,neutral,True,2.89,True,146.48,4.993692573365943,54,7,6.857142857142857,1,0,2.89,1.0
2025-05-26,record-high inflation data rattles investors,Financial Times,Bond Market Fluctuation,KOSPI,-2.15,312.23,negative,Healthcare,High,Apple Inc.,https://www.wsj.com/china/market-regulation,record-high inflation data rattles investors,0,0,0,0,0,0,0,0.0,0,0,0,0,0,0,neutral,False,-2.15,True,312.23,5.746937744970129,44,5,8.0,0,1,2.15,1.0
2025-05-29,major technology firm acquires a smaller rival in a multi-billion dollar deal,Forbes,Central Bank Meeting,KOSPI,-1.03,194.11,negative,Consumer Goods,Low,JP Morgan Chase,https://www.ft.com/content/tech-sector-innovation,major technology firm acquires a smaller rival in a multi-billion dollar deal,0,0,0,0,0,0,0,0.0,0,0,0,1,0,0,neutral,False,-1.03,True,194.11,5.2735635020818075,77,12,5.5,0,1,1.03,1.0
2025-05-09,consumer confidence index reaches a decade high,The Economist,Supply Chain Disruption,Hang Seng,1.4,45.16,positive,Pharmaceuticals,High,Boeing,https://www.cnbc.com/2025/12/healthcare-sector-outlook,consumer confidence index reaches a decade high,0,0,1,0,1,0,1,1.0,0,0,0,0,0,0,neutral,True,1.4,True,45.16,3.832113622199844,47,7,5.857142857142857,1,0,1.4,1.0
2025-07-09,market sentiment turns positive on vaccine trial results,The Hindu Business Line,Geopolitical Event,IBOVESPA,-4.67,241.5,positive,Consumer Goods,Low,Reliance Industries,https://economictimes.indiatimes.com/news/transportation,market sentiment turns positive on vaccine trial results,0,0,1,0,1,0,1,1.0,0,0,0,0,0,0,neutral,True,-4.67,False,241.5,5.491001710377538,56,8,6.125,0,1,4.67,2.0
2025-04-20,quarterly report shows surprising losses for retail giants,The Hindu Business Line,Unemployment Rate Announcement,ASX 200,3.47,320.8,positive,Finance,High,Samsung Electronics,https://www.bloomberg.com/australia/asx-200-performance,quarterly report shows surprising losses for retail giants,0,0,0,0,0,0,0,0.0,0,0,0,0,0,1,neutral,False,3.47,True,320.8,5.773930234558283,58,8,6.375,1,0,3.47,2.0
2025-03-24,financial services stocks rally on strong profit margins,Reuters,Market Rally,Russell 2000,-0.8,359.16,positive,Telecommunications,Low,ExxonMobil,https://www.marketwatch.com/story/commodities-price-shock,financial services stocks rally on strong profit margins,2,0,1,0,5,0,5,5.0,1,0,0,0,0,0,positive,True,-0.8,False,359.16,5.886548377158422,56,8,6.125,0,1,0.8,0.0
2025-04-09,consumer discretionary stocks outperform as spending increases,Seeking Alpha,Supply Chain Disruption,Hang Seng,-3.53,450.1,negative,Utilities,High,Reliance Industries,https://www.marketwatch.com/story/commodities-price-shock,consumer discretionary stocks outperform as spending increases,1,0,0,0,2,0,2,2.0,1,0,0,0,0,0,positive,False,-3.53,True,450.1,6.111689044414351,62,7,8.0,0,1,3.53,2.0
2025-04-12,energy company s dividend hike excites shareholders,Reuters,Market Rally,Shanghai Composite,2.71,204.29,positive,Transportation,High,Tesla,https://economictimes.indiatimes.com/industry/industrials,energy company s dividend hike excites shareholders,0,0,0,0,0,0,0,0.0,0,0,0,0,0,0,neutral,False,2.71,True,204.29,5.324423613632516,51,7,6.428571428571429,1,0,2.71,1.0
2025-07-14,federal reserve chairman s speech causes market volatility,The Hindu Business Line,Consumer Confidence Report,Shanghai Composite,1.28,49.17,positive,Telecommunications,High,Apple Inc.,https://www.reuters.com/markets/indices/ftse-100,federal reserve chairman s speech causes market volatility,0,0,0,0,0,0,0,0.0,0,0,0,0,0,0,neutral,False,1.28,True,49.17,3.9154172384961616,58,8,6.375,1,0,1.28,1.0
2025-02-14,massive stock buyback program announced by a consumer goods company,Forbes,Unemployment Rate Announcement,S&P/TSX Composite,-3.6,158.36,negative,Pharmaceuticals,Medium,Apple Inc.,https://www.business-standard.com/economy/inflation-data,massive stock buyback program announced by a consumer goods company,0,0,0,0,0,0,0,0.0,0,0,0,0,0,0,neutral,False,-3.6,True,158.36,5.071165793836288,67,10,5.8,0,1,3.6,2.0
2025-06-09,china s shanghai composite falls after new trade restrictions,Reuters,Trade Tariffs Announcement,IBOVESPA,1.62,389.81,positive,Energy,Medium,Reliance Industries,https://www.moneycontrol.com/us-markets/dow-jones-industrial,china s shanghai composite falls after new trade restrictions,0,0,0,0,0,0,0,0.0,0,0,0,0,0,0,neutral,False,1.62,True,389.81,5.9682215083775825,61,9,5.888888888888889,1,0,1.62,1.0
2025-04-05,mining company stock surges on commodity price boom,Forbes,Trade Tariffs Announcement,S&P/TSX Composite,-4.57,365.93,negative,Telecommunications,Medium,Goldman Sachs,https://www.investopedia.com/articles/government-policy-announcement,mining company stock surges on commodity price boom,1,0,0,0,2,0,2,2.0,1,0,0,0,0,0,positive,False,-4.57,True,365.93,5.905171094167382,51,8,5.5,0,1,4.57,2.0
2025-02-10,bond yields tumble as investors seek safe havens,Seeking Alpha,Interest Rate Change,IBOVESPA,-2.79,28.62,negative,Energy,High,Apple Inc.,https://www.ft.com/content/consumer-confidence-report,bond yields tumble as investors seek safe havens,0,1,0,0,0,2,-2,0.0,0,1,0,0,0,0,negative,True,-2.79,True,28.62,3.3884498088396526,48,8,5.125,0,1,2.79,1.0
2025-06-04,new housing data release shows a slowdown in market activity,Financial Times,Market Rally,Hang Seng,-0.52,176.05,negative,Pharmaceuticals,Medium,Tesla,https://www.business-standard.com/economy/economic-stimulus,new housing data release shows a slowdown in market activity,0,0,0,1,0,1,-1,0.0,0,0,0,0,0,0,neutral,True,-0.52,True,176.05,5.176432178557913,60,10,5.1,0,1,0.52,0.0
2025-07-02,asx 200 gains on strong export performance,Seeking Alpha,Inflation Data Release,Russell 2000,-3.81,367.06,positive,Finance,Low,Samsung Electronics,,asx 200 gains on strong export performance,1,0,0,0,2,0,2,2.0,1,0,0,0,1,0,positive,True,-3.81,False,367.06,5.908245968357049,42,7,5.142857142857143,0,1,3.81,2.0
2025-06-25,healthcare stocks gain on robust demand and strong outlook,MarketWatch,Interest Rate Change,IBOVESPA,,477.42,positive,Transportation,Low,Samsung Electronics,https://www.investopedia.com/articles/government-policy-announcement,healthcare stocks gain on robust demand and strong outlook,2,0,1,0,5,0,5,5.0,1,0,0,0,0,0,positive,True,,False,477.42,6.170489007782642,58,9,5.555555555555555,0,0,,
2025-07-20,uk s ftse 100 sees a boost from favorable trade data,Investopedia,Commodity Price Shock,Nikkei 225,0.21,179.99,positive,Materials,Medium,Reliance Industries,https://www.reuters.com/business/retail-sector-earnings,uk s ftse 100 sees a boost from favorable trade data,0,0,2,0,2,0,2,2.0,0,0,0,0,1,0,positive,True,0.21,True,179.99,5.19844178112078,52,11,3.8181818181818183,1,0,0.21,0.0
2025-02-03,real estate sector shows signs of overheating as interest rates fall,Reuters,Supply Chain Disruption,Nasdaq Composite,-3.74,331.77,negative,Transportation,Medium,Goldman Sachs,https://www.business-standard.com/finance/corporate-earnings,real estate sector shows signs of overheating as interest rates fall,0,0,0,1,0,1,-1,0.0,0,0,0,0,0,0,neutral,True,-3.74,True,331.77,5.807451560653049,68,11,5.2727272727272725,0,1,3.74,2.0
2025-04-11,market sentiment turns positive on vaccine trial results,CNBC,Inflation Data Release,KOSPI,3.49,319.12,positive,Healthcare,High,JP Morgan Chase,https://www.reuters.com/markets/indices/ftse-100,market sentiment turns positive on vaccine trial results,0,0,1,0,1,0,1,1.0,0,0,0,0,0,0,neutral,True,3.49,True,319.12,5.768695925498846,56,8,6.125,1,0,3.49,2.0
2025-02-11,uk s ftse 100 sees a boost from favorable trade data,Forbes,Geopolitical Event,Russell 2000,-0.78,223.88,positive,Industrials,High,Tata Motors,https://www.wsj.com/europe/regulatory-changes,uk s ftse 100 sees a boost from favorable trade data,0,0,2,0,2,0,2,2.0,0,0,0,0,1,0,positive,True,-0.78,False,223.88,5.415566926598276,52,11,3.8181818181818183,0,1,0.78,0.0
2025-07-06,consumer confidence index reaches a decade high,Yahoo Finance,Central Bank Meeting,FTSE 100,0.38,335.2,positive,Transportation,High,Goldman Sachs,https://www.ft.com/content/tech-sector-innovation,consumer confidence index reaches a decade high,0,0,1,0,1,0,1,1.0,0,0,0,0,0,0,neutral,True,0.38,True,335.2,5.817706220974515,47,7,5.857142857142857,1,0,0.38,0.0
2025-04-24,central bank governor signals potential shift in policy,The Motley Fool,Interest Rate Change,IBOVESPA,1.46,317.87,positive,Industrials,Medium,Goldman Sachs,https://www.reuters.com/markets/stocks/tech-rally,central bank governor signals potential shift in policy,0,0,0,0,0,0,0,0.0,0,0,0,0,0,0,neutral,False,1.46,True,317.87,5.7647834962136,55,8,6.0,1,0,1.46,1.0
2025-07-02,asx 200 gains on strong export performance,Seeking Alpha,Inflation Data Release,Russell 2000,-3.81,367.06,positive,Finance,Low,Samsung Electronics,,asx 200 gains on strong export performance,1,0,0,0,2,0,2,2.0,1,0,0,0,1,0,positive,True,-3.81,False,367.06,5.908245968357049,42,7,5.142857142857143,0,1,3.81,2.0
2025-07-25,unexpected rise in unemployment fuels market pessimism,Financial Times,Central Bank Meeting,IBOVESPA,-0.46,146.03,positive,Finance,High,JP Morgan Chase,https://www.business-standard.com/finance/corporate-earnings,unexpected rise in unemployment fuels market pessimism,0,0,1,0,1,0,1,1.0,0,0,0,0,0,0,neutral,True,-0.46,False,146.03,4.990636647589566,54,7,6.857142857142857,0,1,0.46,0.0
2025-06-11,record-high inflation data rattles investors,Financial Times,Government Policy Announcement,DAX,-3.89,365.89,negative,Finance,Low,Microsoft,https://www.moneycontrol.com/us-markets/sp-500,record-high inflation data rattles investors,0,0,0,0,0,0,0,0.0,0,0,0,0,0,0,neutral,False,-3.89,True,365.89,5.905062075606864,44,5,8.0,0,1,3.89,2.0
2025-07-20,gold prices surge as investors flee riskier assets,Seeking Alpha,Government Policy Announcement,KOSPI,-2.65,403.63,positive,Telecommunications,Medium,ExxonMobil,https://www.forbes.com/finance/geopolitical-event-impact,gold prices surge as investors flee riskier assets,1,0,0,0,2,0,2,2.0,1,0,0,0,0,0,positive,True,-2.65,False,403.63,6.00297306929085,50,8,5.375,0,1,2.65,1.0
2025-04-06,mining company stock surges on commodity price boom,Barron's,Supply Chain Disruption,NSE Nifty,-4.96,281.52,negative,Industrials,Medium,JP Morgan Chase,https://www.theeconomist.com/finance-and-economics/trade-tariffs,mining company stock surges on commodity price boom,1,0,0,0,2,0,2,2.0,1,0,0,0,0,0,positive,False,-4.96,True,281.52,5.643749344540722,51,8,5.5,0,1,4.96,2.0
2025-06-13,government subsidy program gives a lift to the agriculture sector,Mint,Central Bank Meeting,Nasdaq Composite,-2.72,374.47,negative,Industrials,Medium,Goldman Sachs,https://www.reuters.com/business/retail-sector-earnings,government subsidy program gives a lift to the agriculture sector,0,0,0,0,0,0,0,0.0,0,0,0,0,0,0,neutral,False,-2.72,True,374.47,5.92817857453717,65,10,5.6,0,1,2.72,1.0
2025-05-27,record-high inflation data rattles investors,Yahoo Finance,Government Policy Announcement,Nikkei 225,2.99,108.41,positive,Telecommunications,Low,Boeing,https://www.reuters.com/business/energy/oil-market-update,record-high inflation data rattles investors,0,0,0,0,0,0,0,0.0,0,0,0,0,0,0,neutral,False,2.99,True,108.41,4.695102293488699,44,5,8.0,1,0,2.99,1.0
2025-06-14,supply chain issues impact manufacturing sector earnings,Investopedia,IPO Launch,BSE Sensex,-4.39,81.56,negative,Pharmaceuticals,Low,JP Morgan Chase,https://www.cnbc.com/2025/09/automotive-industry-trends,supply chain issues impact manufacturing sector earnings,0,0,0,0,0,0,0,0.0,0,0,0,0,0,0,neutral,False,-4.39,True,81.56,4.4135253017332525,56,7,7.142857142857143,0,1,4.39,2.0
2025-03-01,consumer discretionary stocks outperform as spending increases,Seeking Alpha,Economic Data Release,CAC 40,2.43,158.15,positive,Telecommunications,Medium,ExxonMobil,https://www.theeconomist.com/world/government-policy-announcement,consumer discretionary stocks outperform as spending increases,1,0,0,0,2,0,2,2.0,1,0,0,0,0,0,positive,True,2.43,True,158.15,5.069847153728102,62,7,8.0,1,0,2.43,1.0
2025-06-16,semiconductor shortages weigh heavily on tech sector profits,Business Standard,Currency Devaluation,BSE Sensex,-4.97,147.46,negative,Healthcare,Medium,Samsung Electronics,https://www.investopedia.com/articles/supply-chain-disruption,semiconductor shortages weigh heavily on tech sector profits,0,0,0,0,0,0,0,0.0,0,0,0,0,0,0,neutral,False,-4.97,True,147.46,5.000315561689401,60,8,6.625,0,1,4.97,2.0
2025-05-29,healthcare stocks gain on robust demand and strong outlook,Times of India,Major Merger/Acquisition,TSX,-1.09,498.08,negative,Consumer Goods,Medium,Tesla,https://economictimes.indiatimes.com/news/economy/unemployment-rate,healthcare stocks gain on robust demand and strong outlook,2,0,1,0,5,0,5,5.0,1,0,0,0,0,0,positive,False,-1.09,True,498.08,6.212766403542821,58,9,5.555555555555555,0,1,1.09,1.0
2025-03-31,automotive industry faces headwinds from rising material costs,The Hindu Business Line,Bond Market Fluctuation,S&P 500,4.2,334.44,positive,Agriculture,High,Reliance Industries,https://www.business-standard.com/economy/inflation-data,automotive industry faces headwinds from rising material costs,0,0,0,0,0,0,0,0.0,0,0,0,0,0,0,neutral,False,4.2,True,334.44,5.815443102862507,62,8,6.875,1,0,4.2,2.0
2025-02-13,dow jones plunges as market fears recession,Economic Times,Regulatory Changes,DAX,4.09,108.39,positive,Energy,Medium,JP Morgan Chase,https://www.forbes.com/crypto/cryptocurrency-regulation,dow jones plunges as market fears recession,0,0,0,0,0,0,0,0.0,0,0,0,0,0,0,neutral,False,4.09,True,108.39,4.694919478131699,43,7,5.285714285714286,1,0,4.09,2.0
2025-05-03,new ipo for a popular software firm is oversubscribed,MarketWatch,Government Policy Announcement,Euro Stoxx 50,-1.5,6.11,negative,Automotive,High,Microsoft,https://www.bloomberg.com/asia/telecommunications-news,new ipo for a popular software firm is oversubscribed,0,0,0,0,0,0,0,0.0,0,0,0,0,0,0,neutral,False,-1.5,True,6.11,1.9615022438151495,53,9,5.0,0,1,1.5,1.0
2025-06-19,geopolitical ceasefire prompts a broad market recovery,Business Standard,Trade Tariffs Announcement,S&P/TSX Composite,3.78,309.67,positive,Finance,Medium,Tata Motors,https://www.wsj.com/japan/economic-data-release,geopolitical ceasefire prompts a broad market recovery,0,0,1,0,1,0,1,1.0,0,0,0,0,0,0,neutral,True,3.78,True,309.67,5.738731255573653,54,7,6.857142857142857,1,0,3.78,2.0
2025-07-25,e-commerce earnings report beats all analyst expectations,Seeking Alpha,Major Merger/Acquisition,TSX,0.18,257.73,positive,Real Estate,Low,Reliance Industries,https://economictimes.indiatimes.com/news/economy/unemployment-rate,e-commerce earnings report beats all analyst expectations,0,0,0,0,0,0,0,0.0,0,0,0,0,0,1,neutral,False,0.18,True,257.73,5.5557850469062,57,7,7.285714285714286,1,0,0.18,0.0
2025-04-10,major oil spill sends energy stocks plummeting,The Motley Fool,Economic Data Release,Euro Stoxx 50,0.49,68.44,positive,Materials,Medium,Tesla,https://www.business-standard.com/economy/trade-disputes-impact,major oil spill sends energy stocks plummeting,0,0,0,0,0,0,0,0.0,0,0,0,0,0,0,neutral,False,0.49,True,68.44,4.240463070352095,46,7,5.714285714285714,1,0,0.49,0.0
2025-03-18,market sentiment turns positive on vaccine trial results,Barron's,Stock Market Crash,S&P 500,0.8,478.93,positive,Real Estate,High,Boeing,https://www.investopedia.com/articles/supply-chain-disruption,market sentiment turns positive on vaccine trial results,0,0,1,0,1,0,1,1.0,0,0,0,0,0,0,neutral,True,0.8,True,478.93,6.173640259933888,56,8,6.125,1,0,0.8,0.0
2025-07-07,consumer confidence index reaches a decade high,Wall Street Journal,Geopolitical Event,S&P/TSX Composite,0.64,257.72,positive,Pharmaceuticals,Low,Goldman Sachs,https://www.marketwatch.com/story/commodities-price-shock,consumer confidence index reaches a decade high,0,0,1,0,1,0,1,1.0,0,0,0,0,0,0,neutral,True,0.64,True,257.72,5.5557463958287965,47,7,5.857142857142857,1,0,0.64,0.0
2025-07-05,utilities sector remains stable during market fluctuations,Reuters,IPO Launch,Hang Seng,-3.51,467.02,negative,Technology,Low,Apple Inc.,https://www.ft.com/content/tech-sector-innovation,utilities sector remains stable during market fluctuations,0,0,0,0,0,0,0,0.0,0,0,0,0,0,0,neutral,False,-3.51,True,467.02,6.148511030047266,58,7,7.428571428571429,0,1,3.51,2.0
2025-04-23,financial services stocks rally on strong profit margins,The Motley Fool,Trade Tariffs Announcement,ASX 200,,428.77,positive,Automotive,High,Goldman Sachs,https://timesofindia.indiatimes.com/business/corporate-governance,financial services stocks rally on strong profit margins,2,0,1,0,5,0,5,5.0,1,0,0,0,0,0,positive,True,,False,428.77,6.0632501818653495,56,8,6.125,0,0,,
2025-04-04,supply chain issues impact manufacturing sector earnings,Seeking Alpha,Unemployment Rate Announcement,BSE Sensex,-3.65,169.96,negative,Healthcare,Low,Apple Inc.,https://economictimes.indiatimes.com/stocks/bse-sensex-plunges,supply chain issues impact manufacturing sector earnings,0,0,0,0,0,0,0,0.0,0,0,0,0,0,0,neutral,False,-3.65,True,169.96,5.141429611010892,56,7,7.142857142857143,0,1,3.65,2.0
2025-04-29,consumer confidence index reaches a decade high,Yahoo Finance,Central Bank Meeting,Hang Seng,-4.11,433.56,negative,Materials,High,Reliance Industries,https://www.forbes.com/finance/geopolitical-event-impact,consumer confidence index reaches a decade high,0,0,1,0,1,0,1,1.0,0,0,0,0,0,0,neutral,False,-4.11,True,433.56,6.074334024930277,47,7,5.857142857142857,0,1,4.11,2.0
2025-02-23,dow jones plunges as market fears recession,CNBC,Commodity Price Shock,TSX,2.08,56.24,positive,Transportation,High,Tata Motors,https://timesofindia.indiatimes.com/business/finance/banking-sector-news,dow jones plunges as market fears recession,0,0,0,0,0,0,0,0.0,0,0,0,0,0,0,neutral,False,2.08,True,56.24,4.0472529546882505,43,7,5.285714285714286,1,0,2.08,1.0
2025-06-01,mining company stock surges on commodity price boom,CNBC,Central Bank Meeting,NSE Nifty,,71.21,positive,Consumer Goods,High,JP Morgan Chase,https://www.wsj.com/europe/regulatory-changes,mining company stock surges on commodity price boom,1,0,0,0,2,0,2,2.0,1,0,0,0,0,0,positive,True,,False,71.21,4.27957854046309,51,8,5.5,0,0,,
2025-04-02,geopolitical ceasefire prompts a broad market recovery,Financial Times,Stock Market Crash,CAC 40,-4.94,191.08,negative,Telecommunications,Low,ExxonMobil,https://www.moneycontrol.com/us-markets/dow-jones-industrial,geopolitical ceasefire prompts a broad market recovery,0,0,1,0,1,0,1,1.0,0,0,0,0,0,0,neutral,False,-4.94,True,191.08,5.257911951912998,54,7,6.857142857142857,0,1,4.94,2.0
2025-08-01,retail sales report surpasses all forecasts,CNBC,Geopolitical Event,ASX 200,-4.76,466.43,negative,Telecommunications,Low,Microsoft,https://www.bloomberg.com/asia/telecommunications-news,retail sales report surpasses all forecasts,0,0,0,0,0,0,0,0.0,0,0,0,0,0,1,neutral,False,-4.76,True,466.43,6.147249604897373,43,6,6.333333333333333,0,1,4.76,2.0
2025-02-19,tech giant s new product launch sparks sector-wide gains,Barron's,Government Policy Announcement,KOSPI,-3.78,257.44,negative,Telecommunications,High,Boeing,https://www.business-standard.com/economy/trade-disputes-impact,tech giant s new product launch sparks sector-wide gains,0,0,0,0,0,0,0,0.0,0,0,0,0,0,0,neutral,False,-3.78,True,257.44,5.554663558689965,56,9,5.333333333333333,0,1,3.78,2.0
2025-02-01,semiconductor shortages weigh heavily on tech sector profits,Seeking Alpha,Stock Market Crash,Hang Seng,2.62,225.9,positive,Industrials,High,JP Morgan Chase,https://www.cnbc.com/2025/10/real-estate-market-analysis,semiconductor shortages weigh heavily on tech sector profits,0,0,0,0,0,0,0,0.0,0,0,0,0,0,0,neutral,False,2.62,True,225.9,5.424509391785796,60,8,6.625,1,0,2.62,1.0
2025-03-08,bond yields tumble as investors seek safe havens,Yahoo Finance,Government Policy Announcement,Euro Stoxx 50,3.95,199.68,negative,Energy,Medium,Samsung Electronics,https://www.ft.com/content/media-entertainment-merger,bond yields tumble as investors seek safe havens,0,1,0,0,0,2,-2,0.0,0,1,0,0,0,0,negative,True,3.95,False,199.68,5.301711599616052,48,8,5.125,1,0,3.95,2.0
2025-07-15,utilities sector remains stable during market fluctuations,The Economist,Consumer Confidence Report,Hang Seng,3.47,368.29,positive,Automotive,Low,ExxonMobil,https://www.business-standard.com/economy/economic-stimulus,utilities sector remains stable during market fluctuations,0,0,0,0,0,0,0,0.0,0,0,0,0,0,0,neutral,False,3.47,True,368.29,5.911582243235735,58,7,7.428571428571429,1,0,3.47,2.0
2025-03-02,new regulations on cryptocurrencies cause a market dip,The Economist,Major Merger/Acquisition,DAX,4.47,395.1,negative,Industrials,High,JP Morgan Chase,https://www.business-standard.com/economy/economic-stimulus,new regulations on cryptocurrencies cause a market dip,0,0,0,1,0,1,-1,0.0,0,0,0,0,0,0,neutral,True,4.47,False,395.1,5.981666704627871,54,8,5.875,1,0,4.47,2.0
2025-07-19,bond yields tumble as investors seek safe havens,Barron's,Supply Chain Disruption,KOSPI,-2.33,110.35,negative,Finance,Low,Microsoft,https://www.wsj.com/china/market-rally,bond yields tumble as investors seek safe havens,0,1,0,0,0,2,-2,0.0,0,1,0,0,0,0,negative,True,-2.33,True,110.35,4.712678393703377,48,8,5.125,0,1,2.33,1.0
2025-04-16,china s shanghai composite falls after new trade restrictions,The Motley Fool,Consumer Confidence Report,KOSPI,3.27,383.29,positive,Technology,High,Boeing,https://www.moneycontrol.com/us-markets/sp-500,china s shanghai composite falls after new trade restrictions,0,0,0,0,0,0,0,0.0,0,0,0,0,0,0,neutral,False,3.27,True,383.29,5.9513974758947406,61,9,5.888888888888889,1,0,3.27,2.0
2025-04-20,government spending bill is expected to stimulate the economy,The Motley Fool,Cryptocurrency Regulation,ASX 200,0.07,29.08,positive,Real Estate,Low,Boeing,https://www.moneycontrol.com/us-markets/dow-jones-industrial,government spending bill is expected to stimulate the economy,0,0,0,0,0,0,0,0.0,0,0,0,0,0,0,neutral,False,0.07,True,29.08,3.403860499081639,61,9,5.888888888888889,1,0,0.07,0.0
2025-03-09,media and entertainment companies report a surge in streaming revenue,The Motley Fool,Corporate Earnings Report,CAC 40,0.03,4.24,positive,Automotive,Low,ExxonMobil,https://www.moneycontrol.com/us-markets/dow-jones-industrial,media and entertainment companies report a surge in streaming revenue,1,0,0,0,2,0,2,2.0,1,0,0,0,0,1,positive,True,0.03,True,4.24,1.6563214983329508,69,10,6.0,1,0,0.03,0.0
2025-06-27,healthcare stocks gain on robust demand and strong outlook,Wall Street Journal,Trade Tariffs Announcement,NSE Nifty,-1.44,248.29,positive,Construction,Low,Goldman Sachs,https://www.reuters.com/markets/indices/nikkei-225,healthcare stocks gain on robust demand and strong outlook,2,0,1,0,5,0,5,5.0,1,0,0,0,0,0,positive,True,-1.44,False,248.29,5.518616877410511,58,9,5.555555555555555,0,1,1.44,1.0
2025-07-28,gold prices surge as investors flee riskier assets,Bloomberg,IPO Launch,CAC 40,-1.01,84.48,negative,Agriculture,Low,Samsung Electronics,https://www.bloomberg.com/canada/tsunami-warnings,gold prices surge as investors flee riskier assets,1,0,0,0,2,0,2,2.0,1,0,0,0,0,0,positive,False,-1.01,True,84.48,4.448282430450947,50,8,5.375,0,1,1.01,1.0
2025-08-01,uk s ftse 100 sees a boost from favorable trade data,Bloomberg,Major Merger/Acquisition,S&P 500,-4.97,136.67,positive,Materials,Low,JP Morgan Chase,,uk s ftse 100 sees a boost from favorable trade data,0,0,2,0,2,0,2,2.0,0,0,0,0,1,0,positive,True,-4.97,False,136.67,4.924859517074852,52,11,3.8181818181818183,0,1,4.97,2.0
2025-02-14,new ipo for a popular software firm is oversubscribed,Yahoo Finance,Interest Rate Change,BSE Sensex,3.56,487.14,positive,Energy,Low,Samsung Electronics,https://www.business-standard.com/economy/inflation-data,new ipo for a popular software firm is oversubscribed,0,0,0,0,0,0,0,0.0,0,0,0,0,0,0,neutral,False,3.56,True,487.14,6.1906022499553455,53,9,5.0,1,0,3.56,2.0
2025-08-12,utilities sector remains stable during market fluctuations,MarketWatch,Regulatory Changes,Russell 2000,0.49,24.27,positive,Energy,Low,ExxonMobil,https://www.moneycontrol.com/us-markets/sp-500,utilities sector remains stable during market fluctuations,0,0,0,0,0,0,0,0.0,0,0,0,0,0,0,neutral,False,0.49,True,24.27,3.2296179214001026,58,7,7.428571428571429,1,0,0.49,0.0
2025-05-30,manufacturing pmi data signals economic expansion,Financial Times,Currency Devaluation,Euro Stoxx 50,2.67,404.86,positive,Healthcare,Medium,Apple Inc.,https://www.marketwatch.com/story/commodities-price-shock,manufacturing pmi data signals economic expansion,0,0,1,0,1,0,1,1.0,0,0,0,0,0,0,neutral,True,2.67,True,404.86,6.006008272548823,49,6,7.333333333333333,1,0,2.67,1.0
2025-06-25,healthcare stocks gain on robust demand and strong outlook,Wall Street Journal,Regulatory Changes,DAX,-2.95,382.12,positive,Real Estate,Low,Apple Inc.,https://www.investopedia.com/articles/supply-chain-disruption,healthcare stocks gain on robust demand and strong outlook,2,0,1,0,5,0,5,5.0,1,0,0,0,0,0,positive,True,-2.95,False,382.12,5.948348256034354,58,9,5.555555555555555,0,1,2.95,1.0
2025-07-04,semiconductor shortages weigh heavily on tech sector profits,Barron's,Inflation Data Release,Dow Jones,-2.71,499.6,negative,Telecommunications,Medium,Microsoft,,semiconductor shortages weigh heavily on tech sector profits,0,0,0,0,0,0,0,0.0,0,0,0,0,0,0,neutral,False,-2.71,True,499.6,6.215807378997674,60,8,6.625,0,1,2.71,1.0
2025-07-21,tech giant s new product launch sparks sector-wide gains,Economic Times,Consumer Confidence Report,Hang Seng,1.96,415.11,positive,Real Estate,Medium,Tesla,,tech giant s new product launch sparks sector-wide gains,0,0,0,0,0,0,0,0.0,0,0,0,0,0,0,neutral,False,1.96,True,415.11,6.030949648384566,56,9,5.333333333333333,1,0,1.96,1.0
2025-04-26,merger talks between two banks fall through,Reuters,Central Bank Meeting,NSE Nifty,-1.29,303.78,negative,Transportation,Low,Reliance Industries,https://economictimes.indiatimes.com/stocks/bse-sensex-plunges,merger talks between two banks fall through,0,0,0,1,0,1,-1,0.0,0,0,0,0,0,0,neutral,True,-1.29,True,303.78,5.719590204861714,43,7,5.285714285714286,0,1,1.29,1.0
2025-07-07,consumer confidence index reaches a decade high,Wall Street Journal,Geopolitical Event,S&P/TSX Composite,0.64,257.72,positive,Pharmaceuticals,Low,Goldman Sachs,https://www.marketwatch.com/story/commodities-price-shock,consumer confidence index reaches a decade high,0,0,1,0,1,0,1,1.0,0,0,0,0,0,0,neutral,True,0.64,True,257.72,5.5557463958287965,47,7,5.857142857142857,1,0,0.64,0.0
2025-05-31,new regulations on cryptocurrencies cause a market dip,Financial Times,Government Policy Announcement,TSX,1.82,179.64,negative,Media & Entertainment,Medium,Boeing,https://economictimes.indiatimes.com/industry/industrials,new regulations on cryptocurrencies cause a market dip,0,0,0,1,0,1,-1,0.0,0,0,0,0,0,0,neutral,True,1.82,False,179.64,5.1965061004013515,54,8,5.875,1,0,1.82,1.0
2025-07-27,geopolitical ceasefire prompts a broad market recovery,Times of India,Currency Devaluation,ASX 200,-2.77,54.77,negative,Pharmaceuticals,Medium,ExxonMobil,https://economictimes.indiatimes.com/news/economy/unemployment-rate,geopolitical ceasefire prompts a broad market recovery,0,0,1,0,1,0,1,1.0,0,0,0,0,0,0,neutral,False,-2.77,True,54.77,4.021236090401462,54,7,6.857142857142857,0,1,2.77,1.0
2025-02-28,consumer discretionary stocks outperform as spending increases,MarketWatch,Interest Rate Change,Dow Jones,-1.49,76.07,negative,Materials,High,Goldman Sachs,https://www.moneycontrol.com/us-markets/dow-jones-industrial,consumer discretionary stocks outperform as spending increases,1,0,0,0,2,0,2,2.0,1,0,0,0,0,0,positive,False,-1.49,True,76.07,4.344714099789901,62,7,8.0,0,1,1.49,1.0
2025-07-30,crude oil prices drop to a multi-year low,Mint,Trade Tariffs Announcement,Nasdaq Composite,4.86,294.33,negative,Pharmaceuticals,Medium,Microsoft,https://economictimes.indiatimes.com/stocks/bse-sensex-plunges,crude oil prices drop to a multi-year low,0,0,0,1,0,1,-1,0.0,0,0,0,0,0,0,neutral,True,4.86,False,294.33,5.688093375191561,41,8,4.25,1,0,4.86,2.0
2025-03-16,manufacturing pmi data signals economic expansion,Reuters,Market Rally,TSX,-0.55,58.52,negative,Consumer Goods,Medium,Tata Motors,https://www.investopedia.com/articles/government-policy-announcement,manufacturing pmi data signals economic expansion,0,0,1,0,1,0,1,1.0,0,0,0,0,0,0,neutral,False,-0.55,True,58.52,4.086312390524837,49,6,7.333333333333333,0,1,0.55,0.0
2025-05-04,asx 200 gains on strong export performance,Forbes,Market Rally,Hang Seng,-2.6,275.76,negative,Finance,Medium,Apple Inc.,https://timesofindia.indiatimes.com/business/agriculture-sector,asx 200 gains on strong export performance,1,0,0,0,2,0,2,2.0,1,0,0,0,1,0,positive,False,-2.6,True,275.76,5.623150704630611,42,7,5.142857142857143,0,1,2.6,1.0
2025-06-08,geopolitical ceasefire prompts a broad market recovery,CNBC,Interest Rate Change,NSE Nifty,-0.52,25.93,positive,Media & Entertainment,Low,Samsung Electronics,https://www.wsj.com/europe/regulatory-changes,geopolitical ceasefire prompts a broad market recovery,0,0,1,0,1,0,1,1.0,0,0,0,0,0,0,neutral,True,-0.52,False,25.93,3.2932409068235073,54,7,6.857142857142857,0,1,0.52,0.0
2025-06-06,semiconductor shortages weigh heavily on tech sector profits,The Motley Fool,Consumer Confidence Report,CAC 40,0.49,302.16,positive,Pharmaceuticals,Medium,Boeing,https://www.wsj.com/europe/dax-performance,semiconductor shortages weigh heavily on tech sector profits,0,0,0,0,0,0,0,0.0,0,0,0,0,0,0,neutral,False,0.49,True,302.16,5.714260718943828,60,8,6.625,1,0,0.49,0.0
2025-05-28,geopolitical ceasefire prompts a broad market recovery,The Hindu Business Line,Bond Market Fluctuation,Russell 2000,2.89,146.48,positive,Media & Entertainment,Low,Microsoft,,geopolitical ceasefire prompts a broad market recovery,0,0,1,0,1,0,1,1.0,0,0,0,0,0,0,neutral,True,2.89,True,146.48,4.993692573365943,54,7,6.857142857142857,1,0,2.89,1.0
2025-06-09,china s shanghai composite falls after new trade restrictions,Reuters,Trade Tariffs Announcement,IBOVESPA,1.62,389.81,positive,Energy,Medium,Reliance Industries,https://www.moneycontrol.com/us-markets/dow-jones-industrial,china s shanghai composite falls after new trade restrictions,0,0,0,0,0,0,0,0.0,0,0,0,0,0,0,neutral,False,1.62,True,389.81,5.9682215083775825,61,9,5.888888888888889,1,0,1.62,1.0
2025-06-11,uk s ftse 100 sees a boost from favorable trade data,The Economist,Commodity Price Shock,IBOVESPA,-4.99,189.42,positive,Energy,Low,Tata Motors,https://www.ft.com/content/consumer-confidence-report,uk s ftse 100 sees a boost from favorable trade data,0,0,2,0,2,0,2,2.0,0,0,0,0,1,0,positive,True,-4.99,False,189.42,5.249232158857545,52,11,3.8181818181818183,0,1,4.99,2.0
2025-05-30,dow jones plunges as market fears recession,The Motley Fool,Interest Rate Change,Shanghai Composite,4.69,283.84,positive,Pharmaceuticals,Medium,Boeing,https://economictimes.indiatimes.com/news/economy/unemployment-rate,dow jones plunges as market fears recession,0,0,0,0,0,0,0,0.0,0,0,0,0,0,0,neutral,False,4.69,True,283.84,5.651927619113924,43,7,5.285714285714286,1,0,4.69,2.0
2025-04-27,new ipo for a popular software firm is oversubscribed,Forbes,Major Merger/Acquisition,KOSPI,0.43,474.22,positive,Finance,Low,Apple Inc.,https://www.reuters.com/markets/indices/nikkei-225,new ipo for a popular software firm is oversubscribed,0,0,0,0,0,0,0,0.0,0,0,0,0,0,0,neutral,False,0.43,True,474.22,6.163777854704867,53,9,5.0,1,0,0.43,0.0
2025-05-21,pharmaceutical company s drug approval drives stock upward,The Hindu Business Line,Consumer Confidence Report,NSE Nifty,3.64,461.29,positive,Transportation,High,Boeing,https://www.moneycontrol.com/us-markets/dow-jones-industrial,pharmaceutical company s drug approval drives stock upward,0,0,2,0,2,0,2,2.0,0,0,0,0,0,0,positive,True,3.64,True,461.29,6.13619239978467,58,8,6.375,1,0,3.64,2.0
2025-04-23,new regulations on cryptocurrencies cause a market dip,Forbes,Corporate Earnings Report,Hang Seng,-3.76,415.15,negative,Retail,Low,Samsung Electronics,https://www.marketwatch.com/story/consumer-goods-report,new regulations on cryptocurrencies cause a market dip,0,0,0,1,0,1,-1,0.0,0,0,0,0,0,0,neutral,True,-3.76,True,415.15,6.031045772192104,54,8,5.875,0,1,3.76,2.0
2025-06-12,e-commerce earnings report beats all analyst expectations,The Hindu Business Line,IPO Launch,Shanghai Composite,2.25,260.61,positive,Materials,Low,ExxonMobil,https://www.wsj.com/europe/regulatory-changes,e-commerce earnings report beats all analyst expectations,0,0,0,0,0,0,0,0.0,0,0,0,0,0,1,neutral,False,2.25,True,260.61,5.566854845152132,57,7,7.285714285714286,1,0,2.25,1.0
2025-03-16,mining company stock surges on commodity price boom,CNBC,Stock Market Crash,Hang Seng,-4.1,389.41,positive,Technology,High,ExxonMobil,https://www.cnbc.com/2025/12/healthcare-sector-outlook,mining company stock surges on commodity price boom,1,0,0,0,2,0,2,2.0,1,0,0,0,0,0,positive,True,-4.1,False,389.41,5.967197468964984,51,8,5.5,0,1,4.1,2.0
2025-02-09,energy company s dividend hike excites shareholders,Investopedia,Interest Rate Change,Dow Jones,-3.34,431.23,negative,Automotive,Medium,Boeing,https://www.cnbc.com/2025/11/major-merger-deal-approved,energy company s dividend hike excites shareholders,0,0,0,0,0,0,0,0.0,0,0,0,0,0,0,neutral,False,-3.34,True,431.23,6.068957853972979,51,7,6.428571428571429,0,1,3.34,2.0
2025-06-07,government subsidy program gives a lift to the agriculture sector,Mint,Supply Chain Disruption,ASX 200,-3.79,80.24,negative,Consumer Goods,High,Tata Motors,https://www.reuters.com/business/retail-sector-earnings,government subsidy program gives a lift to the agriculture sector,0,0,0,0,0,0,0,0.0,0,0,0,0,0,0,neutral,False,-3.79,True,80.24,4.397407736712184,65,10,5.6,0,1,3.79,2.0
2025-05-26,real estate sector shows signs of overheating as interest rates fall,CNBC,Regulatory Changes,BSE Sensex,0.19,215.97,positive,Agriculture,Medium,Tata Motors,https://www.theeconomist.com/world/government-policy-announcement,real estate sector shows signs of overheating as interest rates fall,0,0,0,1,0,1,-1,0.0,0,0,0,0,0,0,neutral,False,0.19,True,215.97,5.37975909513528,68,11,5.2727272727272725,1,0,0.19,0.0
2025-06-03,merger talks between two banks fall through,MarketWatch,Market Rally,FTSE 100,1.87,443.38,negative,Aerospace & Defense,Medium,Tesla,https://www.cnbc.com/2025/09/automotive-industry-trends,merger talks between two banks fall through,0,0,0,1,0,1,-1,0.0,0,0,0,0,0,0,neutral,True,1.87,False,443.38,6.096680052252292,43,7,5.285714285714286,1,0,1.87,1.0
2025-07-02,asx 200 gains on strong export performance,Seeking Alpha,Inflation Data Release,Russell 2000,-3.81,367.06,positive,Finance,Low,Samsung Electronics,,asx 200 gains on strong export performance,1,0,0,0,2,0,2,2.0,1,0,0,0,1,0,positive,True,-3.81,False,367.06,5.908245968357049,42,7,5.142857142857143,0,1,3.81,2.0
2025-07-23,government policy shift boosts renewable energy sector,Financial Times,Supply Chain Disruption,NSE Nifty,-3.25,112.9,negative,Aerospace & Defense,Low,JP Morgan Chase,https://www.forbes.com/crypto/cryptocurrency-regulation,government policy shift boosts renewable energy sector,0,0,0,0,0,0,0,0.0,0,0,0,0,0,0,neutral,False,-3.25,True,112.9,4.735320870453137,54,7,6.857142857142857,0,1,3.25,2.0
2025-08-03,bond yields tumble as investors seek safe havens,Financial Times,Regulatory Changes,Hang Seng,-0.54,336.03,negative,Real Estate,Low,Boeing,https://economictimes.indiatimes.com/stocks/bse-sensex-plunges,bond yields tumble as investors seek safe havens,0,1,0,0,0,2,-2,0.0,0,1,0,0,0,0,negative,True,-0.54,True,336.03,5.820171947161762,48,8,5.125,0,1,0.54,0.0
2025-07-29,healthcare stocks gain on robust demand and strong outlook,MarketWatch,Trade Tariffs Announcement,Euro Stoxx 50,-1.18,197.98,negative,Pharmaceuticals,Low,Boeing,https://www.wsj.com/china/market-regulation,healthcare stocks gain on robust demand and strong outlook,2,0,1,0,5,0,5,5.0,1,0,0,0,0,0,positive,False,-1.18,True,197.98,5.293204317161214,58,9,5.555555555555555,0,1,1.18,1.0
2025-02-07,consumer confidence index reaches a decade high,Investopedia,IPO Launch,KOSPI,-2.95,326.91,positive,Transportation,Low,ExxonMobil,https://www.investopedia.com/articles/government-policy-announcement,consumer confidence index reaches a decade high,0,0,1,0,1,0,1,1.0,0,0,0,0,0,0,neutral,True,-2.95,False,326.91,5.792739180488351,47,7,5.857142857142857,0,1,2.95,1.0
2025-04-08,new regulations on cryptocurrencies cause a market dip,MarketWatch,Trade Tariffs Announcement,Nasdaq Composite,-0.09,252.81,negative,Transportation,High,Tata Motors,https://www.ft.com/content/currency-devaluation,new regulations on cryptocurrencies cause a market dip,0,0,0,1,0,1,-1,0.0,0,0,0,0,0,0,neutral,True,-0.09,True,252.81,5.536585955607315,54,8,5.875,0,1,0.09,0.0
2025-06-20,healthcare stocks gain on robust demand and strong outlook,Financial Times,Interest Rate Change,S&P/TSX Composite,4.35,318.66,positive,Telecommunications,High,Goldman Sachs,https://economictimes.indiatimes.com/news/transportation,healthcare stocks gain on robust demand and strong outlook,2,0,1,0,5,0,5,5.0,1,0,0,0,0,0,positive,True,4.35,True,318.66,5.767257930940508,58,9,5.555555555555555,1,0,4.35,2.0
2025-07-03,e-commerce earnings report beats all analyst expectations,CNBC,Major Merger/Acquisition,CAC 40,-0.97,135.72,negative,Transportation,Medium,Apple Inc.,https://www.reuters.com/business/energy/oil-market-update,e-commerce earnings report beats all analyst expectations,0,0,0,0,0,0,0,0.0,0,0,0,0,0,1,neutral,False,-0.97,True,135.72,4.917935038807335,57,7,7.285714285714286,0,1,0.97,0.0
2025-07-10,consumer discretionary stocks outperform as spending increases,Economic Times,Supply Chain Disruption,Shanghai Composite,2.83,178.11,positive,Retail,Low,Tata Motors,https://www.reuters.com/markets/indices/ftse-100,consumer discretionary stocks outperform as spending increases,1,0,0,0,2,0,2,2.0,1,0,0,0,0,0,positive,True,2.83,True,178.11,5.1880001422371675,62,7,8.0,1,0,2.83,1.0
2025-06-25,record-high inflation data rattles investors,CNBC,Currency Devaluation,CAC 40,4.52,74.82,positive,Pharmaceuticals,Medium,Microsoft,https://www.business-standard.com/finance/corporate-earnings,record-high inflation data rattles investors,0,0,0,0,0,0,0,0.0,0,0,0,0,0,0,neutral,False,4.52,True,74.82,4.328362110088189,44,5,8.0,1,0,4.52,2.0
2025-05-03,major technology firm acquires a smaller rival in a multi-billion dollar deal,Economic Times,Central Bank Meeting,Dow Jones,1.97,306.39,positive,Consumer Goods,High,Apple Inc.,https://timesofindia.indiatimes.com/business/markets/stock-market-crash,major technology firm acquires a smaller rival in a multi-billion dollar deal,0,0,0,0,0,0,0,0.0,0,0,0,1,0,0,neutral,False,1.97,True,306.39,5.728117299670995,77,12,5.5,1,0,1.97,1.0
2025-07-20,central bank maintains status quo on interest rates,CNBC,Consumer Confidence Report,BSE Sensex,-3.06,7.65,negative,Real Estate,High,Microsoft,,central bank maintains status quo on interest rates,0,0,0,0,0,0,0,0.0,0,0,0,0,0,0,neutral,False,-3.06,True,7.65,2.157559320943788,51,8,5.5,0,1,3.06,2.0
2025-06-13,semiconductor shortages weigh heavily on tech sector profits,Wall Street Journal,Major Merger/Acquisition,TSX,0.19,489.7,positive,Telecommunications,Medium,Samsung Electronics,https://www.cnbc.com/2025/08/russia-ukraine-war-economic-impact,semiconductor shortages weigh heavily on tech sector profits,0,0,0,0,0,0,0,0.0,0,0,0,0,0,0,neutral,False,0.19,True,489.7,6.195832943095858,60,8,6.625,1,0,0.19,0.0
2025-06-24,consumer discretionary stocks outperform as spending increases,Forbes,Market Rally,NSE Nifty,-1.77,483.49,positive,Agriculture,Low,Samsung Electronics,https://timesofindia.indiatimes.com/business/finance/banking-sector-news,consumer discretionary stocks outperform as spending increases,1,0,0,0,2,0,2,2.0,1,0,0,0,0,0,positive,True,-1.77,False,483.49,6.183096791282935,62,7,8.0,0,1,1.77,1.0
2025-04-26,crude oil prices drop to a multi-year low,Seeking Alpha,Currency Devaluation,Shanghai Composite,0.92,292.45,negative,Healthcare,Low,ExxonMobil,https://www.theeconomist.com/world/government-policy-announcement,crude oil prices drop to a multi-year low,0,0,0,1,0,1,-1,0.0,0,0,0,0,0,0,neutral,True,0.92,False,292.45,5.681707267004343,41,8,4.25,1,0,0.92,0.0
2025-07-23,central bank maintains status quo on interest rates,CNBC,Market Rally,Euro Stoxx 50,4.35,274.79,positive,Energy,Medium,Microsoft,https://economictimes.indiatimes.com/stocks/bse-sensex-plunges,central bank maintains status quo on interest rates,0,0,0,0,0,0,0,0.0,0,0,0,0,0,0,neutral,False,4.35,True,274.79,5.619639706543773,51,8,5.5,1,0,4.35,2.0
2025-07-24,manufacturing pmi data signals economic expansion,Forbes,Central Bank Meeting,Euro Stoxx 50,-3.44,103.19,positive,Technology,High,ExxonMobil,https://www.business-standard.com/international-business/trade-policy,manufacturing pmi data signals economic expansion,0,0,1,0,1,0,1,1.0,0,0,0,0,0,0,neutral,True,-3.44,False,103.19,4.646216155424092,49,6,7.333333333333333,0,1,3.44,2.0
2025-02-22,consumer confidence index reaches a decade high,Business Standard,Unemployment Rate Announcement,IBOVESPA,0.37,237.57,positive,Aerospace & Defense,High,Tata Motors,https://www.wsj.com/europe/dax-performance,consumer confidence index reaches a decade high,0,0,1,0,1,0,1,1.0,0,0,0,0,0,0,neutral,True,0.37,True,237.57,5.474662768313607,47,7,5.857142857142857,1,0,0.37,0.0
2025-03-18,market sentiment turns positive on vaccine trial results,Barron's,Stock Market Crash,S&P 500,0.8,478.93,positive,Real Estate,High,Boeing,https://www.investopedia.com/articles/supply-chain-disruption,market sentiment turns positive on vaccine trial results,0,0,1,0,1,0,1,1.0,0,0,0,0,0,0,neutral,True,0.8,True,478.93,6.173640259933888,56,8,6.125,1,0,0.8,0.0
2025-06-14,dow jones plunges as market fears recession,Mint,Central Bank Meeting,Russell 2000,-0.98,121.99,negative,Utilities,High,Tata Motors,https://www.forbes.com/crypto/cryptocurrency-regulation,dow jones plunges as market fears recession,0,0,0,0,0,0,0,0.0,0,0,0,0,0,0,neutral,False,-0.98,True,121.99,4.8121030512543195,43,7,5.285714285714286,0,1,0.98,0.0
2025-04-27,financial sector bracing for new capital requirements,Times of India,Trade Tariffs Announcement,CAC 40,3.66,425.01,positive,Consumer Goods,Medium,Apple Inc.,https://www.marketwatch.com/story/commodities-price-shock,financial sector bracing for new capital requirements,0,0,0,0,0,0,0,0.0,0,0,0,0,0,0,neutral,False,3.66,True,425.01,6.05446282017226,53,7,6.714285714285714,1,0,3.66,2.0
2025-05-06,manufacturing pmi data signals economic expansion,Investopedia,Market Rally,Hang Seng,-0.86,278.35,negative,Energy,High,ExxonMobil,https://www.reuters.com/markets/indices/ftse-100,manufacturing pmi data signals economic expansion,0,0,1,0,1,0,1,1.0,0,0,0,0,0,0,neutral,False,-0.86,True,278.35,5.632465475905158,49,6,7.333333333333333,0,1,0.86,0.0
2025-08-02,major oil spill sends energy stocks plummeting,The Motley Fool,Consumer Confidence Report,NSE Nifty,2.74,263.38,positive,Construction,Low,Boeing,https://www.wsj.com/europe/regulatory-changes,major oil spill sends energy stocks plummeting,0,0,0,0,0,0,0,0.0,0,0,0,0,0,0,neutral,False,2.74,True,263.38,5.577387462151254,46,7,5.714285714285714,1,0,2.74,1.0
2025-05-30,media and entertainment companies report a surge in streaming revenue,Bloomberg,Commodity Price Shock,IBOVESPA,-0.84,353.22,negative,Transportation,Medium,Apple Inc.,https://www.wsj.com/europe/dax-performance,media and entertainment companies report a surge in streaming revenue,1,0,0,0,2,0,2,2.0,1,0,0,0,0,1,positive,False,-0.84,True,353.22,5.869918189028486,69,10,6.0,0,1,0.84,0.0
2025-07-21,tech giant s new product launch sparks sector-wide gains,Economic Times,Consumer Confidence Report,Hang Seng,1.96,415.11,positive,Real Estate,Medium,Tesla,,tech giant s new product launch sparks sector-wide gains,0,0,0,0,0,0,0,0.0,0,0,0,0,0,0,neutral,False,1.96,True,415.11,6.030949648384566,56,9,5.333333333333333,1,0,1.96,1.0
2025-04-11,asx 200 gains on strong export performance,Wall Street Journal,Inflation Data Release,S&P/TSX Composite,,49.83,positive,Telecommunications,Low,Reliance Industries,https://www.moneycontrol.com/us-markets/dow-jones-industrial,asx 200 gains on strong export performance,1,0,0,0,2,0,2,2.0,1,0,0,0,1,0,positive,True,,False,49.83,3.928486731458811,42,7,5.142857142857143,0,0,,
2025-04-15,asx 200 gains on strong export performance,Times of India,Interest Rate Change,KOSPI,-2.07,160.08,negative,Automotive,Low,Tesla,https://www.business-standard.com/economy/inflation-data,asx 200 gains on strong export performance,1,0,0,0,2,0,2,2.0,1,0,0,0,1,0,positive,False,-2.07,True,160.08,5.081901135983253,42,7,5.142857142857143,0,1,2.07,1.0
2025-05-28,manufacturing pmi data signals economic expansion,MarketWatch,Government Policy Announcement,BSE Sensex,4.19,65.24,positive,Pharmaceuticals,Low,Tata Motors,https://www.bloomberg.com/asia/telecommunications-news,manufacturing pmi data signals economic expansion,0,0,1,0,1,0,1,1.0,0,0,0,0,0,0,neutral,True,4.19,True,65.24,4.193284510077004,49,6,7.333333333333333,1,0,4.19,2.0
2025-02-06,crude oil prices drop to a multi-year low,The Economist,Stock Market Crash,Euro Stoxx 50,2.22,36.12,positive,Aerospace & Defense,Medium,Apple Inc.,https://www.reuters.com/business/energy/oil-market-update,crude oil prices drop to a multi-year low,0,0,0,1,0,1,-1,0.0,0,0,0,0,0,0,neutral,False,2.22,True,36.12,3.6141559079179997,41,8,4.25,1,0,2.22,1.0
2025-03-17,major oil spill sends energy stocks plummeting,Mint,Major Merger/Acquisition,Dow Jones,-2.19,363.53,negative,Pharmaceuticals,Low,ExxonMobil,https://www.wsj.com/europe/regulatory-changes,major oil spill sends energy stocks plummeting,0,0,0,0,0,0,0,0.0,0,0,0,0,0,0,neutral,False,-2.19,True,363.53,5.89860885258863,46,7,5.714285714285714,0,1,2.19,1.0
2025-07-23,major technology firm acquires a smaller rival in a multi-billion dollar deal,Bloomberg,Market Rally,DAX,-3.65,136.75,negative,Industrials,High,Tesla,https://www.wsj.com/europe/dax-performance,major technology firm acquires a smaller rival in a multi-billion dollar deal,0,0,0,0,0,0,0,0.0,0,0,0,1,0,0,neutral,False,-3.65,True,136.75,4.925440448033024,77,12,5.5,0,1,3.65,2.0
2025-07-12,record-high inflation data rattles investors,Investopedia,Geopolitical Event,BSE Sensex,3.34,406.63,positive,Utilities,Medium,Boeing,https://www.bloomberg.com/australia/asx-200-performance,record-high inflation data rattles investors,0,0,0,0,0,0,0,0.0,0,0,0,0,0,0,neutral,False,3.34,True,406.63,6.010359900210274,44,5,8.0,1,0,3.34,2.0
2025-05-23,financial sector bracing for new capital requirements,The Hindu Business Line,Economic Data Release,S&P 500,-4.39,332.75,negative,Technology,Low,Samsung Electronics,https://www.bloomberg.com/asia/telecommunications-news,financial sector bracing for new capital requirements,0,0,0,0,0,0,0,0.0,0,0,0,0,0,0,neutral,False,-4.39,True,332.75,5.810392209714459,53,7,6.714285714285714,0,1,4.39,2.0
2025-04-28,pharmaceutical company s drug approval drives stock upward,Barron's,Unemployment Rate Announcement,Hang Seng,-1.58,307.3,negative,Consumer Goods,Low,Apple Inc.,https://www.business-standard.com/finance/corporate-earnings,pharmaceutical company s drug approval drives stock upward,0,0,2,0,2,0,2,2.0,0,0,0,0,0,0,positive,False,-1.58,True,307.3,5.731073334892105,58,8,6.375,0,1,1.58,1.0
2025-05-02,financial services stocks rally on strong profit margins,Business Standard,Commodity Price Shock,CAC 40,4.94,405.23,positive,Agriculture,High,Samsung Electronics,https://www.investopedia.com/articles/supply-chain-disruption,financial services stocks rally on strong profit margins,2,0,1,0,5,0,5,5.0,1,0,0,0,0,0,positive,True,4.94,True,405.23,6.006919501662843,56,8,6.125,1,0,4.94,2.0
2025-08-11,quarterly report shows surprising losses for retail giants,Investopedia,Unemployment Rate Announcement,TSX,3.84,76.66,positive,Finance,Medium,Apple Inc.,,quarterly report shows surprising losses for retail giants,0,0,0,0,0,0,0,0.0,0,0,0,0,0,1,neutral,False,3.84,True,76.66,4.352340324303521,58,8,6.375,1,0,3.84,2.0
2025-06-28,energy company s dividend hike excites shareholders,Seeking Alpha,Government Policy Announcement,TSX,2.24,118.73,positive,Aerospace & Defense,Medium,Goldman Sachs,https://www.bloomberg.com/asia/telecommunications-news,energy company s dividend hike excites shareholders,0,0,0,0,0,0,0,0.0,0,0,0,0,0,0,neutral,False,2.24,True,118.73,4.785239207728752,51,7,6.428571428571429,1,0,2.24,1.0
2025-04-24,supply chain issues impact manufacturing sector earnings,Mint,Cryptocurrency Regulation,Dow Jones,-0.43,137.07,negative,Construction,Medium,Tata Motors,https://www.business-standard.com/international-business/trade-policy,supply chain issues impact manufacturing sector earnings,0,0,0,0,0,0,0,0.0,0,0,0,0,0,0,neutral,False,-0.43,True,137.07,4.927760802928061,56,7,7.142857142857143,0,1,0.43,0.0
2025-05-27,central bank governor signals potential shift in policy,Reuters,Trade Tariffs Announcement,NSE Nifty,-2.92,484.89,negative,Healthcare,High,Tata Motors,https://www.reuters.com/markets/indices/ftse-100,central bank governor signals potential shift in policy,0,0,0,0,0,0,0,0.0,0,0,0,0,0,0,neutral,False,-2.92,True,484.89,6.1859822608337485,55,8,6.0,0,1,2.92,1.0
2025-06-22,a massive data breach sends a tech company s stock tumbling,Yahoo Finance,IPO Launch,Nasdaq Composite,1.41,141.37,positive,Materials,Medium,Boeing,https://economictimes.indiatimes.com/news/transportation,a massive data breach sends a tech company s stock tumbling,0,1,0,0,0,2,-2,0.0,0,1,0,0,0,0,negative,False,1.41,True,141.37,4.958429302625654,59,11,4.454545454545454,1,0,1.41,1.0
2025-04-16,government subsidy program gives a lift to the agriculture sector,Economic Times,Supply Chain Disruption,FTSE 100,-1.9,258.63,negative,Automotive,Medium,Tata Motors,https://www.business-standard.com/economy/inflation-data,government subsidy program gives a lift to the agriculture sector,0,0,0,0,0,0,0,0.0,0,0,0,0,0,0,neutral,False,-1.9,True,258.63,5.559257540556812,65,10,5.6,0,1,1.9,1.0
2025-05-31,mining company stock surges on commodity price boom,MarketWatch,Bond Market Fluctuation,CAC 40,-2.7,115.15,negative,Construction,High,Microsoft,https://www.moneycontrol.com/india/ipo-news/new-firm-launches,mining company stock surges on commodity price boom,1,0,0,0,2,0,2,2.0,1,0,0,0,0,0,positive,False,-2.7,True,115.15,4.754882459216418,51,8,5.5,0,1,2.7,1.0
2025-02-05,new ipo for a popular software firm is oversubscribed,The Economist,Bond Market Fluctuation,ASX 200,-1.76,180.51,negative,Technology,Medium,ExxonMobil,https://www.business-standard.com/economy/inflation-data,new ipo for a popular software firm is oversubscribed,0,0,0,0,0,0,0,0.0,0,0,0,0,0,0,neutral,False,-1.76,True,180.51,5.201310748605886,53,9,5.0,0,1,1.76,1.0
2025-03-14,central bank governor signals potential shift in policy,Yahoo Finance,Inflation Data Release,FTSE 100,-2.56,213.26,negative,Industrials,Medium,Microsoft,https://www.theeconomist.com/finance-and-economics/trade-tariffs,central bank governor signals potential shift in policy,0,0,0,0,0,0,0,0.0,0,0,0,0,0,0,neutral,False,-2.56,True,213.26,5.367190230834412,55,8,6.0,0,1,2.56,1.0
2025-06-29,merger talks between two banks fall through,Times of India,Currency Devaluation,Hang Seng,3.64,398.59,positive,Industrials,High,JP Morgan Chase,https://www.wsj.com/china/market-rally,merger talks between two banks fall through,0,0,0,1,0,1,-1,0.0,0,0,0,0,0,0,neutral,False,3.64,True,398.59,5.990439021436242,43,7,5.285714285714286,1,0,3.64,2.0
2025-07-07,consumer confidence index reaches a decade high,Wall Street Journal,Geopolitical Event,S&P/TSX Composite,0.64,257.72,positive,Pharmaceuticals,Low,Goldman Sachs,https://www.marketwatch.com/story/commodities-price-shock,consumer confidence index reaches a decade high,0,0,1,0,1,0,1,1.0,0,0,0,0,0,0,neutral,True,0.64,True,257.72,5.5557463958287965,47,7,5.857142857142857,1,0,0.64,0.0
2025-03-02,government subsidy program gives a lift to the agriculture sector,The Economist,Economic Data Release,S&P 500,-2.15,111.85,negative,Finance,Medium,Samsung Electronics,https://www.marketwatch.com/story/consumer-goods-report,government subsidy program gives a lift to the agriculture sector,0,0,0,0,0,0,0,0.0,0,0,0,0,0,0,neutral,False,-2.15,True,111.85,4.726059503263545,65,10,5.6,0,1,2.15,1.0
2025-04-30,aerospace and defense sector sees rally amid geopolitical tensions,Forbes,IPO Launch,S&P/TSX Composite,-4.86,173.85,negative,Industrials,Low,Goldman Sachs,https://www.reuters.com/business/retail-sector-earnings,aerospace and defense sector sees rally amid geopolitical tensions,1,0,0,0,2,0,2,2.0,1,0,0,0,0,0,positive,False,-4.86,True,173.85,5.163928463509385,66,9,6.444444444444445,0,1,4.86,2.0
2025-04-14,banking stocks dip after a major scandal is revealed,Financial Times,Cryptocurrency Regulation,Hang Seng,4.99,314.53,negative,Agriculture,Low,Boeing,https://www.ft.com/content/geopolitical-summit,banking stocks dip after a major scandal is revealed,0,1,0,1,0,3,-3,0.0,0,1,0,0,0,0,negative,True,4.99,False,314.53,5.754253764624003,52,9,4.888888888888889,1,0,4.99,2.0
2025-03-17,manufacturing pmi data signals economic expansion,CNBC,Economic Data Release,Euro Stoxx 50,-0.21,257.57,positive,Transportation,High,Tata Motors,https://economictimes.indiatimes.com/news/transportation,manufacturing pmi data signals economic expansion,0,0,1,0,1,0,1,1.0,0,0,0,0,0,0,neutral,True,-0.21,False,257.57,5.555166450327418,49,6,7.333333333333333,0,1,0.21,0.0
2025-06-11,central bank maintains status quo on interest rates,The Hindu Business Line,Consumer Confidence Report,Dow Jones,-1.5,291.59,negative,Aerospace & Defense,Medium,JP Morgan Chase,https://www.wsj.com/japan/economic-data-release,central bank maintains status quo on interest rates,0,0,0,0,0,0,0,0.0,0,0,0,0,0,0,neutral,False,-1.5,True,291.59,5.6787723116520334,51,8,5.5,0,1,1.5,1.0
2025-04-21,retail sales report surpasses all forecasts,Barron's,Trade Tariffs Announcement,Nasdaq Composite,-4.16,154.93,negative,Finance,Low,Tesla,https://www.wsj.com/europe/dax-performance,retail sales report surpasses all forecasts,0,0,0,0,0,0,0,0.0,0,0,0,0,0,1,neutral,False,-4.16,True,154.93,5.049407188596794,43,6,6.333333333333333,0,1,4.16,2.0
2025-07-04,a massive data breach sends a tech company s stock tumbling,Bloomberg,Government Policy Announcement,S&P 500,4.39,258.05,positive,Aerospace & Defense,Low,Tata Motors,https://www.wsj.com/europe/dax-performance,a massive data breach sends a tech company s stock tumbling,0,1,0,0,0,2,-2,0.0,0,1,0,0,0,0,negative,False,4.39,True,258.05,5.557021093260797,59,11,4.454545454545454,1,0,4.39,2.0
2025-05-18,unexpected rise in unemployment fuels market pessimism,Financial Times,Government Policy Announcement,TSX,-0.82,393.62,negative,Consumer Goods,Low,JP Morgan Chase,https://www.reuters.com/markets/stocks/tech-rally,unexpected rise in unemployment fuels market pessimism,0,0,1,0,1,0,1,1.0,0,0,0,0,0,0,neutral,False,-0.82,True,393.62,5.977923276541315,54,7,6.857142857142857,0,1,0.82,0.0
2025-06-30,manufacturing pmi data signals economic expansion,Bloomberg,Geopolitical Event,DAX,-4.06,279.9,positive,Utilities,Medium,Apple Inc.,https://timesofindia.indiatimes.com/business/finance/banking-sector-news,manufacturing pmi data signals economic expansion,0,0,1,0,1,0,1,1.0,0,0,0,0,0,0,neutral,True,-4.06,False,279.9,5.637998734110198,49,6,7.333333333333333,0,1,4.06,2.0
2025-06-22,quarterly report shows surprising losses for retail giants,Economic Times,Regulatory Changes,TSX,-1.1,50.81,negative,Technology,Low,Boeing,,quarterly report shows surprising losses for retail giants,0,0,0,0,0,0,0,0.0,0,0,0,0,0,1,neutral,False,-1.1,True,50.81,3.947583180826697,58,8,6.375,0,1,1.1,1.0
2025-04-20,quarterly report shows surprising losses for retail giants,The Hindu Business Line,Unemployment Rate Announcement,ASX 200,3.47,320.8,positive,Finance,High,Samsung Electronics,https://www.bloomberg.com/australia/asx-200-performance,quarterly report shows surprising losses for retail giants,0,0,0,0,0,0,0,0.0,0,0,0,0,0,1,neutral,False,3.47,True,320.8,5.773930234558283,58,8,6.375,1,0,3.47,2.0
2025-07-25,unexpected rise in unemployment fuels market pessimism,Financial Times,Central Bank Meeting,IBOVESPA,-0.46,146.03,positive,Finance,High,JP Morgan Chase,https://www.business-standard.com/finance/corporate-earnings,unexpected rise in unemployment fuels market pessimism,0,0,1,0,1,0,1,1.0,0,0,0,0,0,0,neutral,True,-0.46,False,146.03,4.990636647589566,54,7,6.857142857142857,0,1,0.46,0.0
2025-02-03,mining company stock surges on commodity price boom,Mint,Central Bank Meeting,S&P/TSX Composite,,204.52,positive,Media & Entertainment,Medium,Samsung Electronics,https://www.marketwatch.com/story/commodities-price-shock,mining company stock surges on commodity price boom,1,0,0,0,2,0,2,2.0,1,0,0,0,0,0,positive,True,,False,204.52,5.3255433528016285,51,8,5.5,0,0,,
2025-04-14,market braces for a major policy announcement from the eu,Business Standard,IPO Launch,Dow Jones,4.29,33.76,positive,Technology,High,Apple Inc.,https://www.cnbc.com/2025/08/russia-ukraine-war-economic-impact,market braces for a major policy announcement from the eu,0,0,0,0,0,0,0,0.0,0,0,0,0,0,0,neutral,False,4.29,True,33.76,3.548467300397191,57,10,4.8,1,0,4.29,2.0
2025-07-08,banking stocks dip after a major scandal is revealed,Forbes,Regulatory Changes,IBOVESPA,-0.31,178.44,negative,Agriculture,Medium,Reliance Industries,https://www.bloomberg.com/canada/tsunami-warnings,banking stocks dip after a major scandal is revealed,0,1,0,1,0,3,-3,0.0,0,1,0,0,0,0,negative,True,-0.31,True,178.44,5.189840890211953,52,9,4.888888888888889,0,1,0.31,0.0
2025-04-19,major technology firm acquires a smaller rival in a multi-billion dollar deal,Financial Times,Major Merger/Acquisition,Hang Seng,-0.77,269.71,negative,Finance,High,JP Morgan Chase,https://www.marketwatch.com/story/commodities-price-shock,major technology firm acquires a smaller rival in a multi-billion dollar deal,0,0,0,0,0,0,0,0.0,0,0,0,1,0,0,neutral,False,-0.77,True,269.71,5.601048137201335,77,12,5.5,0,1,0.77,0.0
2025-05-03,banking stocks dip after a major scandal is revealed,Financial Times,Consumer Confidence Report,S&P 500,-3.35,64.49,negative,Real Estate,Medium,Boeing,https://timesofindia.indiatimes.com/business/finance/banking-sector-news,banking stocks dip after a major scandal is revealed,0,1,0,1,0,3,-3,0.0,0,1,0,0,0,0,negative,True,-3.35,True,64.49,4.181897459229962,52,9,4.888888888888889,0,1,3.35,2.0
2025-05-24,banking stocks dip after a major scandal is revealed,Seeking Alpha,Economic Data Release,Russell 2000,-0.7,352.94,negative,Utilities,Medium,JP Morgan Chase,https://www.business-standard.com/economy/trade-disputes-impact,banking stocks dip after a major scandal is revealed,0,1,0,1,0,3,-3,0.0,0,1,0,0,0,0,negative,True,-0.7,True,352.94,5.869127407243039,52,9,4.888888888888889,0,1,0.7,0.0
2025-02-04,utilities sector remains stable during market fluctuations,Reuters,Unemployment Rate Announcement,Russell 2000,2.94,422.51,positive,Retail,Low,Apple Inc.,https://www.marketwatch.com/story/consumer-goods-report,utilities sector remains stable during market fluctuations,0,0,0,0,0,0,0,0.0,0,0,0,0,0,0,neutral,False,2.94,True,422.51,6.048577126564218,58,7,7.428571428571429,1,0,2.94,1.0
2025-03-28,crude oil prices drop to a multi-year low,Barron's,Corporate Earnings Report,Euro Stoxx 50,2.52,18.22,positive,Industrials,Medium,Boeing,https://timesofindia.indiatimes.com/business/finance/banking-sector-news,crude oil prices drop to a multi-year low,0,0,0,1,0,1,-1,0.0,0,0,0,0,0,0,neutral,False,2.52,True,18.22,2.9559514035421466,41,8,4.25,1,0,2.52,1.0
2025-07-14,pharmaceutical company s drug approval drives stock upward,The Motley Fool,Consumer Confidence Report,S&P/TSX Composite,4.48,72.81,positive,Materials,High,Apple Inc.,https://www.moneycontrol.com/us-markets/dow-jones-industrial,pharmaceutical company s drug approval drives stock upward,0,0,2,0,2,0,2,2.0,0,0,0,0,0,0,positive,True,4.48,True,72.81,4.301494223781961,58,8,6.375,1,0,4.48,2.0
2025-07-29,massive stock buyback program announced by a consumer goods company,Bloomberg,Consumer Confidence Report,S&P/TSX Composite,-0.29,499.29,negative,Finance,Medium,Apple Inc.,https://www.forbes.com/crypto/cryptocurrency-regulation,massive stock buyback program announced by a consumer goods company,0,0,0,0,0,0,0,0.0,0,0,0,0,0,0,neutral,False,-0.29,True,499.29,6.2151879302872,67,10,5.8,0,1,0.29,0.0
2025-06-30,financial sector bracing for new capital requirements,The Hindu Business Line,IPO Launch,TSX,-1.34,142.67,negative,Real Estate,High,Goldman Sachs,https://www.investopedia.com/articles/government-policy-announcement,financial sector bracing for new capital requirements,0,0,0,0,0,0,0,0.0,0,0,0,0,0,0,neutral,False,-1.34,True,142.67,4.967519003022628,53,7,6.714285714285714,0,1,1.34,1.0
2025-06-16,new housing data release shows a slowdown in market activity,Seeking Alpha,IPO Launch,S&P 500,-3.54,42.99,negative,Utilities,High,Tata Motors,https://www.moneycontrol.com/us-markets/sp-500,new housing data release shows a slowdown in market activity,0,0,0,1,0,1,-1,0.0,0,0,0,0,0,0,neutral,True,-3.54,True,42.99,3.7839623353606284,60,10,5.1,0,1,3.54,2.0
2025-04-08,asx 200 gains on strong export performance,MarketWatch,IPO Launch,KOSPI,-0.92,86.41,negative,Aerospace & Defense,Medium,ExxonMobil,https://www.moneycontrol.com/us-markets/nasdaq-composite,asx 200 gains on strong export performance,1,0,0,0,2,0,2,2.0,1,0,0,0,1,0,positive,False,-0.92,True,86.41,4.470609692592396,42,7,5.142857142857143,0,1,0.92,0.0
2025-03-31,aerospace and defense sector sees rally amid geopolitical tensions,Forbes,Corporate Earnings Report,IBOVESPA,-1.44,208.5,positive,Real Estate,Medium,Reliance Industries,https://www.bloomberg.com/australia/asx-200-performance,aerospace and defense sector sees rally amid geopolitical tensions,1,0,0,0,2,0,2,2.0,1,0,0,0,0,0,positive,True,-1.44,False,208.5,5.344723739362192,66,9,6.444444444444445,0,1,1.44,1.0
2025-03-27,automotive industry faces headwinds from rising material costs,Forbes,Interest Rate Change,BSE Sensex,4.79,130.48,positive,Pharmaceuticals,Medium,Goldman Sachs,https://www.ft.com/content/consumer-confidence-report,automotive industry faces headwinds from rising material costs,0,0,0,0,0,0,0,0.0,0,0,0,0,0,0,neutral,False,4.79,True,130.48,4.8788547487960185,62,8,6.875,1,0,4.79,2.0
2025-05-08,record-high inflation data rattles investors,Investopedia,Economic Data Release,S&P/TSX Composite,-0.1,16.64,negative,Aerospace & Defense,High,Goldman Sachs,https://www.wsj.com/japan/economic-data-release,record-high inflation data rattles investors,0,0,0,0,0,0,0,0.0,0,0,0,0,0,0,neutral,False,-0.1,True,16.64,2.8701690505786455,44,5,8.0,0,1,0.1,0.0
2025-05-30,crude oil prices drop to a multi-year low,Bloomberg,Consumer Confidence Report,DAX,-3.7,443.42,negative,Healthcare,Medium,Tesla,https://www.moneycontrol.com/india/ipo-news/new-firm-launches,crude oil prices drop to a multi-year low,0,0,0,1,0,1,-1,0.0,0,0,0,0,0,0,neutral,True,-3.7,True,443.42,6.0967700612532525,41,8,4.25,0,1,3.7,2.0
2025-07-21,tech giant s new product launch sparks sector-wide gains,Economic Times,Consumer Confidence Report,Hang Seng,1.96,415.11,positive,Real Estate,Medium,Tesla,,tech giant s new product launch sparks sector-wide gains,0,0,0,0,0,0,0,0.0,0,0,0,0,0,0,neutral,False,1.96,True,415.11,6.030949648384566,56,9,5.333333333333333,1,0,1.96,1.0
2025-08-09,banking stocks dip after a major scandal is revealed,The Economist,Stock Market Crash,IBOVESPA,0.94,369.55,negative,Aerospace & Defense,Low,JP Morgan Chase,https://timesofindia.indiatimes.com/business/finance/banking-sector-news,banking stocks dip after a major scandal is revealed,0,1,0,1,0,3,-3,0.0,0,1,0,0,0,0,negative,True,0.94,False,369.55,5.914988388397368,52,9,4.888888888888889,1,0,0.94,0.0
2025-05-16,"global trade talks collapse, causing market turmoil",The Motley Fool,Stock Market Crash,DAX,-1.26,3.72,negative,Real Estate,Medium,Reliance Industries,https://www.reuters.com/business/energy/oil-market-update,global trade talks collapse causing market turmoil,0,0,0,0,0,0,0,0.0,0,0,0,0,0,0,neutral,False,-1.26,True,3.72,1.551808799597464,50,7,6.285714285714286,0,1,1.26,1.0
2025-05-03,major technology firm acquires a smaller rival in a multi-billion dollar deal,Economic Times,Central Bank Meeting,Dow Jones,1.97,306.39,positive,Consumer Goods,High,Apple Inc.,https://timesofindia.indiatimes.com/business/markets/stock-market-crash,major technology firm acquires a smaller rival in a multi-billion dollar deal,0,0,0,0,0,0,0,0.0,0,0,0,1,0,0,neutral,False,1.97,True,306.39,5.728117299670995,77,12,5.5,1,0,1.97,1.0
2025-04-01,merger talks between two banks fall through,The Motley Fool,Consumer Confidence Report,S&P 500,1.47,437.35,negative,Technology,High,Apple Inc.,https://www.wsj.com/europe/dax-performance,merger talks between two banks fall through,0,0,0,1,0,1,-1,0.0,0,0,0,0,0,0,neutral,True,1.47,False,437.35,6.083017678034595,43,7,5.285714285714286,1,0,1.47,1.0
2025-06-11,automotive industry faces headwinds from rising material costs,Forbes,Major Merger/Acquisition,Dow Jones,-2.65,460.86,negative,Telecommunications,Low,ExxonMobil,https://www.ft.com/content/geopolitical-summit,automotive industry faces headwinds from rising material costs,0,0,0,0,0,0,0,0.0,0,0,0,0,0,0,neutral,False,-2.65,True,460.86,6.135261814855749,62,8,6.875,0,1,2.65,1.0
2025-06-06,gold prices surge as investors flee riskier assets,CNBC,IPO Launch,S&P/TSX Composite,-1.55,218.14,positive,Telecommunications,Medium,Tesla,https://economictimes.indiatimes.com/industry/industrials,gold prices surge as investors flee riskier assets,1,0,0,0,2,0,2,2.0,1,0,0,0,0,0,positive,True,-1.55,False,218.14,5.389710794977248,50,8,5.375,0,1,1.55,1.0
2025-03-20,"global trade talks collapse, causing market turmoil",The Hindu Business Line,Market Rally,Shanghai Composite,-1.62,290.82,negative,Technology,Low,Microsoft,https://www.forbes.com/crypto/cryptocurrency-regulation,global trade talks collapse causing market turmoil,0,0,0,0,0,0,0,0.0,0,0,0,0,0,0,neutral,False,-1.62,True,290.82,5.676137173835876,50,7,6.285714285714286,0,1,1.62,1.0
2025-03-31,new regulations on cryptocurrencies cause a market dip,Seeking Alpha,Regulatory Changes,Russell 2000,-3.18,178.37,negative,Transportation,High,Tesla,https://www.bloomberg.com/canada/tsunami-warnings,new regulations on cryptocurrencies cause a market dip,0,0,0,1,0,1,-1,0.0,0,0,0,0,0,0,neutral,True,-3.18,True,178.37,5.189450711560923,54,8,5.875,0,1,3.18,2.0
2025-02-23,market braces for a major policy announcement from the eu,MarketWatch,Cryptocurrency Regulation,Nasdaq Composite,-4.57,67.43,negative,Healthcare,High,Tata Motors,https://www.wsj.com/china/market-rally,market braces for a major policy announcement from the eu,0,0,0,0,0,0,0,0.0,0,0,0,0,0,0,neutral,False,-4.57,True,67.43,4.225811324964407,57,10,4.8,0,1,4.57,2.0
2025-05-27,consumer confidence index reaches a decade high,Reuters,Bond Market Fluctuation,ASX 200,,416.71,positive,Industrials,Medium,JP Morgan Chase,https://www.bloomberg.com/asia/policy/central-bank-meeting,consumer confidence index reaches a decade high,0,0,1,0,1,0,1,1.0,0,0,0,0,0,0,neutral,True,,False,416.71,6.034787411843801,47,7,5.857142857142857,0,0,,
2025-08-02,media and entertainment companies report a surge in streaming revenue,Yahoo Finance,Market Rally,IBOVESPA,-1.94,359.56,negative,Finance,Medium,Reliance Industries,https://www.bloomberg.com/middle-east/news/bond-market-fluctuation,media and entertainment companies report a surge in streaming revenue,1,0,0,0,2,0,2,2.0,1,0,0,0,0,1,positive,False,-1.94,True,359.56,5.887658378382393,69,10,6.0,0,1,1.94,1.0
2025-02-07,uk s ftse 100 sees a boost from favorable trade data,Barron's,Inflation Data Release,CAC 40,-0.34,172.63,positive,Construction,Low,ExxonMobil,https://timesofindia.indiatimes.com/business/agriculture-sector,uk s ftse 100 sees a boost from favorable trade data,0,0,2,0,2,0,2,2.0,0,0,0,0,1,0,positive,True,-0.34,False,172.63,5.156926598356047,52,11,3.8181818181818183,0,1,0.34,0.0
2025-03-14,uk s ftse 100 sees a boost from favorable trade data,Mint,Unemployment Rate Announcement,Nikkei 225,,64.8,positive,Energy,Medium,JP Morgan Chase,https://www.business-standard.com/economy/economic-stimulus,uk s ftse 100 sees a boost from favorable trade data,0,0,2,0,2,0,2,2.0,0,0,0,0,1,0,positive,True,,False,64.8,4.186619838331271,52,11,3.8181818181818183,0,0,,
2025-07-30,a massive data breach sends a tech company s stock tumbling,Business Standard,Commodity Price Shock,Hang Seng,,387.37,negative,Real Estate,Low,Boeing,https://www.reuters.com/business/retail-sector-earnings,a massive data breach sends a tech company s stock tumbling,0,1,0,0,0,2,-2,0.0,0,1,0,0,0,0,negative,True,,False,387.37,5.961958493475206,59,11,4.454545454545454,0,0,,
2025-05-19,banking stocks dip after a major scandal is revealed,Mint,Corporate Earnings Report,KOSPI,2.8,175.81,negative,Healthcare,Medium,ExxonMobil,https://www.wsj.com/china/market-regulation,banking stocks dip after a major scandal is revealed,0,1,0,1,0,3,-3,0.0,0,1,0,0,0,0,negative,True,2.8,False,175.81,5.175075709689998,52,9,4.888888888888889,1,0,2.8,1.0
2025-07-04,a massive data breach sends a tech company s stock tumbling,Bloomberg,Government Policy Announcement,S&P 500,4.39,258.05,positive,Aerospace & Defense,Low,Tata Motors,https://www.wsj.com/europe/dax-performance,a massive data breach sends a tech company s stock tumbling,0,1,0,0,0,2,-2,0.0,0,1,0,0,0,0,negative,False,4.39,True,258.05,5.557021093260797,59,11,4.454545454545454,1,0,4.39,2.0
2025-04-19,massive stock buyback program announced by a consumer goods company,Wall Street Journal,Consumer Confidence Report,TSX,2.53,360.15,positive,Automotive,Medium,Reliance Industries,https://www.business-standard.com/economy/inflation-data,massive stock buyback program announced by a consumer goods company,0,0,0,0,0,0,0,0.0,0,0,0,0,0,0,neutral,False,2.53,True,360.15,5.889293384496856,67,10,5.8,1,0,2.53,1.0
2025-06-18,asx 200 gains on strong export performance,Barron's,Commodity Price Shock,IBOVESPA,2.99,458.44,positive,Finance,High,Boeing,https://www.bloomberg.com/australia/asx-200-performance,asx 200 gains on strong export performance,1,0,0,0,2,0,2,2.0,1,0,0,0,1,0,positive,True,2.99,True,458.44,6.130008356556041,42,7,5.142857142857143,1,0,2.99,1.0
2025-02-21,central bank maintains status quo on interest rates,MarketWatch,Bond Market Fluctuation,CAC 40,2.53,380.83,positive,Media & Entertainment,Low,Apple Inc.,https://www.moneycontrol.com/us-markets/sp-500,central bank maintains status quo on interest rates,0,0,0,0,0,0,0,0.0,0,0,0,0,0,0,neutral,False,2.53,True,380.83,5.944975483375027,51,8,5.5,1,0,2.53,1.0
2025-07-17,new regulations on cryptocurrencies cause a market dip,Reuters,Stock Market Crash,Hang Seng,1.26,77.07,positive,Utilities,Low,ExxonMobil,https://www.reuters.com/markets/stocks/tech-rally,new regulations on cryptocurrencies cause a market dip,0,0,0,1,0,1,-1,0.0,0,0,0,0,0,0,neutral,False,1.26,True,77.07,4.3576058601322,54,8,5.875,1,0,1.26,1.0
2025-07-29,energy company s dividend hike excites shareholders,Yahoo Finance,Trade Tariffs Announcement,Hang Seng,-0.28,256.41,negative,Materials,Low,ExxonMobil,https://economictimes.indiatimes.com/news/transportation,energy company s dividend hike excites shareholders,0,0,0,0,0,0,0,0.0,0,0,0,0,0,0,neutral,False,-0.28,True,256.41,5.550670144446233,51,7,6.428571428571429,0,1,0.28,0.0
2025-07-01,massive stock buyback program announced by a consumer goods company,Bloomberg,Unemployment Rate Announcement,IBOVESPA,2.0,322.86,positive,Materials,Medium,Tata Motors,https://www.moneycontrol.com/india/ipo-news/new-firm-launches,massive stock buyback program announced by a consumer goods company,0,0,0,0,0,0,0,0.0,0,0,0,0,0,0,neutral,False,2.0,True,322.86,5.780311323645325,67,10,5.8,1,0,2.0,1.0
2025-08-06,gold prices surge as investors flee riskier assets,The Motley Fool,Interest Rate Change,S&P 500,3.43,141.98,positive,Aerospace & Defense,Low,Boeing,,gold prices surge as investors flee riskier assets,1,0,0,0,2,0,2,2.0,1,0,0,0,0,0,positive,True,3.43,True,141.98,4.962704760338705,50,8,5.375,1,0,3.43,2.0
2025-04-30,market sentiment turns positive on vaccine trial results,MarketWatch,Geopolitical Event,BSE Sensex,-0.7,75.6,positive,Retail,Medium,Reliance Industries,https://www.wsj.com/china/market-regulation,market sentiment turns positive on vaccine trial results,0,0,1,0,1,0,1,1.0,0,0,0,0,0,0,neutral,True,-0.7,False,75.6,4.338597076746545,56,8,6.125,0,1,0.7,0.0
2025-08-06,new housing data release shows a slowdown in market activity,Bloomberg,Supply Chain Disruption,CAC 40,3.56,93.1,negative,Agriculture,Low,Apple Inc.,https://www.cnbc.com/2025/10/real-estate-market-analysis,new housing data release shows a slowdown in market activity,0,0,0,1,0,1,-1,0.0,0,0,0,0,0,0,neutral,True,3.56,False,93.1,4.544358046591334,60,10,5.1,1,0,3.56,2.0
2025-06-05,government subsidy program gives a lift to the agriculture sector,Times of India,Market Rally,Russell 2000,-2.72,205.74,negative,Energy,High,Goldman Sachs,https://www.wsj.com/china/market-rally,government subsidy program gives a lift to the agriculture sector,0,0,0,0,0,0,0,0.0,0,0,0,0,0,0,neutral,False,-2.72,True,205.74,5.331461965140338,65,10,5.6,0,1,2.72,1.0
2025-06-30,manufacturing pmi data signals economic expansion,Bloomberg,Geopolitical Event,DAX,-4.06,279.9,positive,Utilities,Medium,Apple Inc.,https://timesofindia.indiatimes.com/business/finance/banking-sector-news,manufacturing pmi data signals economic expansion,0,0,1,0,1,0,1,1.0,0,0,0,0,0,0,neutral,True,-4.06,False,279.9,5.637998734110198,49,6,7.333333333333333,0,1,4.06,2.0
2025-03-16,gold prices surge as investors flee riskier assets,The Hindu Business Line,Corporate Earnings Report,S&P/TSX Composite,2.7,186.43,positive,Retail,Medium,ExxonMobil,https://www.reuters.com/markets/indices/nikkei-225,gold prices surge as investors flee riskier assets,1,0,0,0,2,0,2,2.0,1,0,0,0,0,0,positive,True,2.7,True,186.43,5.233405442370894,50,8,5.375,1,0,2.7,1.0
2025-06-11,tech giant s new product launch sparks sector-wide gains,Investopedia,Central Bank Meeting,Russell 2000,2.06,480.73,positive,Retail,Low,Reliance Industries,https://www.forbes.com/finance/geopolitical-event-impact,tech giant s new product launch sparks sector-wide gains,0,0,0,0,0,0,0,0.0,0,0,0,0,0,0,neutral,False,2.06,True,480.73,6.177383791123922,56,9,5.333333333333333,1,0,2.06,1.0
2025-06-29,major technology firm acquires a smaller rival in a multi-billion dollar deal,Wall Street Journal,Major Merger/Acquisition,Euro Stoxx 50,0.92,354.46,positive,Pharmaceuticals,High,Apple Inc.,https://www.cnbc.com/2025/10/real-estate-market-analysis,major technology firm acquires a smaller rival in a multi-billion dollar deal,0,0,0,0,0,0,0,0.0,0,0,0,1,0,0,neutral,False,0.92,True,354.46,5.873412725331845,77,12,5.5,1,0,0.92,0.0
2025-07-28,a massive data breach sends a tech company s stock tumbling,Barron's,Unemployment Rate Announcement,Nikkei 225,3.91,189.7,positive,Telecommunications,Low,Samsung Electronics,https://www.reuters.com/business/retail-sector-earnings,a massive data breach sends a tech company s stock tumbling,0,1,0,0,0,2,-2,0.0,0,1,0,0,0,0,negative,False,3.91,True,189.7,5.250701512606374,59,11,4.454545454545454,1,0,3.91,2.0
2025-02-16,aerospace and defense sector sees rally amid geopolitical tensions,Forbes,Market Rally,FTSE 100,3.55,425.49,positive,Construction,Medium,Microsoft,https://www.marketwatch.com/story/consumer-goods-report,aerospace and defense sector sees rally amid geopolitical tensions,1,0,0,0,2,0,2,2.0,1,0,0,0,0,0,positive,True,3.55,True,425.49,6.055588919998005,66,9,6.444444444444445,1,0,3.55,2.0
2025-03-18,bond yields tumble as investors seek safe havens,The Motley Fool,Major Merger/Acquisition,NSE Nifty,4.96,492.36,negative,Construction,High,ExxonMobil,https://economictimes.indiatimes.com/news/economy/unemployment-rate,bond yields tumble as investors seek safe havens,0,1,0,0,0,2,-2,0.0,0,1,0,0,0,0,negative,True,4.96,False,492.36,6.201239130683238,48,8,5.125,1,0,4.96,2.0
2025-03-23,market sentiment turns positive on vaccine trial results,Economic Times,Currency Devaluation,Shanghai Composite,-3.88,122.4,positive,Materials,Low,Tesla,https://www.reuters.com/markets/indices/ftse-100,market sentiment turns positive on vaccine trial results,0,0,1,0,1,0,1,1.0,0,0,0,0,0,0,neutral,True,-3.88,False,122.4,4.8154311114712876,56,8,6.125,0,1,3.88,2.0
2025-06-23,new regulations on cryptocurrencies cause a market dip,MarketWatch,Economic Data Release,BSE Sensex,4.91,383.29,negative,Agriculture,Medium,Apple Inc.,https://www.wsj.com/china/market-regulation,new regulations on cryptocurrencies cause a market dip,0,0,0,1,0,1,-1,0.0,0,0,0,0,0,0,neutral,True,4.91,False,383.29,5.9513974758947406,54,8,5.875,1,0,4.91,2.0
2025-05-12,new ipo for a popular software firm is oversubscribed,Business Standard,Regulatory Changes,DAX,1.29,243.01,positive,Retail,High,JP Morgan Chase,https://www.cnbc.com/2025/10/real-estate-market-analysis,new ipo for a popular software firm is oversubscribed,0,0,0,0,0,0,0,0.0,0,0,0,0,0,0,neutral,False,1.29,True,243.01,5.497209208059954,53,9,5.0,1,0,1.29,1.0
2025-03-12,bond yields tumble as investors seek safe havens,The Hindu Business Line,Interest Rate Change,Shanghai Composite,3.43,123.91,negative,Automotive,Low,Tesla,https://www.cnbc.com/2025/10/real-estate-market-analysis,bond yields tumble as investors seek safe havens,0,1,0,0,0,2,-2,0.0,0,1,0,0,0,0,negative,True,3.43,False,123.91,4.827593477977818,48,8,5.125,1,0,3.43,2.0
2025-04-09,consumer confidence index reaches a decade high,Mint,Government Policy Announcement,ASX 200,1.2,312.51,positive,Finance,Low,Tesla,https://www.reuters.com/markets/stocks/tech-rally,consumer confidence index reaches a decade high,0,0,1,0,1,0,1,1.0,0,0,0,0,0,0,neutral,True,1.2,True,312.51,5.747831257490882,47,7,5.857142857142857,1,0,1.2,1.0
2025-06-29,merger talks between two banks fall through,Times of India,Government Policy Announcement,Russell 2000,-0.37,308.57,negative,Technology,Medium,JP Morgan Chase,,merger talks between two banks fall through,0,0,0,1,0,1,-1,0.0,0,0,0,0,0,0,neutral,True,-0.37,True,308.57,5.735184237795733,43,7,5.285714285714286,0,1,0.37,0.0
2025-06-16,media and entertainment companies report a surge in streaming revenue,Forbes,Commodity Price Shock,KOSPI,-1.37,283.49,negative,Telecommunications,Medium,JP Morgan Chase,https://www.reuters.com/markets/indices/ftse-100,media and entertainment companies report a surge in streaming revenue,1,0,0,0,2,0,2,2.0,1,0,0,0,0,1,positive,False,-1.37,True,283.49,5.650698103563745,69,10,6.0,0,1,1.37,1.0
2025-07-10,supply chain issues impact manufacturing sector earnings,Wall Street Journal,Trade Tariffs Announcement,Dow Jones,2.19,59.92,positive,Energy,Low,Reliance Industries,https://www.reuters.com/markets/stocks/tech-rally,supply chain issues impact manufacturing sector earnings,0,0,0,0,0,0,0,0.0,0,0,0,0,0,0,neutral,False,2.19,True,59.92,4.109561528026961,56,7,7.142857142857143,1,0,2.19,1.0
2025-05-15,merger talks between two banks fall through,Times of India,Inflation Data Release,CAC 40,0.64,418.24,negative,Technology,High,Reliance Industries,https://www.cnbc.com/2025/11/major-merger-deal-approved,merger talks between two banks fall through,0,0,0,1,0,1,-1,0.0,0,0,0,0,0,0,neutral,True,0.64,False,418.24,6.038443548301976,43,7,5.285714285714286,1,0,0.64,0.0
2025-02-14,asx 200 gains on strong export performance,Times of India,Bond Market Fluctuation,CAC 40,-4.73,301.11,negative,Utilities,Medium,Tesla,https://www.bloomberg.com/asia/policy/central-bank-meeting,asx 200 gains on strong export performance,1,0,0,0,2,0,2,2.0,1,0,0,0,1,0,positive,False,-4.73,True,301.11,5.710791189466759,42,7,5.142857142857143,0,1,4.73,2.0
2025-07-23,government spending bill is expected to stimulate the economy,The Motley Fool,Inflation Data Release,Nasdaq Composite,-3.97,438.22,negative,Consumer Goods,Low,JP Morgan Chase,https://www.bloomberg.com/australia/asx-200-performance,government spending bill is expected to stimulate the economy,0,0,0,0,0,0,0,0.0,0,0,0,0,0,0,neutral,False,-3.97,True,438.22,6.085000426499147,61,9,5.888888888888889,0,1,3.97,2.0
2025-03-26,new regulations on cryptocurrencies cause a market dip,CNBC,Inflation Data Release,Nikkei 225,-3.9,450.28,negative,Construction,Medium,Tata Motors,https://www.business-standard.com/economy/economic-stimulus,new regulations on cryptocurrencies cause a market dip,0,0,0,1,0,1,-1,0.0,0,0,0,0,0,0,neutral,True,-3.9,True,450.28,6.11208798943172,54,8,5.875,0,1,3.9,2.0
2025-03-31,consumer confidence index reaches a decade high,Forbes,Market Rally,IBOVESPA,-4.06,173.66,negative,Aerospace & Defense,Medium,Samsung Electronics,https://timesofindia.indiatimes.com/business/corporate-governance,consumer confidence index reaches a decade high,0,0,1,0,1,0,1,1.0,0,0,0,0,0,0,neutral,False,-4.06,True,173.66,5.162841226985587,47,7,5.857142857142857,0,1,4.06,2.0
2025-05-18,banking stocks dip after a major scandal is revealed,Times of India,IPO Launch,KOSPI,4.21,237.16,negative,Materials,High,ExxonMobil,https://www.ft.com/content/media-entertainment-merger,banking stocks dip after a major scandal is revealed,0,1,0,1,0,3,-3,0.0,0,1,0,0,0,0,negative,True,4.21,False,237.16,5.472942716707521,52,9,4.888888888888889,1,0,4.21,2.0
2025-02-08,"global trade talks collapse, causing market turmoil",Times of India,Geopolitical Event,Nasdaq Composite,-4.61,71.03,negative,Finance,Medium,Tata Motors,,global trade talks collapse causing market turmoil,0,0,0,0,0,0,0,0.0,0,0,0,0,0,0,neutral,False,-4.61,True,71.03,4.277082698901271,50,7,6.285714285714286,0,1,4.61,2.0
2025-03-20,record-high inflation data rattles investors,Financial Times,Bond Market Fluctuation,Russell 2000,1.0,171.18,positive,Consumer Goods,Medium,Samsung Electronics,https://www.forbes.com/crypto/cryptocurrency-regulation,record-high inflation data rattles investors,0,0,0,0,0,0,0,0.0,0,0,0,0,0,0,neutral,False,1.0,True,171.18,5.148540441229809,44,5,8.0,1,0,1.0,0.0
2025-04-05,consumer discretionary stocks outperform as spending increases,Barron's,Economic Data Release,S&P/TSX Composite,-3.09,429.99,positive,Materials,Low,Tata Motors,https://www.marketwatch.com/story/consumer-goods-report,consumer discretionary stocks outperform as spending increases,1,0,0,0,2,0,2,2.0,1,0,0,0,0,0,positive,True,-3.09,False,429.99,6.066084887978432,62,7,8.0,0,1,3.09,2.0
2025-07-26,bond yields tumble as investors seek safe havens,The Economist,Currency Devaluation,TSX,0.71,22.23,negative,Finance,High,JP Morgan Chase,https://www.investopedia.com/articles/government-policy-announcement,bond yields tumble as investors seek safe havens,0,1,0,0,0,2,-2,0.0,0,1,0,0,0,0,negative,True,0.71,False,22.23,3.145444546782318,48,8,5.125,1,0,0.71,0.0
2025-07-08,automotive industry faces headwinds from rising material costs,The Economist,Interest Rate Change,Shanghai Composite,0.9,162.32,positive,Transportation,High,Tata Motors,https://www.ft.com/content/tech-sector-innovation,automotive industry faces headwinds from rising material costs,0,0,0,0,0,0,0,0.0,0,0,0,0,0,0,neutral,False,0.9,True,162.32,5.095711466451375,62,8,6.875,1,0,0.9,0.0
2025-05-31,manufacturing pmi data signals economic expansion,Forbes,Interest Rate Change,IBOVESPA,-0.17,392.52,positive,Construction,Medium,ExxonMobil,https://www.business-standard.com/economy/trade-disputes-impact,manufacturing pmi data signals economic expansion,0,0,1,0,1,0,1,1.0,0,0,0,0,0,0,neutral,True,-0.17,False,392.52,5.975131892487084,49,6,7.333333333333333,0,1,0.17,0.0
2025-04-09,consumer confidence index reaches a decade high,Mint,Government Policy Announcement,ASX 200,1.2,312.51,positive,Finance,Low,Tesla,https://www.reuters.com/markets/stocks/tech-rally,consumer confidence index reaches a decade high,0,0,1,0,1,0,1,1.0,0,0,0,0,0,0,neutral,True,1.2,True,312.51,5.747831257490882,47,7,5.857142857142857,1,0,1.2,1.0
2025-03-28,crude oil prices drop to a multi-year low,Barron's,Corporate Earnings Report,Euro Stoxx 50,2.52,18.22,positive,Industrials,Medium,Boeing,https://timesofindia.indiatimes.com/business/finance/banking-sector-news,crude oil prices drop to a multi-year low,0,0,0,1,0,1,-1,0.0,0,0,0,0,0,0,neutral,False,2.52,True,18.22,2.9559514035421466,41,8,4.25,1,0,2.52,1.0
2025-04-04,crude oil prices drop to a multi-year low,The Motley Fool,Economic Data Release,Russell 2000,4.2,184.5,negative,Technology,Low,Apple Inc.,https://www.wsj.com/china/market-regulation,crude oil prices drop to a multi-year low,0,0,0,1,0,1,-1,0.0,0,0,0,0,0,0,neutral,True,4.2,False,184.5,5.22305488204749,41,8,4.25,1,0,4.2,2.0
2025-03-20,manufacturing pmi data signals economic expansion,Economic Times,Major Merger/Acquisition,Nasdaq Composite,-2.56,391.62,negative,Materials,High,Apple Inc.,https://www.moneycontrol.com/us-markets/nasdaq-composite,manufacturing pmi data signals economic expansion,0,0,1,0,1,0,1,1.0,0,0,0,0,0,0,neutral,False,-2.56,True,391.62,5.972842222979887,49,6,7.333333333333333,0,1,2.56,1.0
2025-04-24,unexpected rise in unemployment fuels market pessimism,Business Standard,Currency Devaluation,Nikkei 225,-3.14,59.24,negative,Media & Entertainment,Medium,Goldman Sachs,https://timesofindia.indiatimes.com/business/agriculture-sector,unexpected rise in unemployment fuels market pessimism,0,0,1,0,1,0,1,1.0,0,0,0,0,0,0,neutral,False,-3.14,True,59.24,4.098336583491638,54,7,6.857142857142857,0,1,3.14,2.0
2025-06-27,asx 200 gains on strong export performance,Economic Times,Market Rally,BSE Sensex,-2.14,273.97,negative,Transportation,High,Tata Motors,https://www.business-standard.com/economy/economic-stimulus,asx 200 gains on strong export performance,1,0,0,0,2,0,2,2.0,1,0,0,0,1,0,positive,False,-2.14,True,273.97,5.616662000806635,42,7,5.142857142857143,0,1,2.14,1.0
2025-05-17,manufacturing pmi data signals economic expansion,Reuters,Major Merger/Acquisition,Dow Jones,4.06,407.35,positive,Pharmaceuticals,Low,Boeing,https://economictimes.indiatimes.com/news/economy/unemployment-rate,manufacturing pmi data signals economic expansion,0,0,1,0,1,0,1,1.0,0,0,0,0,0,0,neutral,True,4.06,True,407.35,6.012124649804285,49,6,7.333333333333333,1,0,4.06,2.0
2025-06-01,crude oil prices drop to a multi-year low,The Hindu Business Line,Supply Chain Disruption,IBOVESPA,-3.13,450.52,negative,Transportation,High,Tata Motors,https://timesofindia.indiatimes.com/business/finance/banking-sector-news,crude oil prices drop to a multi-year low,0,0,0,1,0,1,-1,0.0,0,0,0,0,0,0,neutral,True,-3.13,True,450.52,6.112619668664449,41,8,4.25,0,1,3.13,2.0
2025-08-03,mining company stock surges on commodity price boom,CNBC,Commodity Price Shock,NSE Nifty,-0.95,29.44,negative,Agriculture,Medium,Boeing,https://www.reuters.com/markets/indices/nikkei-225,mining company stock surges on commodity price boom,1,0,0,0,2,0,2,2.0,1,0,0,0,0,0,positive,False,-0.95,True,29.44,3.415757532993485,51,8,5.5,0,1,0.95,0.0
2025-02-20,a massive data breach sends a tech company s stock tumbling,Investopedia,Economic Data Release,FTSE 100,2.5,160.09,negative,Industrials,High,Samsung Electronics,https://timesofindia.indiatimes.com/business/agriculture-sector,a massive data breach sends a tech company s stock tumbling,0,1,0,0,0,2,-2,0.0,0,1,0,0,0,0,negative,True,2.5,False,160.09,5.081963215009874,59,11,4.454545454545454,1,0,2.5,1.0
2025-05-09,tech giant s new product launch sparks sector-wide gains,The Motley Fool,Central Bank Meeting,NSE Nifty,-2.4,173.26,negative,Construction,Low,Microsoft,https://www.business-standard.com/economy/economic-stimulus,tech giant s new product launch sparks sector-wide gains,0,0,0,0,0,0,0,0.0,0,0,0,0,0,0,neutral,False,-2.4,True,173.26,5.160548436803141,56,9,5.333333333333333,0,1,2.4,1.0
2025-06-10,geopolitical ceasefire prompts a broad market recovery,MarketWatch,Consumer Confidence Report,S&P 500,-2.78,367.69,negative,Real Estate,Medium,Tata Motors,https://www.wsj.com/china/market-regulation,geopolitical ceasefire prompts a broad market recovery,0,0,1,0,1,0,1,1.0,0,0,0,0,0,0,neutral,False,-2.78,True,367.69,5.909956182550611,54,7,6.857142857142857,0,1,2.78,1.0
2025-04-23,financial services stocks rally on strong profit margins,The Motley Fool,Trade Tariffs Announcement,ASX 200,,428.77,positive,Automotive,High,Goldman Sachs,https://timesofindia.indiatimes.com/business/corporate-governance,financial services stocks rally on strong profit margins,2,0,1,0,5,0,5,5.0,1,0,0,0,0,0,positive,True,,False,428.77,6.0632501818653495,56,8,6.125,0,0,,
2025-04-03,consumer discretionary stocks outperform as spending increases,Forbes,Interest Rate Change,NSE Nifty,-1.08,128.66,positive,Telecommunications,High,Samsung Electronics,https://www.forbes.com/crypto/cryptocurrency-regulation,consumer discretionary stocks outperform as spending increases,1,0,0,0,2,0,2,2.0,1,0,0,0,0,0,positive,True,-1.08,False,128.66,4.864915639746849,62,7,8.0,0,1,1.08,1.0
2025-07-05,consumer discretionary stocks outperform as spending increases,Bloomberg,Cryptocurrency Regulation,KOSPI,4.57,376.31,positive,Utilities,High,Samsung Electronics,https://www.cnbc.com/2025/08/russia-ukraine-war-economic-impact,consumer discretionary stocks outperform as spending increases,1,0,0,0,2,0,2,2.0,1,0,0,0,0,0,positive,True,4.57,True,376.31,5.933067130727174,62,7,8.0,1,0,4.57,2.0
2025-07-12,pharmaceutical company s drug approval drives stock upward,Times of India,Bond Market Fluctuation,Nikkei 225,-2.11,157.82,negative,Agriculture,Low,Tesla,https://economictimes.indiatimes.com/news/transportation,pharmaceutical company s drug approval drives stock upward,0,0,2,0,2,0,2,2.0,0,0,0,0,0,0,positive,False,-2.11,True,157.82,5.067771485467065,58,8,6.375,0,1,2.11,1.0
2025-02-13,pharmaceutical company s drug approval drives stock upward,Business Standard,Currency Devaluation,Nasdaq Composite,4.96,2.5,positive,Transportation,Medium,Boeing,https://www.ft.com/content/currency-devaluation,pharmaceutical company s drug approval drives stock upward,0,0,2,0,2,0,2,2.0,0,0,0,0,0,0,positive,True,4.96,True,2.5,1.252762968495368,58,8,6.375,1,0,4.96,2.0
2025-04-11,a massive data breach sends a tech company s stock tumbling,Yahoo Finance,IPO Launch,ASX 200,-4.33,261.06,negative,Real Estate,Low,ExxonMobil,https://www.moneycontrol.com/us-markets/sp-500,a massive data breach sends a tech company s stock tumbling,0,1,0,0,0,2,-2,0.0,0,1,0,0,0,0,negative,True,-4.33,True,261.06,5.568573485176439,59,11,4.454545454545454,0,1,4.33,2.0
2025-03-09,nikkei 225 index benefits from a weaker yen,Barron's,Trade Tariffs Announcement,Hang Seng,-0.15,193.36,negative,Media & Entertainment,High,JP Morgan Chase,https://www.wsj.com/europe/dax-performance,nikkei 225 index benefits from a weaker yen,0,0,0,0,0,0,0,0.0,0,0,0,0,1,0,neutral,False,-0.15,True,193.36,5.269712109537703,43,8,4.5,0,1,0.15,0.0
2025-07-14,government subsidy program gives a lift to the agriculture sector,Bloomberg,Stock Market Crash,KOSPI,3.92,81.61,positive,Materials,Medium,Goldman Sachs,https://www.marketwatch.com/story/commodities-price-shock,government subsidy program gives a lift to the agriculture sector,0,0,0,0,0,0,0,0.0,0,0,0,0,0,0,neutral,False,3.92,True,81.61,4.414130738574414,65,10,5.6,1,0,3.92,2.0
2025-05-19,nikkei 225 index benefits from a weaker yen,Wall Street Journal,Economic Data Release,Russell 2000,1.41,467.1,positive,Healthcare,Medium,Boeing,https://www.cnbc.com/2025/08/russia-ukraine-war-economic-impact,nikkei 225 index benefits from a weaker yen,0,0,0,0,0,0,0,0.0,0,0,0,0,1,0,neutral,False,1.41,True,467.1,6.148681948306025,43,8,4.5,1,0,1.41,1.0
2025-08-08,consumer confidence index reaches a decade high,Mint,Major Merger/Acquisition,DAX,-3.77,245.25,negative,Aerospace & Defense,High,ExxonMobil,https://www.reuters.com/markets/indices/nikkei-225,consumer confidence index reaches a decade high,0,0,1,0,1,0,1,1.0,0,0,0,0,0,0,neutral,False,-3.77,True,245.25,5.506347280052198,47,7,5.857142857142857,0,1,3.77,2.0
2025-07-28,new housing data release shows a slowdown in market activity,Yahoo Finance,Regulatory Changes,CAC 40,-2.82,75.95,negative,Consumer Goods,Low,ExxonMobil,https://www.bloomberg.com/australia/asx-200-performance,new housing data release shows a slowdown in market activity,0,0,0,1,0,1,-1,0.0,0,0,0,0,0,0,neutral,True,-2.82,True,75.95,4.343155860284888,60,10,5.1,0,1,2.82,1.0
2025-07-12,e-commerce earnings report beats all analyst expectations,Forbes,Major Merger/Acquisition,Nasdaq Composite,-3.18,187.5,negative,Retail,Medium,Samsung Electronics,,e-commerce earnings report beats all analyst expectations,0,0,0,0,0,0,0,0.0,0,0,0,0,0,1,neutral,False,-3.18,True,187.5,5.2390980068880655,57,7,7.285714285714286,0,1,3.18,2.0
2025-07-09,aerospace and defense sector sees rally amid geopolitical tensions,The Motley Fool,Commodity Price Shock,Euro Stoxx 50,-0.44,379.18,positive,Automotive,Medium,Tata Motors,https://www.cnbc.com/2025/11/major-merger-deal-approved,aerospace and defense sector sees rally amid geopolitical tensions,1,0,0,0,2,0,2,2.0,1,0,0,0,0,0,positive,True,-0.44,False,379.18,5.9406448247780075,66,9,6.444444444444445,0,1,0.44,0.0
2025-06-29,merger talks between two banks fall through,Times of India,Currency Devaluation,Hang Seng,3.64,398.59,positive,Industrials,High,JP Morgan Chase,https://www.wsj.com/china/market-rally,merger talks between two banks fall through,0,0,0,1,0,1,-1,0.0,0,0,0,0,0,0,neutral,False,3.64,True,398.59,5.990439021436242,43,7,5.285714285714286,1,0,3.64,2.0
2025-07-12,crude oil prices drop to a multi-year low,MarketWatch,Major Merger/Acquisition,TSX,-4.76,491.44,negative,Consumer Goods,High,Microsoft,https://www.business-standard.com/economy/economic-stimulus,crude oil prices drop to a multi-year low,0,0,0,1,0,1,-1,0.0,0,0,0,0,0,0,neutral,True,-4.76,True,491.44,6.199372625779414,41,8,4.25,0,1,4.76,2.0
2025-07-27,tech giant s new product launch sparks sector-wide gains,Bloomberg,Trade Tariffs Announcement,IBOVESPA,-1.17,312.9,negative,Agriculture,Medium,JP Morgan Chase,https://www.ft.com/content/geopolitical-summit,tech giant s new product launch sparks sector-wide gains,0,0,0,0,0,0,0,0.0,0,0,0,0,0,0,neutral,False,-1.17,True,312.9,5.749074463847908,56,9,5.333333333333333,0,1,1.17,1.0
2025-05-29,new ipo for a popular software firm is oversubscribed,The Economist,Bond Market Fluctuation,Euro Stoxx 50,3.85,305.32,positive,Aerospace & Defense,High,JP Morgan Chase,https://www.moneycontrol.com/us-markets/dow-jones-industrial,new ipo for a popular software firm is oversubscribed,0,0,0,0,0,0,0,0.0,0,0,0,0,0,0,neutral,False,3.85,True,305.32,5.724630307169039,53,9,5.0,1,0,3.85,2.0
2025-06-06,financial sector bracing for new capital requirements,Economic Times,Central Bank Meeting,ASX 200,-4.05,48.05,negative,Pharmaceuticals,Medium,Reliance Industries,https://www.moneycontrol.com/india/ipo-news/new-firm-launches,financial sector bracing for new capital requirements,0,0,0,0,0,0,0,0.0,0,0,0,0,0,0,neutral,False,-4.05,True,48.05,3.892840186011372,53,7,6.714285714285714,0,1,4.05,2.0
2025-04-09,real estate sector shows signs of overheating as interest rates fall,Bloomberg,Geopolitical Event,Dow Jones,4.75,478.94,negative,Aerospace & Defense,Medium,Tesla,https://www.bloomberg.com/australia/asx-200-performance,real estate sector shows signs of overheating as interest rates fall,0,0,0,1,0,1,-1,0.0,0,0,0,0,0,0,neutral,True,4.75,False,478.94,6.173661096088786,68,11,5.2727272727272725,1,0,4.75,2.0
2025-03-31,crude oil prices drop to a multi-year low,Mint,Corporate Earnings Report,TSX,-3.93,69.64,negative,Real Estate,High,ExxonMobil,https://www.reuters.com/markets/indices/ftse-100,crude oil prices drop to a multi-year low,0,0,0,1,0,1,-1,0.0,0,0,0,0,0,0,neutral,True,-3.93,True,69.64,4.257596556295705,41,8,4.25,0,1,3.93,2.0
2025-05-21,crude oil prices drop to a multi-year low,Forbes,Unemployment Rate Announcement,Dow Jones,-0.24,480.19,negative,Utilities,Medium,Boeing,https://www.business-standard.com/finance/corporate-earnings,crude oil prices drop to a multi-year low,0,0,0,1,0,1,-1,0.0,0,0,0,0,0,0,neutral,True,-0.24,True,480.19,6.176262202504704,41,8,4.25,0,1,0.24,0.0
2025-03-28,federal reserve chairman s speech causes market volatility,The Hindu Business Line,Regulatory Changes,CAC 40,-2.71,143.96,negative,Energy,Medium,ExxonMobil,https://www.wsj.com/japan/economic-data-release,federal reserve chairman s speech causes market volatility,0,0,0,0,0,0,0,0.0,0,0,0,0,0,0,neutral,False,-2.71,True,143.96,4.9764578422946695,58,8,6.375,0,1,2.71,1.0
2025-06-05,central bank governor signals potential shift in policy,The Economist,Unemployment Rate Announcement,DAX,2.09,403.78,positive,Real Estate,High,Reliance Industries,https://www.forbes.com/crypto/cryptocurrency-regulation,central bank governor signals potential shift in policy,0,0,0,0,0,0,0,0.0,0,0,0,0,0,0,neutral,False,2.09,True,403.78,6.0033437096380595,55,8,6.0,1,0,2.09,1.0
2025-05-13,new regulations on cryptocurrencies cause a market dip,Wall Street Journal,Geopolitical Event,S&P 500,-3.11,325.88,negative,Real Estate,Low,Apple Inc.,https://www.wsj.com/china/market-regulation,new regulations on cryptocurrencies cause a market dip,0,0,0,1,0,1,-1,0.0,0,0,0,0,0,0,neutral,True,-3.11,True,325.88,5.789593131069312,54,8,5.875,0,1,3.11,2.0
2025-05-17,nikkei 225 index benefits from a weaker yen,CNBC,Regulatory Changes,TSX,-0.25,197.32,negative,Retail,Low,Tesla,https://www.moneycontrol.com/us-markets/nasdaq-composite,nikkei 225 index benefits from a weaker yen,0,0,0,0,0,0,0,0.0,0,0,0,0,1,0,neutral,False,-0.25,True,197.32,5.289881887726935,43,8,4.5,0,1,0.25,0.0
2025-05-19,market sentiment turns positive on vaccine trial results,Investopedia,Currency Devaluation,Hang Seng,-4.99,170.3,negative,Retail,Low,Boeing,https://economictimes.indiatimes.com/industry/industrials,market sentiment turns positive on vaccine trial results,0,0,1,0,1,0,1,1.0,0,0,0,0,0,0,neutral,False,-4.99,True,170.3,5.143416405330075,56,8,6.125,0,1,4.99,2.0
2025-03-20,automotive industry faces headwinds from rising material costs,Wall Street Journal,Inflation Data Release,BSE Sensex,1.15,83.6,positive,Media & Entertainment,Medium,Tata Motors,https://timesofindia.indiatimes.com/business/finance/banking-sector-news,automotive industry faces headwinds from rising material costs,0,0,0,0,0,0,0,0.0,0,0,0,0,0,0,neutral,False,1.15,True,83.6,4.437934266612178,62,8,6.875,1,0,1.15,1.0
2025-02-04,major technology firm acquires a smaller rival in a multi-billion dollar deal,Times of India,Market Rally,Shanghai Composite,3.59,91.6,positive,Technology,Low,Apple Inc.,https://www.bloomberg.com/australia/asx-200-performance,major technology firm acquires a smaller rival in a multi-billion dollar deal,0,0,0,0,0,0,0,0.0,0,0,0,1,0,0,neutral,False,3.59,True,91.6,4.528289141652134,77,12,5.5,1,0,3.59,2.0
2025-02-19,aerospace and defense sector sees rally amid geopolitical tensions,Bloomberg,Supply Chain Disruption,FTSE 100,-3.34,6.65,positive,Utilities,High,Tata Motors,https://www.business-standard.com/finance/corporate-earnings,aerospace and defense sector sees rally amid geopolitical tensions,1,0,0,0,2,0,2,2.0,1,0,0,0,0,0,positive,True,-3.34,False,6.65,2.0347056478384444,66,9,6.444444444444445,0,1,3.34,2.0
2025-06-23,federal reserve chairman s speech causes market volatility,Yahoo Finance,Government Policy Announcement,Euro Stoxx 50,-3.92,433.52,negative,Agriculture,Low,Microsoft,,federal reserve chairman s speech causes market volatility,0,0,0,0,0,0,0,0.0,0,0,0,0,0,0,neutral,False,-3.92,True,433.52,6.07424197356555,58,8,6.375,0,1,3.92,2.0
2025-04-09,consumer confidence index reaches a decade high,Mint,Government Policy Announcement,ASX 200,1.2,312.51,positive,Finance,Low,Tesla,https://www.reuters.com/markets/stocks/tech-rally,consumer confidence index reaches a decade high,0,0,1,0,1,0,1,1.0,0,0,0,0,0,0,neutral,True,1.2,True,312.51,5.747831257490882,47,7,5.857142857142857,1,0,1.2,1.0
2025-06-22,automotive industry faces headwinds from rising material costs,The Motley Fool,Unemployment Rate Announcement,Euro Stoxx 50,0.1,378.12,positive,Consumer Goods,Low,Goldman Sachs,https://economictimes.indiatimes.com/news/economy/unemployment-rate,automotive industry faces headwinds from rising material costs,0,0,0,0,0,0,0,0.0,0,0,0,0,0,0,neutral,False,0.1,True,378.12,5.937852777659333,62,8,6.875,1,0,0.1,0.0
2025-07-01,merger talks between two banks fall through,MarketWatch,IPO Launch,KOSPI,2.98,270.13,negative,Utilities,High,Tesla,https://www.business-standard.com/international-business/trade-policy,merger talks between two banks fall through,0,0,0,1,0,1,-1,0.0,0,0,0,0,0,0,neutral,True,2.98,False,270.13,5.602598410655186,43,7,5.285714285714286,1,0,2.98,1.0
2025-03-12,e-commerce earnings report beats all analyst expectations,MarketWatch,Market Rally,KOSPI,-1.03,427.76,negative,Transportation,Medium,Samsung Electronics,https://www.cnbc.com/2025/12/healthcare-sector-outlook,e-commerce earnings report beats all analyst expectations,0,0,0,0,0,0,0,0.0,0,0,0,0,0,1,neutral,False,-1.03,True,427.76,6.060897321823319,57,7,7.285714285714286,0,1,1.03,1.0
2025-06-17,market sentiment turns positive on vaccine trial results,Mint,Interest Rate Change,BSE Sensex,2.05,116.1,positive,Aerospace & Defense,Low,Samsung Electronics,https://www.forbes.com/crypto/cryptocurrency-regulation,market sentiment turns positive on vaccine trial results,0,0,1,0,1,0,1,1.0,0,0,0,0,0,0,neutral,True,2.05,True,116.1,4.763028270603671,56,8,6.125,1,0,2.05,1.0
2025-05-01,automotive industry faces headwinds from rising material costs,The Economist,Corporate Earnings Report,Dow Jones,3.79,467.38,positive,Automotive,Medium,Microsoft,https://www.moneycontrol.com/us-markets/dow-jones-industrial,automotive industry faces headwinds from rising material costs,0,0,0,0,0,0,0,0.0,0,0,0,0,0,0,neutral,False,3.79,True,467.38,6.1492799322637035,62,8,6.875,1,0,3.79,2.0
2025-06-26,financial sector bracing for new capital requirements,Yahoo Finance,Regulatory Changes,S&P 500,-0.78,379.27,negative,Retail,Medium,Samsung Electronics,https://www.forbes.com/finance/geopolitical-event-impact,financial sector bracing for new capital requirements,0,0,0,0,0,0,0,0.0,0,0,0,0,0,0,neutral,False,-0.78,True,379.27,5.9408815267319035,53,7,6.714285714285714,0,1,0.78,0.0
2025-04-05,dow jones plunges as market fears recession,Seeking Alpha,IPO Launch,Nasdaq Composite,-0.82,65.56,negative,Automotive,High,Microsoft,https://timesofindia.indiatimes.com/business/agriculture-sector,dow jones plunges as market fears recession,0,0,0,0,0,0,0,0.0,0,0,0,0,0,0,neutral,False,-0.82,True,65.56,4.198103796512953,43,7,5.285714285714286,0,1,0.82,0.0
2025-04-07,central bank maintains status quo on interest rates,Times of India,Central Bank Meeting,Hang Seng,0.15,147.45,positive,Transportation,Low,Goldman Sachs,https://www.bloomberg.com/asia/policy/central-bank-meeting,central bank maintains status quo on interest rates,0,0,0,0,0,0,0,0.0,0,0,0,0,0,0,neutral,False,0.15,True,147.45,5.000248201209769,51,8,5.5,1,0,0.15,0.0
2025-03-11,china s shanghai composite falls after new trade restrictions,Economic Times,Regulatory Changes,Russell 2000,-3.89,60.95,negative,Real Estate,Medium,Samsung Electronics,https://www.business-standard.com/international-business/trade-policy,china s shanghai composite falls after new trade restrictions,0,0,0,0,0,0,0,0.0,0,0,0,0,0,0,neutral,False,-3.89,True,60.95,4.126327608075152,61,9,5.888888888888889,0,1,3.89,2.0
2025-02-22,supply chain issues impact manufacturing sector earnings,CNBC,Major Merger/Acquisition,Euro Stoxx 50,-2.08,466.46,negative,Technology,Medium,Tata Motors,https://www.wsj.com/china/market-regulation,supply chain issues impact manufacturing sector earnings,0,0,0,0,0,0,0,0.0,0,0,0,0,0,0,neutral,False,-2.08,True,466.46,6.147313783570822,56,7,7.142857142857143,0,1,2.08,1.0
2025-04-14,tech giant s new product launch sparks sector-wide gains,Reuters,Currency Devaluation,Euro Stoxx 50,-3.5,104.12,negative,Construction,Low,Reliance Industries,https://www.marketwatch.com/story/commodities-price-shock,tech giant s new product launch sparks sector-wide gains,0,0,0,0,0,0,0,0.0,0,0,0,0,0,0,neutral,False,-3.5,True,104.12,4.655102554736301,56,9,5.333333333333333,0,1,3.5,2.0
2025-03-27,consumer discretionary stocks outperform as spending increases,Bloomberg,Trade Tariffs Announcement,S&P 500,-0.53,63.79,negative,Real Estate,High,ExxonMobil,https://www.cnbc.com/2025/09/automotive-industry-trends,consumer discretionary stocks outperform as spending increases,1,0,0,0,2,0,2,2.0,1,0,0,0,0,0,positive,False,-0.53,True,63.79,4.171151270461866,62,7,8.0,0,1,0.53,0.0
2025-06-19,central bank maintains status quo on interest rates,Bloomberg,Supply Chain Disruption,Dow Jones,-3.41,306.38,negative,Real Estate,High,Boeing,https://timesofindia.indiatimes.com/business/corporate-governance,central bank maintains status quo on interest rates,0,0,0,0,0,0,0,0.0,0,0,0,0,0,0,neutral,False,-3.41,True,306.38,5.7280847671791655,51,8,5.5,0,1,3.41,2.0
2025-02-20,massive stock buyback program announced by a consumer goods company,Reuters,Regulatory Changes,Hang Seng,-2.91,464.41,negative,Industrials,High,Boeing,https://www.bloomberg.com/asia/policy/central-bank-meeting,massive stock buyback program announced by a consumer goods company,0,0,0,0,0,0,0,0.0,0,0,0,0,0,0,neutral,False,-2.91,True,464.41,6.142918737530347,67,10,5.8,0,1,2.91,1.0
2025-07-25,unexpected rise in unemployment fuels market pessimism,Financial Times,Central Bank Meeting,IBOVESPA,-0.46,146.03,positive,Finance,High,JP Morgan Chase,https://www.business-standard.com/finance/corporate-earnings,unexpected rise in unemployment fuels market pessimism,0,0,1,0,1,0,1,1.0,0,0,0,0,0,0,neutral,True,-0.46,False,146.03,4.990636647589566,54,7,6.857142857142857,0,1,0.46,0.0
2025-06-13,merger talks between two banks fall through,Yahoo Finance,Inflation Data Release,Russell 2000,2.91,205.29,negative,Industrials,High,Tata Motors,https://www.moneycontrol.com/india/ipo-news/new-firm-launches,merger talks between two banks fall through,0,0,0,1,0,1,-1,0.0,0,0,0,0,0,0,neutral,True,2.91,False,205.29,5.329282945804916,43,7,5.285714285714286,1,0,2.91,1.0
2025-05-15,new housing data release shows a slowdown in market activity,Wall Street Journal,Government Policy Announcement,CAC 40,3.92,254.04,positive,Real Estate,Medium,Boeing,https://www.reuters.com/markets/indices/ftse-100,new housing data release shows a slowdown in market activity,0,0,0,1,0,1,-1,0.0,0,0,0,0,0,0,neutral,False,3.92,True,254.04,5.54142039560185,60,10,5.1,1,0,3.92,2.0
2025-07-16,mining company stock surges on commodity price boom,Economic Times,Corporate Earnings Report,Dow Jones,-4.84,244.28,negative,Construction,Medium,ExxonMobil,https://www.moneycontrol.com/india/ipo-news/new-firm-launches,mining company stock surges on commodity price boom,1,0,0,0,2,0,2,2.0,1,0,0,0,0,0,positive,False,-4.84,True,244.28,5.502400415123504,51,8,5.5,0,1,4.84,2.0
2025-08-08,geopolitical ceasefire prompts a broad market recovery,The Motley Fool,Currency Devaluation,ASX 200,4.23,53.56,positive,Agriculture,High,Samsung Electronics,https://economictimes.indiatimes.com/industry/industrials,geopolitical ceasefire prompts a broad market recovery,0,0,1,0,1,0,1,1.0,0,0,0,0,0,0,neutral,True,4.23,True,53.56,3.9993010135352067,54,7,6.857142857142857,1,0,4.23,2.0
2025-05-18,new regulations on cryptocurrencies cause a market dip,Business Standard,Regulatory Changes,Nasdaq Composite,-3.8,435.85,negative,Consumer Goods,Medium,Tesla,https://www.wsj.com/japan/economic-data-release,new regulations on cryptocurrencies cause a market dip,0,0,0,1,0,1,-1,0.0,0,0,0,0,0,0,neutral,True,-3.8,True,435.85,6.079589886744103,54,8,5.875,0,1,3.8,2.0
2025-05-30,retail sales report surpasses all forecasts,CNBC,Cryptocurrency Regulation,ASX 200,4.38,174.69,positive,Energy,Medium,Tesla,https://www.forbes.com/crypto/cryptocurrency-regulation,retail sales report surpasses all forecasts,0,0,0,0,0,0,0,0.0,0,0,0,0,0,1,neutral,False,4.38,True,174.69,5.168721078376963,43,6,6.333333333333333,1,0,4.38,2.0
2025-02-08,retail sales report surpasses all forecasts,Financial Times,Cryptocurrency Regulation,Dow Jones,2.29,169.39,positive,Transportation,Medium,Tesla,https://www.wsj.com/europe/regulatory-changes,retail sales report surpasses all forecasts,0,0,0,0,0,0,0,0.0,0,0,0,0,0,1,neutral,False,2.29,True,169.39,5.138089927227147,43,6,6.333333333333333,1,0,2.29,1.0
2025-03-03,retail sales report surpasses all forecasts,The Motley Fool,Government Policy Announcement,Euro Stoxx 50,-0.62,431.3,negative,Materials,High,Tata Motors,https://www.wsj.com/japan/economic-data-release,retail sales report surpasses all forecasts,0,0,0,0,0,0,0,0.0,0,0,0,0,0,1,neutral,False,-0.62,True,431.3,6.069119791673586,43,6,6.333333333333333,0,1,0.62,0.0
2025-02-21,bond yields tumble as investors seek safe havens,Economic Times,Unemployment Rate Announcement,Russell 2000,3.44,96.22,negative,Technology,Low,ExxonMobil,https://www.moneycontrol.com/us-markets/dow-jones-industrial,bond yields tumble as investors seek safe havens,0,1,0,0,0,2,-2,0.0,0,1,0,0,0,0,negative,True,3.44,False,96.22,4.576976451617309,48,8,5.125,1,0,3.44,2.0
2025-04-30,market sentiment turns positive on vaccine trial results,Mint,Government Policy Announcement,Russell 2000,-1.76,484.34,negative,Pharmaceuticals,Medium,Samsung Electronics,https://timesofindia.indiatimes.com/business/corporate-governance,market sentiment turns positive on vaccine trial results,0,0,1,0,1,0,1,1.0,0,0,0,0,0,0,neutral,False,-1.76,True,484.34,6.184849676257916,56,8,6.125,0,1,1.76,1.0
2025-03-04,e-commerce earnings report beats all analyst expectations,Business Standard,Inflation Data Release,Shanghai Composite,1.15,77.29,positive,Industrials,High,Goldman Sachs,https://www.bloomberg.com/asia/telecommunications-news,e-commerce earnings report beats all analyst expectations,0,0,0,0,0,0,0,0.0,0,0,0,0,0,1,neutral,False,1.15,True,77.29,4.360419880919823,57,7,7.285714285714286,1,0,1.15,1.0
2025-04-07,central bank maintains status quo on interest rates,Times of India,Central Bank Meeting,Hang Seng,0.15,147.45,positive,Transportation,Low,Goldman Sachs,https://www.bloomberg.com/asia/policy/central-bank-meeting,central bank maintains status quo on interest rates,0,0,0,0,0,0,0,0.0,0,0,0,0,0,0,neutral,False,0.15,True,147.45,5.000248201209769,51,8,5.5,1,0,0.15,0.0
2025-04-10,major oil spill sends energy stocks plummeting,The Motley Fool,Economic Data Release,Euro Stoxx 50,0.49,68.44,positive,Materials,Medium,Tesla,https://www.business-standard.com/economy/trade-disputes-impact,major oil spill sends energy stocks plummeting,0,0,0,0,0,0,0,0.0,0,0,0,0,0,0,neutral,False,0.49,True,68.44,4.240463070352095,46,7,5.714285714285714,1,0,0.49,0.0
2025-05-30,utilities sector remains stable during market fluctuations,Reuters,Central Bank Meeting,Shanghai Composite,-0.07,29.33,negative,Healthcare,High,Apple Inc.,https://www.business-standard.com/economy/trade-disputes-impact,utilities sector remains stable during market fluctuations,0,0,0,0,0,0,0,0.0,0,0,0,0,0,0,neutral,False,-0.07,True,29.33,3.41213732170049,58,7,7.428571428571429,0,1,0.07,0.0
2025-03-01,government spending bill is expected to stimulate the economy,Yahoo Finance,Economic Data Release,Nasdaq Composite,3.88,184.99,positive,Aerospace & Defense,Medium,Tata Motors,https://www.marketwatch.com/story/consumer-goods-report,government spending bill is expected to stimulate the economy,0,0,0,0,0,0,0,0.0,0,0,0,0,0,0,neutral,False,3.88,True,184.99,5.225692908827035,61,9,5.888888888888889,1,0,3.88,2.0
2025-03-29,real estate sector shows signs of overheating as interest rates fall,Economic Times,Bond Market Fluctuation,TSX,3.3,228.75,positive,Energy,Low,Reliance Industries,https://www.forbes.com/crypto/cryptocurrency-regulation,real estate sector shows signs of overheating as interest rates fall,0,0,0,1,0,1,-1,0.0,0,0,0,0,0,0,neutral,False,3.3,True,228.75,5.436991761235796,68,11,5.2727272727272725,1,0,3.3,2.0
2025-07-27,supply chain issues impact manufacturing sector earnings,CNBC,Commodity Price Shock,Nikkei 225,-3.47,420.36,negative,Real Estate,Low,Tesla,https://www.business-standard.com/economy/economic-stimulus,supply chain issues impact manufacturing sector earnings,0,0,0,0,0,0,0,0.0,0,0,0,0,0,0,neutral,False,-3.47,True,420.36,6.043487575175134,56,7,7.142857142857143,0,1,3.47,2.0
2025-03-01,government spending bill is expected to stimulate the economy,Times of India,Consumer Confidence Report,Nasdaq Composite,-1.99,119.81,negative,Transportation,Low,Goldman Sachs,https://www.business-standard.com/international-business/trade-policy,government spending bill is expected to stimulate the economy,0,0,0,0,0,0,0,0.0,0,0,0,0,0,0,neutral,False,-1.99,True,119.81,4.7942190635314725,61,9,5.888888888888889,0,1,1.99,1.0
2025-08-01,geopolitical ceasefire prompts a broad market recovery,Mint,Trade Tariffs Announcement,Euro Stoxx 50,-1.53,103.98,positive,Construction,Medium,Boeing,https://economictimes.indiatimes.com/news/economy/unemployment-rate,geopolitical ceasefire prompts a broad market recovery,0,0,1,0,1,0,1,1.0,0,0,0,0,0,0,neutral,True,-1.53,False,103.98,4.653769855824153,54,7,6.857142857142857,0,1,1.53,1.0
2025-05-07,new housing data release shows a slowdown in market activity,Barron's,Government Policy Announcement,S&P 500,-2.32,34.0,negative,Consumer Goods,Low,Reliance Industries,https://www.ft.com/content/currency-devaluation,new housing data release shows a slowdown in market activity,0,0,0,1,0,1,-1,0.0,0,0,0,0,0,0,neutral,True,-2.32,True,34.0,3.5553480614894135,60,10,5.1,0,1,2.32,1.0
2025-05-01,new ipo for a popular software firm is oversubscribed,Times of India,Market Rally,NSE Nifty,-1.98,454.31,negative,Automotive,Medium,Boeing,https://timesofindia.indiatimes.com/business/markets/stock-market-crash,new ipo for a popular software firm is oversubscribed,0,0,0,0,0,0,0,0.0,0,0,0,0,0,0,neutral,False,-1.98,True,454.31,6.120978505640064,53,9,5.0,0,1,1.98,1.0
2025-04-03,utilities sector remains stable during market fluctuations,Mint,Government Policy Announcement,FTSE 100,-0.08,202.7,negative,Industrials,Medium,Tata Motors,https://www.bloomberg.com/australia/asx-200-performance,utilities sector remains stable during market fluctuations,0,0,0,0,0,0,0,0.0,0,0,0,0,0,0,neutral,False,-0.08,True,202.7,5.31664832323276,58,7,7.428571428571429,0,1,0.08,0.0
2025-06-11,retail sales report surpasses all forecasts,Reuters,Regulatory Changes,FTSE 100,-1.92,449.99,negative,Healthcare,Low,JP Morgan Chase,https://www.reuters.com/markets/indices/ftse-100,retail sales report surpasses all forecasts,0,0,0,0,0,0,0,0.0,0,0,0,0,0,1,neutral,False,-1.92,True,449.99,6.111445166307853,43,6,6.333333333333333,0,1,1.92,1.0
2025-03-17,manufacturing pmi data signals economic expansion,CNBC,Economic Data Release,Euro Stoxx 50,-0.21,257.57,positive,Transportation,High,Tata Motors,https://economictimes.indiatimes.com/news/transportation,manufacturing pmi data signals economic expansion,0,0,1,0,1,0,1,1.0,0,0,0,0,0,0,neutral,True,-0.21,False,257.57,5.555166450327418,49,6,7.333333333333333,0,1,0.21,0.0
2025-03-11,supply chain issues impact manufacturing sector earnings,The Hindu Business Line,Market Rally,BSE Sensex,3.57,183.8,positive,Materials,Low,Goldman Sachs,https://economictimes.indiatimes.com/news/transportation,supply chain issues impact manufacturing sector earnings,0,0,0,0,0,0,0,0.0,0,0,0,0,0,0,neutral,False,3.57,True,183.8,5.2192741592075835,56,7,7.142857142857143,1,0,3.57,2.0
2025-04-27,bond yields tumble as investors seek safe havens,Seeking Alpha,Cryptocurrency Regulation,Euro Stoxx 50,2.7,452.85,negative,Energy,Low,ExxonMobil,https://www.bloomberg.com/asia/telecommunications-news,bond yields tumble as investors seek safe havens,0,1,0,0,0,2,-2,0.0,0,1,0,0,0,0,negative,True,2.7,False,452.85,6.117766746972636,48,8,5.125,1,0,2.7,1.0
2025-02-19,a massive data breach sends a tech company s stock tumbling,Business Standard,Trade Tariffs Announcement,KOSPI,-4.6,441.35,negative,Real Estate,High,Apple Inc.,https://www.moneycontrol.com/us-markets/nasdaq-composite,a massive data breach sends a tech company s stock tumbling,0,1,0,0,0,2,-2,0.0,0,1,0,0,0,0,negative,True,-4.6,True,441.35,6.092101423929395,59,11,4.454545454545454,0,1,4.6,2.0
2025-04-10,financial services stocks rally on strong profit margins,Bloomberg,Central Bank Meeting,S&P 500,2.45,434.21,positive,Pharmaceuticals,Low,Reliance Industries,https://timesofindia.indiatimes.com/business/agriculture-sector,financial services stocks rally on strong profit margins,2,0,1,0,5,0,5,5.0,1,0,0,0,0,0,positive,True,2.45,True,434.21,6.07582867321892,56,8,6.125,1,0,2.45,1.0
2025-04-08,asx 200 gains on strong export performance,The Economist,IPO Launch,Euro Stoxx 50,-1.74,324.11,positive,Technology,Low,Samsung Electronics,https://www.moneycontrol.com/us-markets/nasdaq-composite,asx 200 gains on strong export performance,1,0,0,0,2,0,2,2.0,1,0,0,0,1,0,positive,True,-1.74,False,324.11,5.784163586603014,42,7,5.142857142857143,0,1,1.74,1.0
2025-02-06,real estate sector shows signs of overheating as interest rates fall,The Economist,Unemployment Rate Announcement,FTSE 100,-1.18,2.54,negative,Healthcare,High,JP Morgan Chase,https://economictimes.indiatimes.com/stocks/bse-sensex-plunges,real estate sector shows signs of overheating as interest rates fall,0,0,0,1,0,1,-1,0.0,0,0,0,0,0,0,neutral,True,-1.18,True,2.54,1.264126727145683,68,11,5.2727272727272725,0,1,1.18,1.0
2025-03-24,dow jones plunges as market fears recession,Forbes,Currency Devaluation,Nikkei 225,-4.36,306.92,negative,Healthcare,High,Tata Motors,https://www.moneycontrol.com/us-markets/sp-500,dow jones plunges as market fears recession,0,0,0,0,0,0,0,0.0,0,0,0,0,0,0,neutral,False,-4.36,True,306.92,5.729840008975491,43,7,5.285714285714286,0,1,4.36,2.0
2025-06-24,nikkei 225 index benefits from a weaker yen,MarketWatch,Interest Rate Change,TSX,-2.9,498.54,negative,Pharmaceuticals,Medium,Tesla,https://www.cnbc.com/2025/09/automotive-industry-trends,nikkei 225 index benefits from a weaker yen,0,0,0,0,0,0,0,0.0,0,0,0,0,1,0,neutral,False,-2.9,True,498.54,6.21368767496245,43,8,4.5,0,1,2.9,1.0
2025-07-02,asx 200 gains on strong export performance,Seeking Alpha,Inflation Data Release,Russell 2000,-3.81,367.06,positive,Finance,Low,Samsung Electronics,,asx 200 gains on strong export performance,1,0,0,0,2,0,2,2.0,1,0,0,0,1,0,positive,True,-3.81,False,367.06,5.908245968357049,42,7,5.142857142857143,0,1,3.81,2.0
2025-05-31,semiconductor shortages weigh heavily on tech sector profits,Reuters,Government Policy Announcement,S&P 500,1.86,202.71,positive,Construction,Medium,Apple Inc.,https://economictimes.indiatimes.com/industry/industrials,semiconductor shortages weigh heavily on tech sector profits,0,0,0,0,0,0,0,0.0,0,0,0,0,0,0,neutral,False,1.86,True,202.71,5.316697413829466,60,8,6.625,1,0,1.86,1.0
2025-02-15,e-commerce earnings report beats all analyst expectations,Bloomberg,Stock Market Crash,Russell 2000,-0.35,455.71,negative,Pharmaceuticals,Medium,ExxonMobil,https://www.cnbc.com/2025/09/automotive-industry-trends,e-commerce earnings report beats all analyst expectations,0,0,0,0,0,0,0,0.0,0,0,0,0,0,1,neutral,False,-0.35,True,455.71,6.12404861616319,57,7,7.285714285714286,0,1,0.35,0.0
2025-04-13,automotive industry faces headwinds from rising material costs,CNBC,Inflation Data Release,Nikkei 225,-4.7,478.8,negative,Retail,Low,Apple Inc.,https://www.moneycontrol.com/us-markets/dow-jones-industrial,automotive industry faces headwinds from rising material costs,0,0,0,0,0,0,0,0.0,0,0,0,0,0,0,neutral,False,-4.7,True,478.8,6.173369350405594,62,8,6.875,0,1,4.7,2.0
2025-05-28,geopolitical ceasefire prompts a broad market recovery,The Hindu Business Line,Bond Market Fluctuation,Russell 2000,2.89,146.48,positive,Media & Entertainment,Low,Microsoft,,geopolitical ceasefire prompts a broad market recovery,0,0,1,0,1,0,1,1.0,0,0,0,0,0,0,neutral,True,2.89,True,146.48,4.993692573365943,54,7,6.857142857142857,1,0,2.89,1.0
2025-04-13,media and entertainment companies report a surge in streaming revenue,Forbes,Cryptocurrency Regulation,KOSPI,-4.03,252.5,positive,Retail,Low,JP Morgan Chase,https://www.ft.com/content/consumer-confidence-report,media and entertainment companies report a surge in streaming revenue,1,0,0,0,2,0,2,2.0,1,0,0,0,0,1,positive,True,-4.03,False,252.5,5.535363823031238,69,10,6.0,0,1,4.03,2.0
2025-08-04,government subsidy program gives a lift to the agriculture sector,Financial Times,Major Merger/Acquisition,DAX,-2.25,345.01,negative,Agriculture,Medium,Microsoft,https://www.wsj.com/china/market-rally,government subsidy program gives a lift to the agriculture sector,0,0,0,0,0,0,0,0.0,0,0,0,0,0,0,neutral,False,-2.25,True,345.01,5.846467676374181,65,10,5.6,0,1,2.25,1.0
2025-08-06,gold prices surge as investors flee riskier assets,The Motley Fool,Interest Rate Change,S&P 500,3.43,141.98,positive,Aerospace & Defense,Low,Boeing,,gold prices surge as investors flee riskier assets,1,0,0,0,2,0,2,2.0,1,0,0,0,0,0,positive,True,3.43,True,141.98,4.962704760338705,50,8,5.375,1,0,3.43,2.0
2025-05-09,pharmaceutical company s drug approval drives stock upward,The Economist,Consumer Confidence Report,Hang Seng,3.17,109.09,positive,Transportation,High,Microsoft,https://www.reuters.com/markets/stocks/tech-rally,pharmaceutical company s drug approval drives stock upward,0,0,2,0,2,0,2,2.0,0,0,0,0,0,0,positive,True,3.17,True,109.09,4.701298213082312,58,8,6.375,1,0,3.17,2.0
2025-07-03,financial sector bracing for new capital requirements,Bloomberg,Bond Market Fluctuation,Euro Stoxx 50,-1.83,487.1,negative,Materials,Medium,Microsoft,https://www.forbes.com/finance/geopolitical-event-impact,financial sector bracing for new capital requirements,0,0,0,0,0,0,0,0.0,0,0,0,0,0,0,neutral,False,-1.83,True,487.1,6.190520302893102,53,7,6.714285714285714,0,1,1.83,1.0
2025-03-18,financial services stocks rally on strong profit margins,Investopedia,Market Rally,Hang Seng,-3.3,372.35,negative,Energy,High,ExxonMobil,https://www.marketwatch.com/story/commodities-price-shock,financial services stocks rally on strong profit margins,2,0,1,0,5,0,5,5.0,1,0,0,0,0,0,positive,False,-3.3,True,372.35,5.922516317481711,56,8,6.125,0,1,3.3,2.0
2025-03-08,manufacturing pmi data signals economic expansion,Times of India,Trade Tariffs Announcement,Shanghai Composite,-0.2,220.75,negative,Technology,Low,Tata Motors,https://www.theeconomist.com/finance-and-economics/trade-tariffs,manufacturing pmi data signals economic expansion,0,0,1,0,1,0,1,1.0,0,0,0,0,0,0,neutral,False,-0.2,True,220.75,5.401550621189688,49,6,7.333333333333333,0,1,0.2,0.0
2025-08-05,record-high inflation data rattles investors,Barron's,Commodity Price Shock,S&P 500,-4.09,120.15,negative,Retail,Medium,Microsoft,https://www.investopedia.com/articles/supply-chain-disruption,record-high inflation data rattles investors,0,0,0,0,0,0,0,0.0,0,0,0,0,0,0,neutral,False,-4.09,True,120.15,4.797029447262535,44,5,8.0,0,1,4.09,2.0
2025-05-26,real estate sector shows signs of overheating as interest rates fall,CNBC,Regulatory Changes,BSE Sensex,0.19,215.97,positive,Agriculture,Medium,Tata Motors,https://www.theeconomist.com/world/government-policy-announcement,real estate sector shows signs of overheating as interest rates fall,0,0,0,1,0,1,-1,0.0,0,0,0,0,0,0,neutral,False,0.19,True,215.97,5.37975909513528,68,11,5.2727272727272725,1,0,0.19,0.0
2025-06-21,e-commerce earnings report beats all analyst expectations,Financial Times,Currency Devaluation,BSE Sensex,3.27,190.83,positive,Retail,High,Samsung Electronics,https://www.wsj.com/japan/economic-data-release,e-commerce earnings report beats all analyst expectations,0,0,0,0,0,0,0,0.0,0,0,0,0,0,1,neutral,False,3.27,True,190.83,5.256609563148246,57,7,7.285714285714286,1,0,3.27,2.0
2025-08-04,market sentiment turns positive on vaccine trial results,CNBC,Corporate Earnings Report,Shanghai Composite,-2.64,458.57,negative,Media & Entertainment,Medium,Tesla,https://www.cnbc.com/2025/08/russia-ukraine-war-economic-impact,market sentiment turns positive on vaccine trial results,0,0,1,0,1,0,1,1.0,0,0,0,0,0,0,neutral,False,-2.64,True,458.57,6.130291269692714,56,8,6.125,0,1,2.64,1.0
2025-02-16,healthcare stocks gain on robust demand and strong outlook,Yahoo Finance,Geopolitical Event,Nasdaq Composite,-1.51,56.18,negative,Healthcare,High,Boeing,https://www.business-standard.com/economy/inflation-data,healthcare stocks gain on robust demand and strong outlook,2,0,1,0,5,0,5,5.0,1,0,0,0,0,0,positive,False,-1.51,True,56.18,4.046204186894165,58,9,5.555555555555555,0,1,1.51,1.0
2025-05-23,central bank maintains status quo on interest rates,Economic Times,Trade Tariffs Announcement,Dow Jones,0.79,423.64,positive,Transportation,Medium,Microsoft,https://www.ft.com/content/consumer-confidence-report,central bank maintains status quo on interest rates,0,0,0,0,0,0,0,0.0,0,0,0,0,0,0,neutral,False,0.79,True,423.64,6.051241751143842,51,8,5.5,1,0,0.79,0.0
2025-04-27,government subsidy program gives a lift to the agriculture sector,The Economist,Central Bank Meeting,KOSPI,-2.58,70.41,negative,Aerospace & Defense,Low,Tata Motors,https://www.moneycontrol.com/us-markets/dow-jones-industrial,government subsidy program gives a lift to the agriculture sector,0,0,0,0,0,0,0,0.0,0,0,0,0,0,0,neutral,False,-2.58,True,70.41,4.268437915561019,65,10,5.6,0,1,2.58,1.0
2025-02-22,major technology firm acquires a smaller rival in a multi-billion dollar deal,CNBC,IPO Launch,Dow Jones,1.76,421.83,positive,Finance,High,Samsung Electronics,https://www.moneycontrol.com/us-markets/nasdaq-composite,major technology firm acquires a smaller rival in a multi-billion dollar deal,0,0,0,0,0,0,0,0.0,0,0,0,1,0,0,neutral,False,1.76,True,421.83,6.0469702070133895,77,12,5.5,1,0,1.76,1.0
2025-04-28,central bank maintains status quo on interest rates,Seeking Alpha,Trade Tariffs Announcement,ASX 200,1.37,172.41,positive,Real Estate,Low,Tata Motors,https://www.business-standard.com/finance/corporate-earnings,central bank maintains status quo on interest rates,0,0,0,0,0,0,0,0.0,0,0,0,0,0,0,neutral,False,1.37,True,172.41,5.1556587328104575,51,8,5.5,1,0,1.37,1.0
2025-05-02,financial services stocks rally on strong profit margins,Investopedia,Cryptocurrency Regulation,Hang Seng,-4.03,349.01,negative,Materials,High,Microsoft,https://www.cnbc.com/2025/11/major-merger-deal-approved,financial services stocks rally on strong profit margins,2,0,1,0,5,0,5,5.0,1,0,0,0,0,0,positive,False,-4.03,True,349.01,5.857961725503875,56,8,6.125,0,1,4.03,2.0
2025-04-30,market sentiment turns positive on vaccine trial results,MarketWatch,Geopolitical Event,BSE Sensex,-0.7,75.6,positive,Retail,Medium,Reliance Industries,https://www.wsj.com/china/market-regulation,market sentiment turns positive on vaccine trial results,0,0,1,0,1,0,1,1.0,0,0,0,0,0,0,neutral,True,-0.7,False,75.6,4.338597076746545,56,8,6.125,0,1,0.7,0.0
2025-04-26,central bank s dovish tone hints at future rate cuts,Mint,Supply Chain Disruption,Euro Stoxx 50,-1.68,108.66,negative,Retail,Medium,Boeing,https://www.investopedia.com/articles/government-policy-announcement,central bank s dovish tone hints at future rate cuts,0,0,0,0,0,0,0,0.0,0,0,0,0,0,0,neutral,False,-1.68,True,108.66,4.697384669975903,52,10,4.3,0,1,1.68,1.0
2025-02-05,market sentiment turns positive on vaccine trial results,The Economist,Unemployment Rate Announcement,IBOVESPA,-4.75,499.28,positive,Energy,Medium,Samsung Electronics,https://www.investopedia.com/articles/government-policy-announcement,market sentiment turns positive on vaccine trial results,0,0,1,0,1,0,1,1.0,0,0,0,0,0,0,neutral,True,-4.75,False,499.28,6.215167941680706,56,8,6.125,0,1,4.75,2.0
2025-04-11,e-commerce earnings report beats all analyst expectations,Times of India,Government Policy Announcement,KOSPI,3.06,273.91,positive,Media & Entertainment,Medium,Tata Motors,https://www.bloomberg.com/asia/policy/central-bank-meeting,e-commerce earnings report beats all analyst expectations,0,0,0,0,0,0,0,0.0,0,0,0,0,0,1,neutral,False,3.06,True,273.91,5.616443771373892,57,7,7.285714285714286,1,0,3.06,2.0
2025-03-10,crude oil prices drop to a multi-year low,The Motley Fool,Commodity Price Shock,FTSE 100,-4.39,441.23,negative,Utilities,High,Goldman Sachs,https://www.bloomberg.com/canada/tsunami-warnings,crude oil prices drop to a multi-year low,0,0,0,1,0,1,-1,0.0,0,0,0,0,0,0,neutral,True,-4.39,True,441.23,6.091830108727296,41,8,4.25,0,1,4.39,2.0
2025-05-15,geopolitical ceasefire prompts a broad market recovery,Barron's,Cryptocurrency Regulation,Dow Jones,-3.03,339.9,negative,Agriculture,Low,Samsung Electronics,https://www.moneycontrol.com/us-markets/nasdaq-composite,geopolitical ceasefire prompts a broad market recovery,0,0,1,0,1,0,1,1.0,0,0,0,0,0,0,neutral,False,-3.03,True,339.9,5.831589179143857,54,7,6.857142857142857,0,1,3.03,2.0
2025-04-26,real estate sector shows signs of overheating as interest rates fall,CNBC,Economic Data Release,TSX,2.31,21.81,negative,Finance,High,Tata Motors,https://www.forbes.com/crypto/cryptocurrency-regulation,real estate sector shows signs of overheating as interest rates fall,0,0,0,1,0,1,-1,0.0,0,0,0,0,0,0,neutral,True,2.31,False,21.81,3.1271990362962967,68,11,5.2727272727272725,1,0,2.31,1.0
2025-04-24,"global trade talks collapse, causing market turmoil",MarketWatch,Major Merger/Acquisition,S&P 500,-3.08,126.72,negative,Real Estate,High,Boeing,https://www.investopedia.com/articles/supply-chain-disruption,global trade talks collapse causing market turmoil,0,0,0,0,0,0,0,0.0,0,0,0,0,0,0,neutral,False,-3.08,True,126.72,4.849840367846581,50,7,6.285714285714286,0,1,3.08,2.0
2025-07-24,government policy shift boosts renewable energy sector,Mint,Regulatory Changes,Nikkei 225,1.08,402.26,positive,Transportation,Low,JP Morgan Chase,https://www.reuters.com/business/energy/oil-market-update,government policy shift boosts renewable energy sector,0,0,0,0,0,0,0,0.0,0,0,0,0,0,0,neutral,False,1.08,True,402.26,5.99958151520993,54,7,6.857142857142857,1,0,1.08,1.0
2025-02-23,manufacturing pmi data signals economic expansion,Yahoo Finance,Central Bank Meeting,IBOVESPA,-3.95,498.21,positive,Utilities,High,Goldman Sachs,https://www.bloomberg.com/asia/policy/central-bank-meeting,manufacturing pmi data signals economic expansion,0,0,1,0,1,0,1,1.0,0,0,0,0,0,0,neutral,True,-3.95,False,498.21,6.213026848905861,49,6,7.333333333333333,0,1,3.95,2.0
2025-03-08,nikkei 225 index benefits from a weaker yen,The Hindu Business Line,Government Policy Announcement,Nasdaq Composite,0.42,417.56,positive,Agriculture,Low,Boeing,https://economictimes.indiatimes.com/industry/industrials,nikkei 225 index benefits from a weaker yen,0,0,0,0,0,0,0,0.0,0,0,0,0,1,0,neutral,False,0.42,True,417.56,6.036820248828779,43,8,4.5,1,0,0.42,0.0
2025-03-27,new housing data release shows a slowdown in market activity,Yahoo Finance,Consumer Confidence Report,KOSPI,-3.83,352.65,negative,Pharmaceuticals,Medium,Samsung Electronics,https://www.moneycontrol.com/india/ipo-news/new-firm-launches,new housing data release shows a slowdown in market activity,0,0,0,1,0,1,-1,0.0,0,0,0,0,0,0,neutral,True,-3.83,True,352.65,5.8683077234819985,60,10,5.1,0,1,3.83,2.0
2025-07-13,consumer discretionary stocks outperform as spending increases,Wall Street Journal,Consumer Confidence Report,S&P 500,-4.43,164.73,negative,Materials,High,Microsoft,https://timesofindia.indiatimes.com/business/corporate-governance,consumer discretionary stocks outperform as spending increases,1,0,0,0,2,0,2,2.0,1,0,0,0,0,0,positive,False,-4.43,True,164.73,5.110359958135453,62,7,8.0,0,1,4.43,2.0
2025-04-06,market sentiment turns positive on vaccine trial results,Business Standard,Bond Market Fluctuation,Nasdaq Composite,-3.66,443.53,positive,Pharmaceuticals,Medium,Reliance Industries,https://economictimes.indiatimes.com/industry/industrials,market sentiment turns positive on vaccine trial results,0,0,1,0,1,0,1,1.0,0,0,0,0,0,0,neutral,True,-3.66,False,443.53,6.09701754424006,56,8,6.125,0,1,3.66,2.0
2025-05-18,market braces for a major policy announcement from the eu,Yahoo Finance,Stock Market Crash,TSX,-0.73,370.3,negative,Automotive,Low,Boeing,,market braces for a major policy announcement from the eu,0,0,0,0,0,0,0,0.0,0,0,0,0,0,0,neutral,False,-0.73,True,370.3,5.917010361183034,57,10,4.8,0,1,0.73,0.0
2025-04-14,tech giant s new product launch sparks sector-wide gains,Business Standard,Government Policy Announcement,IBOVESPA,4.69,80.84,positive,Transportation,Low,Boeing,https://economictimes.indiatimes.com/news/transportation,tech giant s new product launch sparks sector-wide gains,0,0,0,0,0,0,0,0.0,0,0,0,0,0,0,neutral,False,4.69,True,80.84,4.404766121643371,56,9,5.333333333333333,1,0,4.69,2.0
2025-05-16,healthcare stocks gain on robust demand and strong outlook,Forbes,Bond Market Fluctuation,S&P/TSX Composite,-2.16,416.62,positive,Industrials,Medium,Apple Inc.,https://timesofindia.indiatimes.com/business/markets/stock-market-crash,healthcare stocks gain on robust demand and strong outlook,2,0,1,0,5,0,5,5.0,1,0,0,0,0,0,positive,True,-2.16,False,416.62,6.034571928141916,58,9,5.555555555555555,0,1,2.16,1.0
2025-08-01,uk s ftse 100 sees a boost from favorable trade data,Bloomberg,Major Merger/Acquisition,S&P 500,-4.97,136.67,positive,Materials,Low,JP Morgan Chase,,uk s ftse 100 sees a boost from favorable trade data,0,0,2,0,2,0,2,2.0,0,0,0,0,1,0,positive,True,-4.97,False,136.67,4.924859517074852,52,11,3.8181818181818183,0,1,4.97,2.0
2025-03-05,market sentiment turns positive on vaccine trial results,The Motley Fool,Geopolitical Event,KOSPI,-4.92,56.85,negative,Aerospace & Defense,Low,Goldman Sachs,https://www.ft.com/content/currency-devaluation,market sentiment turns positive on vaccine trial results,0,0,1,0,1,0,1,1.0,0,0,0,0,0,0,neutral,False,-4.92,True,56.85,4.0578534536396855,56,8,6.125,0,1,4.92,2.0
2025-02-07,consumer confidence index reaches a decade high,Investopedia,IPO Launch,KOSPI,-2.95,326.91,positive,Transportation,Low,ExxonMobil,https://www.investopedia.com/articles/government-policy-announcement,consumer confidence index reaches a decade high,0,0,1,0,1,0,1,1.0,0,0,0,0,0,0,neutral,True,-2.95,False,326.91,5.792739180488351,47,7,5.857142857142857,0,1,2.95,1.0
2025-06-26,new housing data release shows a slowdown in market activity,Seeking Alpha,Trade Tariffs Announcement,TSX,4.64,310.91,positive,Technology,Low,Boeing,https://www.reuters.com/markets/stocks/tech-rally,new housing data release shows a slowdown in market activity,0,0,0,1,0,1,-1,0.0,0,0,0,0,0,0,neutral,False,4.64,True,310.91,5.742714684657988,60,10,5.1,1,0,4.64,2.0
2025-02-17,real estate sector shows signs of overheating as interest rates fall,Forbes,Government Policy Announcement,Nasdaq Composite,-2.23,314.37,negative,Materials,Low,Microsoft,https://www.ft.com/content/currency-devaluation,real estate sector shows signs of overheating as interest rates fall,0,0,0,1,0,1,-1,0.0,0,0,0,0,0,0,neutral,True,-2.23,True,314.37,5.753746552693649,68,11,5.2727272727272725,0,1,2.23,1.0
2025-08-04,new housing data release shows a slowdown in market activity,Investopedia,Inflation Data Release,Shanghai Composite,4.56,79.57,negative,Construction,Low,Apple Inc.,https://www.bloomberg.com/canada/tsunami-warnings,new housing data release shows a slowdown in market activity,0,0,0,1,0,1,-1,0.0,0,0,0,0,0,0,neutral,True,4.56,False,79.57,4.3891263717891045,60,10,5.1,1,0,4.56,2.0
2025-05-01,merger talks between two banks fall through,Business Standard,Unemployment Rate Announcement,S&P 500,-4.4,408.78,negative,Transportation,Low,Apple Inc.,https://economictimes.indiatimes.com/stocks/bse-sensex-plunges,merger talks between two banks fall through,0,0,0,1,0,1,-1,0.0,0,0,0,0,0,0,neutral,True,-4.4,True,408.78,6.0156204303190535,43,7,5.285714285714286,0,1,4.4,2.0
2025-03-30,new regulations on cryptocurrencies cause a market dip,Wall Street Journal,Stock Market Crash,Shanghai Composite,3.07,289.57,negative,Retail,Low,ExxonMobil,https://www.moneycontrol.com/us-markets/nasdaq-composite,new regulations on cryptocurrencies cause a market dip,0,0,0,1,0,1,-1,0.0,0,0,0,0,0,0,neutral,True,3.07,False,289.57,5.671844511120261,54,8,5.875,1,0,3.07,2.0
2025-04-11,market sentiment turns positive on vaccine trial results,CNBC,Inflation Data Release,KOSPI,3.49,319.12,positive,Healthcare,High,JP Morgan Chase,https://www.reuters.com/markets/indices/ftse-100,market sentiment turns positive on vaccine trial results,0,0,1,0,1,0,1,1.0,0,0,0,0,0,0,neutral,True,3.49,True,319.12,5.768695925498846,56,8,6.125,1,0,3.49,2.0
2025-02-28,major oil spill sends energy stocks plummeting,Bloomberg,Corporate Earnings Report,Russell 2000,-3.23,273.89,negative,Real Estate,Medium,Tesla,https://www.ft.com/content/media-entertainment-merger,major oil spill sends energy stocks plummeting,0,0,0,0,0,0,0,0.0,0,0,0,0,0,0,neutral,False,-3.23,True,273.89,5.616371017645232,46,7,5.714285714285714,0,1,3.23,2.0
2025-02-01,market sentiment turns positive on vaccine trial results,Reuters,Interest Rate Change,KOSPI,-4.12,420.19,positive,Materials,High,Microsoft,https://www.wsj.com/japan/economic-data-release,market sentiment turns positive on vaccine trial results,0,0,1,0,1,0,1,1.0,0,0,0,0,0,0,neutral,True,-4.12,False,420.19,6.0430840382875735,56,8,6.125,0,1,4.12,2.0
2025-07-03,merger talks between two banks fall through,Times of India,Corporate Earnings Report,IBOVESPA,2.67,330.54,positive,Construction,High,Tesla,https://economictimes.indiatimes.com/stocks/bse-sensex-plunges,merger talks between two banks fall through,0,0,0,1,0,1,-1,0.0,0,0,0,0,0,0,neutral,False,2.67,True,330.54,5.80374846599672,43,7,5.285714285714286,1,0,2.67,1.0
2025-04-27,financial sector bracing for new capital requirements,Times of India,Trade Tariffs Announcement,CAC 40,3.66,425.01,positive,Consumer Goods,Medium,Apple Inc.,https://www.marketwatch.com/story/commodities-price-shock,financial sector bracing for new capital requirements,0,0,0,0,0,0,0,0.0,0,0,0,0,0,0,neutral,False,3.66,True,425.01,6.05446282017226,53,7,6.714285714285714,1,0,3.66,2.0
2025-05-08,market sentiment turns positive on vaccine trial results,Wall Street Journal,Geopolitical Event,Shanghai Composite,-2.18,445.03,negative,Utilities,Medium,Reliance Industries,https://www.moneycontrol.com/us-markets/nasdaq-composite,market sentiment turns positive on vaccine trial results,0,0,1,0,1,0,1,1.0,0,0,0,0,0,0,neutral,False,-2.18,True,445.03,6.100386214331895,56,8,6.125,0,1,2.18,1.0
2025-07-17,a massive data breach sends a tech company s stock tumbling,The Motley Fool,Regulatory Changes,Dow Jones,4.95,6.73,negative,Automotive,Medium,Boeing,https://www.reuters.com/business/energy/oil-market-update,a massive data breach sends a tech company s stock tumbling,0,1,0,0,0,2,-2,0.0,0,1,0,0,0,0,negative,True,4.95,False,6.73,2.0451088625993306,59,11,4.454545454545454,1,0,4.95,2.0
2025-03-18,financial services stocks rally on strong profit margins,Wall Street Journal,Consumer Confidence Report,CAC 40,3.13,373.73,positive,Retail,Low,Samsung Electronics,https://www.wsj.com/europe/dax-performance,financial services stocks rally on strong profit margins,2,0,1,0,5,0,5,5.0,1,0,0,0,0,0,positive,True,3.13,True,373.73,5.926205766645928,56,8,6.125,1,0,3.13,2.0
2025-02-19,gold prices surge as investors flee riskier assets,MarketWatch,Commodity Price Shock,Dow Jones,4.22,309.02,positive,Utilities,High,Microsoft,https://www.wsj.com/china/market-rally,gold prices surge as investors flee riskier assets,1,0,0,0,2,0,2,2.0,1,0,0,0,0,0,positive,True,4.22,True,309.02,5.736636811527148,50,8,5.375,1,0,4.22,2.0
2025-03-19,government policy shift boosts renewable energy sector,The Hindu Business Line,Interest Rate Change,Nikkei 225,4.53,219.87,positive,Retail,High,Apple Inc.,https://www.bloomberg.com/canada/tsunami-warnings,government policy shift boosts renewable energy sector,0,0,0,0,0,0,0,0.0,0,0,0,0,0,0,neutral,False,4.53,True,219.87,5.397574293145378,54,7,6.857142857142857,1,0,4.53,2.0
2025-07-17,retail sales report surpasses all forecasts,Bloomberg,Supply Chain Disruption,S&P 500,1.01,330.14,positive,Industrials,High,Samsung Electronics,https://www.cnbc.com/2025/08/russia-ukraine-war-economic-impact,retail sales report surpasses all forecasts,0,0,0,0,0,0,0,0.0,0,0,0,0,0,1,neutral,False,1.01,True,330.14,5.802541246679465,43,6,6.333333333333333,1,0,1.01,1.0
2025-03-03,asx 200 gains on strong export performance,Bloomberg,Inflation Data Release,KOSPI,-2.61,317.24,negative,Retail,Low,Samsung Electronics,https://www.business-standard.com/international-business/trade-policy,asx 200 gains on strong export performance,1,0,0,0,2,0,2,2.0,1,0,0,0,1,0,positive,False,-2.61,True,317.24,5.762805815105662,42,7,5.142857142857143,0,1,2.61,1.0
2025-02-27,market braces for a major policy announcement from the eu,MarketWatch,Commodity Price Shock,Nikkei 225,1.16,218.92,positive,Construction,Low,Boeing,https://www.bloomberg.com/canada/tsunami-warnings,market braces for a major policy announcement from the eu,0,0,0,0,0,0,0,0.0,0,0,0,0,0,0,neutral,False,1.16,True,218.92,5.393263843856991,57,10,4.8,1,0,1.16,1.0
2025-03-29,crude oil prices drop to a multi-year low,Financial Times,Stock Market Crash,KOSPI,1.43,117.34,negative,Energy,Low,Reliance Industries,https://www.forbes.com/finance/geopolitical-event-impact,crude oil prices drop to a multi-year low,0,0,0,1,0,1,-1,0.0,0,0,0,0,0,0,neutral,True,1.43,False,117.34,4.773561837248548,41,8,4.25,1,0,1.43,1.0
2025-08-11,aerospace and defense sector sees rally amid geopolitical tensions,MarketWatch,Geopolitical Event,Nasdaq Composite,-1.44,196.51,positive,Healthcare,High,ExxonMobil,https://www.ft.com/content/consumer-confidence-report,aerospace and defense sector sees rally amid geopolitical tensions,1,0,0,0,2,0,2,2.0,1,0,0,0,0,0,positive,True,-1.44,False,196.51,5.285789215970766,66,9,6.444444444444445,0,1,1.44,1.0
2025-02-06,crude oil prices drop to a multi-year low,The Economist,Stock Market Crash,Euro Stoxx 50,2.22,36.12,positive,Aerospace & Defense,Medium,Apple Inc.,https://www.reuters.com/business/energy/oil-market-update,crude oil prices drop to a multi-year low,0,0,0,1,0,1,-1,0.0,0,0,0,0,0,0,neutral,False,2.22,True,36.12,3.6141559079179997,41,8,4.25,1,0,2.22,1.0
2025-03-15,record-high inflation data rattles investors,Times of India,Regulatory Changes,Shanghai Composite,-1.58,11.25,negative,Retail,Medium,Boeing,,record-high inflation data rattles investors,0,0,0,0,0,0,0,0.0,0,0,0,0,0,0,neutral,False,-1.58,True,11.25,2.505525936990736,44,5,8.0,0,1,1.58,1.0
2025-07-05,new regulations on cryptocurrencies cause a market dip,Forbes,Unemployment Rate Announcement,KOSPI,-2.3,338.23,negative,Materials,High,ExxonMobil,https://www.moneycontrol.com/india/ipo-news/new-firm-launches,new regulations on cryptocurrencies cause a market dip,0,0,0,1,0,1,-1,0.0,0,0,0,0,0,0,neutral,True,-2.3,True,338.23,5.8266783434030875,54,8,5.875,0,1,2.3,1.0
2025-07-04,mining company stock surges on commodity price boom,Financial Times,Central Bank Meeting,DAX,3.47,136.35,positive,Agriculture,Medium,Tata Motors,https://www.investopedia.com/articles/government-policy-announcement,mining company stock surges on commodity price boom,1,0,0,0,2,0,2,2.0,1,0,0,0,0,0,positive,True,3.47,True,136.35,4.922532412541283,51,8,5.5,1,0,3.47,2.0
2025-03-12,pharmaceutical company s drug approval drives stock upward,Investopedia,Stock Market Crash,Russell 2000,4.66,415.96,positive,Real Estate,Medium,Tata Motors,,pharmaceutical company s drug approval drives stock upward,0,0,2,0,2,0,2,2.0,0,0,0,0,0,0,positive,True,4.66,True,415.96,6.03299029393648,58,8,6.375,1,0,4.66,2.0
2025-02-23,geopolitical ceasefire prompts a broad market recovery,Business Standard,Central Bank Meeting,CAC 40,-1.46,23.68,negative,Consumer Goods,High,JP Morgan Chase,https://www.cnbc.com/2025/09/automotive-industry-trends,geopolitical ceasefire prompts a broad market recovery,0,0,1,0,1,0,1,1.0,0,0,0,0,0,0,neutral,False,-1.46,True,23.68,3.205993199037187,54,7,6.857142857142857,0,1,1.46,1.0
2025-04-07,retail sales report surpasses all forecasts,Reuters,Inflation Data Release,NSE Nifty,3.42,48.36,positive,Automotive,Low,ExxonMobil,https://www.ft.com/content/consumer-confidence-report,retail sales report surpasses all forecasts,0,0,0,0,0,0,0,0.0,0,0,0,0,0,1,neutral,False,3.42,True,48.36,3.8991403795971324,43,6,6.333333333333333,1,0,3.42,2.0
2025-03-08,massive stock buyback program announced by a consumer goods company,Business Standard,Major Merger/Acquisition,KOSPI,4.51,97.41,positive,Construction,High,Apple Inc.,https://www.business-standard.com/economy/economic-stimulus,massive stock buyback program announced by a consumer goods company,0,0,0,0,0,0,0,0.0,0,0,0,0,0,0,neutral,False,4.51,True,97.41,4.589142424910894,67,10,5.8,1,0,4.51,2.0
2025-04-07,retail sales report surpasses all forecasts,Reuters,Inflation Data Release,NSE Nifty,3.42,48.36,positive,Automotive,Low,ExxonMobil,https://www.ft.com/content/consumer-confidence-report,retail sales report surpasses all forecasts,0,0,0,0,0,0,0,0.0,0,0,0,0,0,1,neutral,False,3.42,True,48.36,3.8991403795971324,43,6,6.333333333333333,1,0,3.42,2.0
2025-03-02,mining company stock surges on commodity price boom,The Economist,Commodity Price Shock,DAX,-0.65,109.32,negative,Construction,High,Tata Motors,https://www.bloomberg.com/asia/telecommunications-news,mining company stock surges on commodity price boom,1,0,0,0,2,0,2,2.0,1,0,0,0,0,0,positive,False,-0.65,True,109.32,4.703385233485046,51,8,5.5,0,1,0.65,0.0
2025-05-22,federal reserve chairman s speech causes market volatility,Bloomberg,Cryptocurrency Regulation,Euro Stoxx 50,-0.33,73.57,negative,Healthcare,Low,Tesla,https://www.business-standard.com/economy/economic-stimulus,federal reserve chairman s speech causes market volatility,0,0,0,0,0,0,0,0.0,0,0,0,0,0,0,neutral,False,-0.33,True,73.57,4.311738281555703,58,8,6.375,0,1,0.33,0.0
2025-07-21,asx 200 gains on strong export performance,The Motley Fool,Supply Chain Disruption,S&P 500,-3.4,106.55,negative,Real Estate,High,Reliance Industries,https://www.marketwatch.com/story/consumer-goods-report,asx 200 gains on strong export performance,1,0,0,0,2,0,2,2.0,1,0,0,0,1,0,positive,False,-3.4,True,106.55,4.677955855713739,42,7,5.142857142857143,0,1,3.4,2.0
2025-02-03,consumer discretionary stocks outperform as spending increases,Times of India,Market Rally,Euro Stoxx 50,-0.24,184.97,negative,Pharmaceuticals,High,Reliance Industries,https://www.ft.com/content/geopolitical-summit,consumer discretionary stocks outperform as spending increases,1,0,0,0,2,0,2,2.0,1,0,0,0,0,0,positive,False,-0.24,True,184.97,5.225585370381938,62,7,8.0,0,1,0.24,0.0
2025-06-18,bond yields tumble as investors seek safe havens,Economic Times,Inflation Data Release,Euro Stoxx 50,2.56,221.42,positive,Retail,Low,JP Morgan Chase,https://www.reuters.com/business/retail-sector-earnings,bond yields tumble as investors seek safe havens,0,1,0,0,0,2,-2,0.0,0,1,0,0,0,0,negative,False,2.56,True,221.42,5.404567486390696,48,8,5.125,1,0,2.56,1.0
2025-08-01,retail sales report surpasses all forecasts,Mint,Bond Market Fluctuation,NSE Nifty,-1.2,467.26,negative,Technology,Medium,Apple Inc.,https://www.bloomberg.com/australia/asx-200-performance,retail sales report surpasses all forecasts,0,0,0,0,0,0,0,0.0,0,0,0,0,0,1,neutral,False,-1.2,True,467.26,6.149023697209347,43,6,6.333333333333333,0,1,1.2,1.0
2025-06-21,real estate sector shows signs of overheating as interest rates fall,The Hindu Business Line,Regulatory Changes,BSE Sensex,1.13,455.28,positive,Automotive,Medium,Tata Motors,https://www.cnbc.com/2025/11/major-merger-deal-approved,real estate sector shows signs of overheating as interest rates fall,0,0,0,1,0,1,-1,0.0,0,0,0,0,0,0,neutral,False,1.13,True,455.28,6.123106656159697,68,11,5.2727272727272725,1,0,1.13,1.0
2025-02-12,nikkei 225 index benefits from a weaker yen,Economic Times,Unemployment Rate Announcement,Hang Seng,-0.9,483.78,negative,Retail,Medium,Reliance Industries,https://www.moneycontrol.com/us-markets/sp-500,nikkei 225 index benefits from a weaker yen,0,0,0,0,0,0,0,0.0,0,0,0,0,1,0,neutral,False,-0.9,True,483.78,6.183695179778717,43,8,4.5,0,1,0.9,0.0
2025-07-16,automotive industry faces headwinds from rising material costs,Barron's,Commodity Price Shock,S&P 500,1.88,332.88,positive,Construction,High,ExxonMobil,https://www.cnbc.com/2025/10/real-estate-market-analysis,automotive industry faces headwinds from rising material costs,0,0,0,0,0,0,0,0.0,0,0,0,0,0,0,neutral,False,1.88,True,332.88,5.8107816469825355,62,8,6.875,1,0,1.88,1.0
2025-02-12,crude oil prices drop to a multi-year low,Times of India,Regulatory Changes,Euro Stoxx 50,3.52,429.81,positive,Media & Entertainment,Medium,Samsung Electronics,https://www.moneycontrol.com/us-markets/sp-500,crude oil prices drop to a multi-year low,0,0,0,1,0,1,-1,0.0,0,0,0,0,0,0,neutral,False,3.52,True,429.81,6.065667157640494,41,8,4.25,1,0,3.52,2.0
2025-06-25,government policy shift boosts renewable energy sector,MarketWatch,IPO Launch,S&P 500,0.42,273.05,positive,Real Estate,Low,Microsoft,https://www.wsj.com/europe/dax-performance,government policy shift boosts renewable energy sector,0,0,0,0,0,0,0,0.0,0,0,0,0,0,0,neutral,False,0.42,True,273.05,5.613310571492126,54,7,6.857142857142857,1,0,0.42,0.0
2025-06-10,e-commerce earnings report beats all analyst expectations,The Economist,Market Rally,S&P/TSX Composite,-4.97,173.42,negative,Real Estate,Medium,Tesla,https://www.bloomberg.com/asia/telecommunications-news,e-commerce earnings report beats all analyst expectations,0,0,0,0,0,0,0,0.0,0,0,0,0,0,1,neutral,False,-4.97,True,173.42,5.161466183798839,57,7,7.285714285714286,0,1,4.97,2.0
2025-02-26,federal reserve chairman s speech causes market volatility,The Economist,Cryptocurrency Regulation,Nikkei 225,4.26,45.94,positive,Energy,Medium,Boeing,https://www.wsj.com/europe/dax-performance,federal reserve chairman s speech causes market volatility,0,0,0,0,0,0,0,0.0,0,0,0,0,0,0,neutral,False,4.26,True,45.94,3.8488701904228773,58,8,6.375,1,0,4.26,2.0
2025-04-16,government spending bill is expected to stimulate the economy,Financial Times,Economic Data Release,Shanghai Composite,-1.17,165.1,negative,Consumer Goods,Low,ExxonMobil,https://www.reuters.com/business/energy/oil-market-update,government spending bill is expected to stimulate the economy,0,0,0,0,0,0,0,0.0,0,0,0,0,0,0,neutral,False,-1.17,True,165.1,5.112590016619249,61,9,5.888888888888889,0,1,1.17,1.0
2025-08-02,major oil spill sends energy stocks plummeting,The Motley Fool,Consumer Confidence Report,NSE Nifty,2.74,263.38,positive,Construction,Low,Boeing,https://www.wsj.com/europe/regulatory-changes,major oil spill sends energy stocks plummeting,0,0,0,0,0,0,0,0.0,0,0,0,0,0,0,neutral,False,2.74,True,263.38,5.577387462151254,46,7,5.714285714285714,1,0,2.74,1.0
2025-06-28,healthcare stocks gain on robust demand and strong outlook,Forbes,Central Bank Meeting,NSE Nifty,-1.1,491.67,negative,Retail,Medium,JP Morgan Chase,https://www.moneycontrol.com/us-markets/nasdaq-composite,healthcare stocks gain on robust demand and strong outlook,2,0,1,0,5,0,5,5.0,1,0,0,0,0,0,positive,False,-1.1,True,491.67,6.199839578717014,58,9,5.555555555555555,0,1,1.1,1.0
2025-06-10,e-commerce earnings report beats all analyst expectations,The Hindu Business Line,IPO Launch,S&P 500,1.2,106.82,positive,Automotive,Low,Samsung Electronics,https://www.ft.com/content/currency-devaluation,e-commerce earnings report beats all analyst expectations,0,0,0,0,0,0,0,0.0,0,0,0,0,0,1,neutral,False,1.2,True,106.82,4.680463170023523,57,7,7.285714285714286,1,0,1.2,1.0
2025-03-18,automotive industry faces headwinds from rising material costs,Bloomberg,Bond Market Fluctuation,NSE Nifty,-0.19,189.31,negative,Materials,High,Microsoft,https://www.theeconomist.com/finance-and-economics/trade-tariffs,automotive industry faces headwinds from rising material costs,0,0,0,0,0,0,0,0.0,0,0,0,0,0,0,neutral,False,-0.19,True,189.31,5.248654321528936,62,8,6.875,0,1,0.19,0.0
2025-06-20,healthcare stocks gain on robust demand and strong outlook,Financial Times,Interest Rate Change,S&P/TSX Composite,4.35,318.66,positive,Telecommunications,High,Goldman Sachs,https://economictimes.indiatimes.com/news/transportation,healthcare stocks gain on robust demand and strong outlook,2,0,1,0,5,0,5,5.0,1,0,0,0,0,0,positive,True,4.35,True,318.66,5.767257930940508,58,9,5.555555555555555,1,0,4.35,2.0
2025-06-19,pharmaceutical company s drug approval drives stock upward,Investopedia,IPO Launch,Russell 2000,-1.63,129.35,positive,Consumer Goods,High,Samsung Electronics,https://www.reuters.com/markets/indices/nikkei-225,pharmaceutical company s drug approval drives stock upward,0,0,2,0,2,0,2,2.0,0,0,0,0,0,0,positive,True,-1.63,False,129.35,4.870223140379511,58,8,6.375,0,1,1.63,1.0
2025-05-23,retail sales report surpasses all forecasts,Bloomberg,Trade Tariffs Announcement,Shanghai Composite,2.2,48.44,positive,Energy,High,ExxonMobil,https://economictimes.indiatimes.com/industry/industrials,retail sales report surpasses all forecasts,0,0,0,0,0,0,0,0.0,0,0,0,0,0,1,neutral,False,2.2,True,48.44,3.900759813149435,43,6,6.333333333333333,1,0,2.2,1.0
2025-03-26,automotive industry faces headwinds from rising material costs,Barron's,Central Bank Meeting,Nikkei 225,4.41,290.15,positive,Industrials,High,Tesla,https://www.business-standard.com/international-business/trade-policy,automotive industry faces headwinds from rising material costs,0,0,0,0,0,0,0,0.0,0,0,0,0,0,0,neutral,False,4.41,True,290.15,5.673838598283129,62,8,6.875,1,0,4.41,2.0
2025-04-23,financial services stocks rally on strong profit margins,The Motley Fool,Trade Tariffs Announcement,ASX 200,,428.77,positive,Automotive,High,Goldman Sachs,https://timesofindia.indiatimes.com/business/corporate-governance,financial services stocks rally on strong profit margins,2,0,1,0,5,0,5,5.0,1,0,0,0,0,0,positive,True,,False,428.77,6.0632501818653495,56,8,6.125,0,0,,
2025-05-19,merger talks between two banks fall through,Yahoo Finance,Consumer Confidence Report,Nikkei 225,-0.9,499.03,negative,Real Estate,Low,Boeing,https://www.bloomberg.com/asia/telecommunications-news,merger talks between two banks fall through,0,0,0,1,0,1,-1,0.0,0,0,0,0,0,0,neutral,True,-0.9,True,499.03,6.214668096622264,43,7,5.285714285714286,0,1,0.9,0.0
2025-04-02,real estate sector shows signs of overheating as interest rates fall,Investopedia,Major Merger/Acquisition,TSX,-0.27,51.5,negative,Materials,Low,ExxonMobil,https://economictimes.indiatimes.com/stocks/bse-sensex-plunges,real estate sector shows signs of overheating as interest rates fall,0,0,0,1,0,1,-1,0.0,0,0,0,0,0,0,neutral,True,-0.27,True,51.5,3.960813169597578,68,11,5.2727272727272725,0,1,0.27,0.0
2025-06-13,financial sector bracing for new capital requirements,Yahoo Finance,Supply Chain Disruption,Russell 2000,-1.36,425.53,negative,Aerospace & Defense,Low,Apple Inc.,https://www.business-standard.com/international-business/trade-policy,financial sector bracing for new capital requirements,0,0,0,0,0,0,0,0.0,0,0,0,0,0,0,neutral,False,-1.36,True,425.53,6.055682704434547,53,7,6.714285714285714,0,1,1.36,1.0
2025-03-04,unexpected rise in unemployment fuels market pessimism,Barron's,Major Merger/Acquisition,ASX 200,-2.12,332.47,negative,Media & Entertainment,Medium,Boeing,https://timesofindia.indiatimes.com/business/markets/stock-market-crash,unexpected rise in unemployment fuels market pessimism,0,0,1,0,1,0,1,1.0,0,0,0,0,0,0,neutral,False,-2.12,True,332.47,5.809552906286994,54,7,6.857142857142857,0,1,2.12,1.0
2025-06-22,automotive industry faces headwinds from rising material costs,The Motley Fool,Unemployment Rate Announcement,Euro Stoxx 50,0.1,378.12,positive,Consumer Goods,Low,Goldman Sachs,https://economictimes.indiatimes.com/news/economy/unemployment-rate,automotive industry faces headwinds from rising material costs,0,0,0,0,0,0,0,0.0,0,0,0,0,0,0,neutral,False,0.1,True,378.12,5.937852777659333,62,8,6.875,1,0,0.1,0.0
2025-06-25,automotive industry faces headwinds from rising material costs,The Economist,Economic Data Release,BSE Sensex,3.08,16.48,positive,Telecommunications,Low,Tesla,https://www.business-standard.com/economy/inflation-data,automotive industry faces headwinds from rising material costs,0,0,0,0,0,0,0,0.0,0,0,0,0,0,0,neutral,False,3.08,True,16.48,2.8610573702273894,62,8,6.875,1,0,3.08,2.0
2025-03-27,tech giant s new product launch sparks sector-wide gains,Financial Times,Geopolitical Event,Russell 2000,-3.71,225.07,negative,Telecommunications,Medium,Reliance Industries,https://timesofindia.indiatimes.com/business/markets/stock-market-crash,tech giant s new product launch sparks sector-wide gains,0,0,0,0,0,0,0,0.0,0,0,0,0,0,0,neutral,False,-3.71,True,225.07,5.420844685827729,56,9,5.333333333333333,0,1,3.71,2.0
2025-03-05,dow jones plunges as market fears recession,The Motley Fool,Stock Market Crash,S&P/TSX Composite,-1.67,381.35,negative,Consumer Goods,Low,Samsung Electronics,https://economictimes.indiatimes.com/stocks/bse-sensex-plunges,dow jones plunges as market fears recession,0,0,0,0,0,0,0,0.0,0,0,0,0,0,0,neutral,False,-1.67,True,381.35,5.946336419490234,43,7,5.285714285714286,0,1,1.67,1.0
2025-02-16,government spending bill is expected to stimulate the economy,Reuters,Trade Tariffs Announcement,Dow Jones,3.69,422.06,positive,Real Estate,Low,ExxonMobil,https://www.moneycontrol.com/us-markets/dow-jones-industrial,government spending bill is expected to stimulate the economy,0,0,0,0,0,0,0,0.0,0,0,0,0,0,0,neutral,False,3.69,True,422.06,6.047514012959004,61,9,5.888888888888889,1,0,3.69,2.0
2025-04-05,healthcare stocks gain on robust demand and strong outlook,CNBC,Economic Data Release,Russell 2000,-1.24,354.76,negative,Aerospace & Defense,Medium,Reliance Industries,https://www.cnbc.com/2025/12/healthcare-sector-outlook,healthcare stocks gain on robust demand and strong outlook,2,0,1,0,5,0,5,5.0,1,0,0,0,0,0,positive,False,-1.24,True,354.76,5.874256346202441,58,9,5.555555555555555,0,1,1.24,1.0
2025-07-12,government spending bill is expected to stimulate the economy,Times of India,Market Rally,KOSPI,2.37,407.11,positive,Healthcare,Medium,JP Morgan Chase,https://www.business-standard.com/international-business/trade-policy,government spending bill is expected to stimulate the economy,0,0,0,0,0,0,0,0.0,0,0,0,0,0,0,neutral,False,2.37,True,407.11,6.011536745909636,61,9,5.888888888888889,1,0,2.37,1.0
2025-06-02,retail sales report surpasses all forecasts,Reuters,Economic Data Release,Nasdaq Composite,-2.21,298.2,negative,Transportation,Low,ExxonMobil,https://www.bloomberg.com/asia/telecommunications-news,retail sales report surpasses all forecasts,0,0,0,0,0,0,0,0.0,0,0,0,0,0,1,neutral,False,-2.21,True,298.2,5.7011122461003225,43,6,6.333333333333333,0,1,2.21,1.0
2025-02-22,financial sector bracing for new capital requirements,CNBC,Cryptocurrency Regulation,FTSE 100,-0.67,57.04,negative,Retail,High,ExxonMobil,https://www.cnbc.com/2025/12/healthcare-sector-outlook,financial sector bracing for new capital requirements,0,0,0,0,0,0,0,0.0,0,0,0,0,0,0,neutral,False,-0.67,True,57.04,4.061132428015987,53,7,6.714285714285714,0,1,0.67,0.0
2025-06-02,market sentiment turns positive on vaccine trial results,The Motley Fool,Market Rally,KOSPI,-2.92,475.95,negative,Real Estate,Low,Boeing,https://www.wsj.com/europe/regulatory-changes,market sentiment turns positive on vaccine trial results,0,0,1,0,1,0,1,1.0,0,0,0,0,0,0,neutral,False,-2.92,True,475.95,6.167411663591217,56,8,6.125,0,1,2.92,1.0
2025-02-16,market sentiment turns positive on vaccine trial results,Economic Times,Trade Tariffs Announcement,Euro Stoxx 50,2.26,194.9,positive,Retail,Medium,Apple Inc.,https://www.wsj.com/japan/economic-data-release,market sentiment turns positive on vaccine trial results,0,0,1,0,1,0,1,1.0,0,0,0,0,0,0,neutral,True,2.26,True,194.9,5.277604324950495,56,8,6.125,1,0,2.26,1.0
2025-05-29,a massive data breach sends a tech company s stock tumbling,Financial Times,Market Rally,S&P/TSX Composite,-4.93,153.24,negative,Materials,High,ExxonMobil,https://www.bloomberg.com/australia/asx-200-performance,a massive data breach sends a tech company s stock tumbling,0,1,0,0,0,2,-2,0.0,0,1,0,0,0,0,negative,True,-4.93,True,153.24,5.038509830862235,59,11,4.454545454545454,0,1,4.93,2.0
2025-08-06,crude oil prices drop to a multi-year low,Mint,Market Rally,TSX,2.89,245.11,positive,Telecommunications,Low,Goldman Sachs,https://www.business-standard.com/economy/trade-disputes-impact,crude oil prices drop to a multi-year low,0,0,0,1,0,1,-1,0.0,0,0,0,0,0,0,neutral,False,2.89,True,245.11,5.50577859046014,41,8,4.25,1,0,2.89,1.0
2025-07-14,record-high inflation data rattles investors,Reuters,Inflation Data Release,S&P 500,1.28,21.67,positive,Real Estate,Medium,Tesla,https://www.ft.com/content/geopolitical-summit,record-high inflation data rattles investors,0,0,0,0,0,0,0,0.0,0,0,0,0,0,0,neutral,False,1.28,True,21.67,3.1210424645194377,44,5,8.0,1,0,1.28,1.0
2025-04-10,aerospace and defense sector sees rally amid geopolitical tensions,CNBC,IPO Launch,DAX,-3.29,12.49,positive,Industrials,Low,Goldman Sachs,https://economictimes.indiatimes.com/news/economy/unemployment-rate,aerospace and defense sector sees rally amid geopolitical tensions,1,0,0,0,2,0,2,2.0,1,0,0,0,0,0,positive,True,-3.29,False,12.49,2.6019486702196644,66,9,6.444444444444445,0,1,3.29,2.0
2025-08-03,market sentiment turns positive on vaccine trial results,Bloomberg,Supply Chain Disruption,DAX,-3.17,120.46,negative,Construction,High,JP Morgan Chase,https://www.ft.com/content/tech-sector-innovation,market sentiment turns positive on vaccine trial results,0,0,1,0,1,0,1,1.0,0,0,0,0,0,0,neutral,False,-3.17,True,120.46,4.799584990469429,56,8,6.125,0,1,3.17,2.0
2025-04-07,government subsidy program gives a lift to the agriculture sector,The Motley Fool,Corporate Earnings Report,KOSPI,0.21,16.37,positive,Telecommunications,Medium,Apple Inc.,https://economictimes.indiatimes.com/stocks/bse-sensex-plunges,government subsidy program gives a lift to the agriculture sector,0,0,0,0,0,0,0,0.0,0,0,0,0,0,0,neutral,False,0.21,True,16.37,2.854744580253014,65,10,5.6,1,0,0.21,0.0
2025-03-27,automotive industry faces headwinds from rising material costs,Forbes,Interest Rate Change,BSE Sensex,4.79,130.48,positive,Pharmaceuticals,Medium,Goldman Sachs,https://www.ft.com/content/consumer-confidence-report,automotive industry faces headwinds from rising material costs,0,0,0,0,0,0,0,0.0,0,0,0,0,0,0,neutral,False,4.79,True,130.48,4.8788547487960185,62,8,6.875,1,0,4.79,2.0
2025-03-25,energy company s dividend hike excites shareholders,CNBC,Economic Data Release,Euro Stoxx 50,-2.59,162.08,negative,Energy,High,Samsung Electronics,https://www.ft.com/content/tech-sector-innovation,energy company s dividend hike excites shareholders,0,0,0,0,0,0,0,0.0,0,0,0,0,0,0,neutral,False,-2.59,True,162.08,5.094240877951052,51,7,6.428571428571429,0,1,2.59,1.0
2025-06-13,banking stocks dip after a major scandal is revealed,Times of India,IPO Launch,Nikkei 225,3.79,240.29,negative,Technology,Low,ExxonMobil,https://www.reuters.com/markets/stocks/tech-rally,banking stocks dip after a major scandal is revealed,0,1,0,1,0,3,-3,0.0,0,1,0,0,0,0,negative,True,3.79,False,240.29,5.485999529584087,52,9,4.888888888888889,1,0,3.79,2.0
2025-06-16,financial services stocks rally on strong profit margins,The Economist,Major Merger/Acquisition,S&P 500,-1.53,94.22,negative,Industrials,High,Boeing,https://www.wsj.com/japan/economic-data-release,financial services stocks rally on strong profit margins,2,0,1,0,5,0,5,5.0,1,0,0,0,0,0,positive,False,-1.53,True,94.22,4.556190003766373,56,8,6.125,0,1,1.53,1.0
2025-06-19,unexpected rise in unemployment fuels market pessimism,Seeking Alpha,Government Policy Announcement,Shanghai Composite,-1.54,73.63,positive,Telecommunications,High,Microsoft,https://timesofindia.indiatimes.com/business/corporate-governance,unexpected rise in unemployment fuels market pessimism,0,0,1,0,1,0,1,1.0,0,0,0,0,0,0,neutral,True,-1.54,False,73.63,4.312542571143296,54,7,6.857142857142857,0,1,1.54,1.0
2025-05-06,mining company stock surges on commodity price boom,Financial Times,Government Policy Announcement,Dow Jones,-3.4,1.06,negative,Energy,Medium,Samsung Electronics,https://www.moneycontrol.com/us-markets/nasdaq-composite,mining company stock surges on commodity price boom,1,0,0,0,2,0,2,2.0,1,0,0,0,0,0,positive,False,-3.4,True,1.06,0.7227059828014898,51,8,5.5,0,1,3.4,2.0
2025-05-20,crude oil prices drop to a multi-year low,The Economist,Market Rally,Dow Jones,0.42,244.33,negative,Technology,High,Goldman Sachs,https://economictimes.indiatimes.com/news/transportation,crude oil prices drop to a multi-year low,0,0,0,1,0,1,-1,0.0,0,0,0,0,0,0,neutral,True,0.42,False,244.33,5.502604243011941,41,8,4.25,1,0,0.42,0.0
2025-08-13,real estate sector shows signs of overheating as interest rates fall,Business Standard,Unemployment Rate Announcement,S&P/TSX Composite,4.97,394.21,negative,Agriculture,Low,Apple Inc.,https://www.ft.com/content/geopolitical-summit,real estate sector shows signs of overheating as interest rates fall,0,0,0,1,0,1,-1,0.0,0,0,0,0,0,0,neutral,True,4.97,False,394.21,5.979417269197306,68,11,5.2727272727272725,1,0,4.97,2.0
2025-08-09,new regulations on cryptocurrencies cause a market dip,The Economist,Geopolitical Event,KOSPI,4.12,9.7,negative,Automotive,Low,Tesla,https://www.moneycontrol.com/india/ipo-news/new-firm-launches,new regulations on cryptocurrencies cause a market dip,0,0,0,1,0,1,-1,0.0,0,0,0,0,0,0,neutral,True,4.12,False,9.7,2.3702437414678603,54,8,5.875,1,0,4.12,2.0
2025-05-20,energy company s dividend hike excites shareholders,The Economist,Cryptocurrency Regulation,Euro Stoxx 50,-3.01,434.95,negative,Automotive,Low,JP Morgan Chase,https://www.cnbc.com/2025/11/major-merger-deal-approved,energy company s dividend hike excites shareholders,0,0,0,0,0,0,0,0.0,0,0,0,0,0,0,neutral,False,-3.01,True,434.95,6.077527557873824,51,7,6.428571428571429,0,1,3.01,2.0
2025-07-14,federal reserve chairman s speech causes market volatility,The Hindu Business Line,Consumer Confidence Report,Shanghai Composite,1.28,49.17,positive,Telecommunications,High,Apple Inc.,https://www.reuters.com/markets/indices/ftse-100,federal reserve chairman s speech causes market volatility,0,0,0,0,0,0,0,0.0,0,0,0,0,0,0,neutral,False,1.28,True,49.17,3.9154172384961616,58,8,6.375,1,0,1.28,1.0
2025-06-02,government subsidy program gives a lift to the agriculture sector,Wall Street Journal,Supply Chain Disruption,TSX,-2.62,147.82,negative,Industrials,Medium,Boeing,https://timesofindia.indiatimes.com/business/agriculture-sector,government subsidy program gives a lift to the agriculture sector,0,0,0,0,0,0,0,0.0,0,0,0,0,0,0,neutral,False,-2.62,True,147.82,5.002737521969115,65,10,5.6,0,1,2.62,1.0
2025-02-16,government spending bill is expected to stimulate the economy,Reuters,Trade Tariffs Announcement,Dow Jones,3.69,422.06,positive,Real Estate,Low,ExxonMobil,https://www.moneycontrol.com/us-markets/dow-jones-industrial,government spending bill is expected to stimulate the economy,0,0,0,0,0,0,0,0.0,0,0,0,0,0,0,neutral,False,3.69,True,422.06,6.047514012959004,61,9,5.888888888888889,1,0,3.69,2.0
2025-03-26,automotive industry faces headwinds from rising material costs,Barron's,Central Bank Meeting,Nikkei 225,4.41,290.15,positive,Industrials,High,Tesla,https://www.business-standard.com/international-business/trade-policy,automotive industry faces headwinds from rising material costs,0,0,0,0,0,0,0,0.0,0,0,0,0,0,0,neutral,False,4.41,True,290.15,5.673838598283129,62,8,6.875,1,0,4.41,2.0
2025-04-09,financial services stocks rally on strong profit margins,Financial Times,Major Merger/Acquisition,Hang Seng,-0.87,492.67,negative,Media & Entertainment,Medium,Reliance Industries,https://www.moneycontrol.com/india/ipo-news/new-firm-launches,financial services stocks rally on strong profit margins,2,0,1,0,5,0,5,5.0,1,0,0,0,0,0,positive,False,-0.87,True,492.67,6.201867277771356,56,8,6.125,0,1,0.87,0.0
2025-03-18,record-high inflation data rattles investors,Investopedia,Inflation Data Release,DAX,-0.84,112.72,negative,Finance,Medium,Apple Inc.,https://www.cnbc.com/2025/11/major-merger-deal-approved,record-high inflation data rattles investors,0,0,0,0,0,0,0,0.0,0,0,0,0,0,0,neutral,False,-0.84,True,112.72,4.733739286782799,44,5,8.0,0,1,0.84,0.0
2025-04-19,aerospace and defense sector sees rally amid geopolitical tensions,Economic Times,Corporate Earnings Report,IBOVESPA,-3.1,215.81,negative,Real Estate,High,Tata Motors,https://www.wsj.com/europe/regulatory-changes,aerospace and defense sector sees rally amid geopolitical tensions,1,0,0,0,2,0,2,2.0,1,0,0,0,0,0,positive,False,-3.1,True,215.81,5.379021393963,66,9,6.444444444444445,0,1,3.1,2.0
2025-04-23,major technology firm acquires a smaller rival in a multi-billion dollar deal,Bloomberg,Geopolitical Event,S&P 500,4.53,342.06,positive,Media & Entertainment,High,ExxonMobil,https://economictimes.indiatimes.com/stocks/bse-sensex-plunges,major technology firm acquires a smaller rival in a multi-billion dollar deal,0,0,0,0,0,0,0,0.0,0,0,0,1,0,0,neutral,False,4.53,True,342.06,5.837905358981679,77,12,5.5,1,0,4.53,2.0
2025-06-30,manufacturing pmi data signals economic expansion,Bloomberg,Geopolitical Event,DAX,-4.06,279.9,positive,Utilities,Medium,Apple Inc.,https://timesofindia.indiatimes.com/business/finance/banking-sector-news,manufacturing pmi data signals economic expansion,0,0,1,0,1,0,1,1.0,0,0,0,0,0,0,neutral,True,-4.06,False,279.9,5.637998734110198,49,6,7.333333333333333,0,1,4.06,2.0
2025-03-03,new regulations on cryptocurrencies cause a market dip,Yahoo Finance,Unemployment Rate Announcement,NSE Nifty,4.08,306.55,positive,Pharmaceuticals,Medium,Apple Inc.,https://economictimes.indiatimes.com/industry/industrials,new regulations on cryptocurrencies cause a market dip,0,0,0,1,0,1,-1,0.0,0,0,0,0,0,0,neutral,False,4.08,True,306.55,5.728637675654378,54,8,5.875,1,0,4.08,2.0
2025-04-07,retail sales report surpasses all forecasts,Reuters,Inflation Data Release,NSE Nifty,3.42,48.36,positive,Automotive,Low,ExxonMobil,https://www.ft.com/content/consumer-confidence-report,retail sales report surpasses all forecasts,0,0,0,0,0,0,0,0.0,0,0,0,0,0,1,neutral,False,3.42,True,48.36,3.8991403795971324,43,6,6.333333333333333,1,0,3.42,2.0
2025-02-04,healthcare stocks gain on robust demand and strong outlook,The Hindu Business Line,Government Policy Announcement,TSX,-4.86,174.9,negative,Transportation,Medium,Samsung Electronics,https://www.investopedia.com/articles/government-policy-announcement,healthcare stocks gain on robust demand and strong outlook,2,0,1,0,5,0,5,5.0,1,0,0,0,0,0,positive,False,-4.86,True,174.9,5.169915651743512,58,9,5.555555555555555,0,1,4.86,2.0
2025-06-16,government spending bill is expected to stimulate the economy,The Economist,Economic Data Release,CAC 40,-0.28,182.0,negative,Construction,High,JP Morgan Chase,https://www.forbes.com/crypto/cryptocurrency-regulation,government spending bill is expected to stimulate the economy,0,0,0,0,0,0,0,0.0,0,0,0,0,0,0,neutral,False,-0.28,True,182.0,5.209486152841421,61,9,5.888888888888889,0,1,0.28,0.0
2025-04-19,massive stock buyback program announced by a consumer goods company,Wall Street Journal,Consumer Confidence Report,TSX,2.53,360.15,positive,Automotive,Medium,Reliance Industries,https://www.business-standard.com/economy/inflation-data,massive stock buyback program announced by a consumer goods company,0,0,0,0,0,0,0,0.0,0,0,0,0,0,0,neutral,False,2.53,True,360.15,5.889293384496856,67,10,5.8,1,0,2.53,1.0
2025-03-29,crude oil prices drop to a multi-year low,Times of India,Corporate Earnings Report,Russell 2000,-1.88,274.27,negative,Media & Entertainment,Medium,JP Morgan Chase,https://www.wsj.com/china/market-rally,crude oil prices drop to a multi-year low,0,0,0,1,0,1,-1,0.0,0,0,0,0,0,0,neutral,True,-1.88,True,274.27,5.617752434180166,41,8,4.25,0,1,1.88,1.0
2025-04-19,semiconductor shortages weigh heavily on tech sector profits,CNBC,Economic Data Release,Russell 2000,-3.33,217.32,negative,Transportation,High,JP Morgan Chase,https://www.business-standard.com/international-business/trade-policy,semiconductor shortages weigh heavily on tech sector profits,0,0,0,0,0,0,0,0.0,0,0,0,0,0,0,neutral,False,-3.33,True,217.32,5.385961876400083,60,8,6.625,0,1,3.33,2.0
2025-02-17,government spending bill is expected to stimulate the economy,Barron's,Regulatory Changes,DAX,3.54,87.66,positive,Aerospace & Defense,Low,Tesla,https://www.wsj.com/europe/regulatory-changes,government spending bill is expected to stimulate the economy,0,0,0,0,0,0,0,0.0,0,0,0,0,0,0,neutral,False,3.54,True,87.66,4.484808829316908,61,9,5.888888888888889,1,0,3.54,2.0
2025-03-19,new regulations on cryptocurrencies cause a market dip,Barron's,Consumer Confidence Report,Shanghai Composite,1.81,393.65,positive,Agriculture,Low,Reliance Industries,https://www.wsj.com/china/market-regulation,new regulations on cryptocurrencies cause a market dip,0,0,0,1,0,1,-1,0.0,0,0,0,0,0,0,neutral,False,1.81,True,393.65,5.977999296154412,54,8,5.875,1,0,1.81,1.0
2025-06-24,media and entertainment companies report a surge in streaming revenue,Economic Times,Inflation Data Release,Hang Seng,3.77,8.34,positive,Aerospace & Defense,High,Microsoft,https://www.investopedia.com/articles/supply-chain-disruption,media and entertainment companies report a surge in streaming revenue,1,0,0,0,2,0,2,2.0,1,0,0,0,0,1,positive,True,3.77,True,8.34,2.234306252240751,69,10,6.0,1,0,3.77,2.0
2025-06-10,e-commerce earnings report beats all analyst expectations,The Hindu Business Line,IPO Launch,S&P 500,1.2,106.82,positive,Automotive,Low,Samsung Electronics,https://www.ft.com/content/currency-devaluation,e-commerce earnings report beats all analyst expectations,0,0,0,0,0,0,0,0.0,0,0,0,0,0,1,neutral,False,1.2,True,106.82,4.680463170023523,57,7,7.285714285714286,1,0,1.2,1.0
2025-08-08,crude oil prices drop to a multi-year low,Times of India,Unemployment Rate Announcement,KOSPI,-1.05,370.51,negative,Healthcare,Medium,Apple Inc.,https://www.reuters.com/markets/indices/nikkei-225,crude oil prices drop to a multi-year low,0,0,0,1,0,1,-1,0.0,0,0,0,0,0,0,neutral,True,-1.05,True,370.51,5.917575781695938,41,8,4.25,0,1,1.05,1.0
2025-04-29,asx 200 gains on strong export performance,Reuters,Geopolitical Event,Nikkei 225,-0.05,7.02,positive,Consumer Goods,Low,Reliance Industries,https://www.bloomberg.com/canada/tsunami-warnings,asx 200 gains on strong export performance,1,0,0,0,2,0,2,2.0,1,0,0,0,1,0,positive,True,-0.05,False,7.02,2.081938421878423,42,7,5.142857142857143,0,1,0.05,0.0
2025-03-16,gold prices surge as investors flee riskier assets,The Hindu Business Line,Corporate Earnings Report,S&P/TSX Composite,2.7,186.43,positive,Retail,Medium,ExxonMobil,https://www.reuters.com/markets/indices/nikkei-225,gold prices surge as investors flee riskier assets,1,0,0,0,2,0,2,2.0,1,0,0,0,0,0,positive,True,2.7,True,186.43,5.233405442370894,50,8,5.375,1,0,2.7,1.0
2025-03-08,geopolitical ceasefire prompts a broad market recovery,The Hindu Business Line,Regulatory Changes,FTSE 100,-2.87,5.12,negative,Utilities,High,JP Morgan Chase,https://www.reuters.com/markets/indices/ftse-100,geopolitical ceasefire prompts a broad market recovery,0,0,1,0,1,0,1,1.0,0,0,0,0,0,0,neutral,False,-2.87,True,5.12,1.8115620965242347,54,7,6.857142857142857,0,1,2.87,1.0
2025-04-07,asx 200 gains on strong export performance,Reuters,Stock Market Crash,TSX,4.28,269.15,positive,Media & Entertainment,High,JP Morgan Chase,https://www.reuters.com/business/retail-sector-earnings,asx 200 gains on strong export performance,1,0,0,0,2,0,2,2.0,1,0,0,0,1,0,positive,True,4.28,True,269.15,5.598977360290075,42,7,5.142857142857143,1,0,4.28,2.0
2025-04-11,asx 200 gains on strong export performance,Wall Street Journal,Inflation Data Release,S&P/TSX Composite,,49.83,positive,Telecommunications,Low,Reliance Industries,https://www.moneycontrol.com/us-markets/dow-jones-industrial,asx 200 gains on strong export performance,1,0,0,0,2,0,2,2.0,1,0,0,0,1,0,positive,True,,False,49.83,3.928486731458811,42,7,5.142857142857143,0,0,,
2025-08-06,crude oil prices drop to a multi-year low,Mint,Market Rally,TSX,2.89,245.11,positive,Telecommunications,Low,Goldman Sachs,https://www.business-standard.com/economy/trade-disputes-impact,crude oil prices drop to a multi-year low,0,0,0,1,0,1,-1,0.0,0,0,0,0,0,0,neutral,False,2.89,True,245.11,5.50577859046014,41,8,4.25,1,0,2.89,1.0
2025-08-01,a massive data breach sends a tech company s stock tumbling,Seeking Alpha,Commodity Price Shock,Hang Seng,0.52,107.34,negative,Healthcare,Low,Goldman Sachs,https://www.moneycontrol.com/us-markets/sp-500,a massive data breach sends a tech company s stock tumbling,0,1,0,0,0,2,-2,0.0,0,1,0,0,0,0,negative,True,0.52,False,107.34,4.685274430229753,59,11,4.454545454545454,1,0,0.52,0.0
2025-03-20,unexpected rise in unemployment fuels market pessimism,Economic Times,IPO Launch,TSX,-3.23,132.69,negative,Utilities,Medium,Apple Inc.,https://www.ft.com/content/currency-devaluation,unexpected rise in unemployment fuels market pessimism,0,0,1,0,1,0,1,1.0,0,0,0,0,0,0,neutral,False,-3.23,True,132.69,4.895523686995031,54,7,6.857142857142857,0,1,3.23,2.0
2025-08-04,supply chain issues impact manufacturing sector earnings,Wall Street Journal,Inflation Data Release,Russell 2000,-1.49,135.73,negative,Materials,High,Samsung Electronics,https://www.investopedia.com/articles/supply-chain-disruption,supply chain issues impact manufacturing sector earnings,0,0,0,0,0,0,0,0.0,0,0,0,0,0,0,neutral,False,-1.49,True,135.73,4.91800817832099,56,7,7.142857142857143,0,1,1.49,1.0
2025-03-23,market sentiment turns positive on vaccine trial results,Economic Times,Currency Devaluation,Shanghai Composite,-3.88,122.4,positive,Materials,Low,Tesla,https://www.reuters.com/markets/indices/ftse-100,market sentiment turns positive on vaccine trial results,0,0,1,0,1,0,1,1.0,0,0,0,0,0,0,neutral,True,-3.88,False,122.4,4.8154311114712876,56,8,6.125,0,1,3.88,2.0
2025-03-04,quarterly report shows surprising losses for retail giants,Financial Times,Unemployment Rate Announcement,KOSPI,-4.33,254.37,negative,Industrials,Low,JP Morgan Chase,https://www.ft.com/content/currency-devaluation,quarterly report shows surprising losses for retail giants,0,0,0,0,0,0,0,0.0,0,0,0,0,0,1,neutral,False,-4.33,True,254.37,5.542713473895698,58,8,6.375,0,1,4.33,2.0
2025-04-16,financial sector bracing for new capital requirements,CNBC,Market Rally,Shanghai Composite,4.72,154.67,positive,Aerospace & Defense,Medium,Tesla,,financial sector bracing for new capital requirements,0,0,0,0,0,0,0,0.0,0,0,0,0,0,0,neutral,False,4.72,True,154.67,5.047738382047758,53,7,6.714285714285714,1,0,4.72,2.0
2025-06-02,government subsidy program gives a lift to the agriculture sector,The Motley Fool,Stock Market Crash,DAX,-0.3,481.52,negative,Media & Entertainment,Medium,Goldman Sachs,https://www.cnbc.com/2025/10/real-estate-market-analysis,government subsidy program gives a lift to the agriculture sector,0,0,0,0,0,0,0,0.0,0,0,0,0,0,0,neutral,False,-0.3,True,481.52,6.179022370697183,65,10,5.6,0,1,0.3,0.0
2025-04-09,consumer confidence index reaches a decade high,Seeking Alpha,Unemployment Rate Announcement,Russell 2000,-2.99,209.45,positive,Agriculture,Low,Tata Motors,https://www.cnbc.com/2025/08/russia-ukraine-war-economic-impact,consumer confidence index reaches a decade high,0,0,1,0,1,0,1,1.0,0,0,0,0,0,0,neutral,True,-2.99,False,209.45,5.34924809521658,47,7,5.857142857142857,0,1,2.99,1.0
2025-04-11,central bank governor signals potential shift in policy,Times of India,Commodity Price Shock,Nasdaq Composite,-0.97,369.19,negative,Energy,High,Tata Motors,,central bank governor signals potential shift in policy,0,0,0,0,0,0,0,0.0,0,0,0,0,0,0,neutral,False,-0.97,True,369.19,5.914016387348839,55,8,6.0,0,1,0.97,0.0
2025-07-19,government policy shift boosts renewable energy sector,The Motley Fool,Central Bank Meeting,Russell 2000,-2.89,115.95,negative,Retail,Low,Reliance Industries,https://www.wsj.com/europe/regulatory-changes,government policy shift boosts renewable energy sector,0,0,0,0,0,0,0,0.0,0,0,0,0,0,0,neutral,False,-2.89,True,115.95,4.761746493030188,54,7,6.857142857142857,0,1,2.89,1.0
2025-03-15,uk s ftse 100 sees a boost from favorable trade data,Wall Street Journal,Geopolitical Event,Hang Seng,-2.44,13.29,positive,Telecommunications,Medium,Tata Motors,https://economictimes.indiatimes.com/stocks/bse-sensex-plunges,uk s ftse 100 sees a boost from favorable trade data,0,0,2,0,2,0,2,2.0,0,0,0,0,1,0,positive,True,-2.44,False,13.29,2.659559991941776,52,11,3.8181818181818183,0,1,2.44,1.0
2025-06-29,major technology firm acquires a smaller rival in a multi-billion dollar deal,Wall Street Journal,Major Merger/Acquisition,Euro Stoxx 50,0.92,354.46,positive,Pharmaceuticals,High,Apple Inc.,https://www.cnbc.com/2025/10/real-estate-market-analysis,major technology firm acquires a smaller rival in a multi-billion dollar deal,0,0,0,0,0,0,0,0.0,0,0,0,1,0,0,neutral,False,0.92,True,354.46,5.873412725331845,77,12,5.5,1,0,0.92,0.0
2025-07-15,quarterly report shows surprising losses for retail giants,The Motley Fool,Supply Chain Disruption,CAC 40,1.13,216.27,positive,Energy,High,Samsung Electronics,https://www.reuters.com/business/energy/oil-market-update,quarterly report shows surprising losses for retail giants,0,0,0,0,0,0,0,0.0,0,0,0,0,0,1,neutral,False,1.13,True,216.27,5.3811408197471495,58,8,6.375,1,0,1.13,1.0
2025-05-10,merger talks between two banks fall through,Wall Street Journal,Trade Tariffs Announcement,FTSE 100,3.88,343.93,positive,Agriculture,Medium,Samsung Electronics,https://www.ft.com/content/media-entertainment-merger,merger talks between two banks fall through,0,0,0,1,0,1,-1,0.0,0,0,0,0,0,0,neutral,False,3.88,True,343.93,5.843341497893939,43,7,5.285714285714286,1,0,3.88,2.0
2025-04-13,government subsidy program gives a lift to the agriculture sector,CNBC,Trade Tariffs Announcement,Shanghai Composite,-0.37,72.79,negative,Industrials,Low,Tata Motors,https://www.business-standard.com/economy/economic-stimulus,government subsidy program gives a lift to the agriculture sector,0,0,0,0,0,0,0,0.0,0,0,0,0,0,0,neutral,False,-0.37,True,72.79,4.301223221070275,65,10,5.6,0,1,0.37,0.0
2025-02-03,mining company stock surges on commodity price boom,Mint,Central Bank Meeting,S&P/TSX Composite,,204.52,positive,Media & Entertainment,Medium,Samsung Electronics,https://www.marketwatch.com/story/commodities-price-shock,mining company stock surges on commodity price boom,1,0,0,0,2,0,2,2.0,1,0,0,0,0,0,positive,True,,False,204.52,5.3255433528016285,51,8,5.5,0,0,,
2025-06-29,aerospace and defense sector sees rally amid geopolitical tensions,Business Standard,Government Policy Announcement,TSX,-0.12,280.58,negative,Agriculture,Low,Tata Motors,https://www.wsj.com/europe/dax-performance,aerospace and defense sector sees rally amid geopolitical tensions,1,0,0,0,2,0,2,2.0,1,0,0,0,0,0,positive,False,-0.12,True,280.58,5.640416599034381,66,9,6.444444444444445,0,1,0.12,0.0
2025-02-02,quarterly report shows surprising losses for retail giants,Business Standard,Geopolitical Event,ASX 200,-1.89,447.11,negative,Construction,Medium,Tesla,https://economictimes.indiatimes.com/stocks/bse-sensex-plunges,quarterly report shows surprising losses for retail giants,0,0,0,0,0,0,0,0.0,0,0,0,0,0,1,neutral,False,-1.89,True,447.11,6.105038737990311,58,8,6.375,0,1,1.89,1.0
2025-02-16,government spending bill is expected to stimulate the economy,Reuters,Trade Tariffs Announcement,Dow Jones,3.69,422.06,positive,Real Estate,Low,ExxonMobil,https://www.moneycontrol.com/us-markets/dow-jones-industrial,government spending bill is expected to stimulate the economy,0,0,0,0,0,0,0,0.0,0,0,0,0,0,0,neutral,False,3.69,True,422.06,6.047514012959004,61,9,5.888888888888889,1,0,3.69,2.0
2025-05-07,asx 200 gains on strong export performance,Yahoo Finance,IPO Launch,S&P 500,-3.88,261.4,negative,Industrials,High,Reliance Industries,https://www.business-standard.com/economy/trade-disputes-impact,asx 200 gains on strong export performance,1,0,0,0,2,0,2,2.0,1,0,0,0,1,0,positive,False,-3.88,True,261.4,5.5698700570699335,42,7,5.142857142857143,0,1,3.88,2.0
2025-08-04,consumer confidence index reaches a decade high,Forbes,Market Rally,S&P 500,-1.22,478.01,negative,Automotive,Low,Tata Motors,https://economictimes.indiatimes.com/news/economy/unemployment-rate,consumer confidence index reaches a decade high,0,0,1,0,1,0,1,1.0,0,0,0,0,0,0,neutral,False,-1.22,True,478.01,6.171721474019719,47,7,5.857142857142857,0,1,1.22,1.0
2025-02-21,asx 200 gains on strong export performance,Wall Street Journal,Regulatory Changes,DAX,-3.92,164.99,negative,Consumer Goods,High,JP Morgan Chase,https://www.business-standard.com/economy/trade-disputes-impact,asx 200 gains on strong export performance,1,0,0,0,2,0,2,2.0,1,0,0,0,1,0,positive,False,-3.92,True,164.99,5.111927545578128,42,7,5.142857142857143,0,1,3.92,2.0
2025-03-11,banking stocks dip after a major scandal is revealed,MarketWatch,Major Merger/Acquisition,DAX,3.29,61.5,negative,Energy,High,ExxonMobil,https://www.ft.com/content/tech-sector-innovation,banking stocks dip after a major scandal is revealed,0,1,0,1,0,3,-3,0.0,0,1,0,0,0,0,negative,True,3.29,False,61.5,4.135166556742356,52,9,4.888888888888889,1,0,3.29,2.0
2025-06-16,market braces for a major policy announcement from the eu,The Hindu Business Line,Geopolitical Event,KOSPI,0.31,105.84,positive,Transportation,Medium,Tata Motors,https://www.reuters.com/business/retail-sector-earnings,market braces for a major policy announcement from the eu,0,0,0,0,0,0,0,0.0,0,0,0,0,0,0,neutral,False,0.31,True,105.84,4.67133238824176,57,10,4.8,1,0,0.31,0.0
2025-04-26,media and entertainment companies report a surge in streaming revenue,The Motley Fool,Commodity Price Shock,IBOVESPA,-3.46,85.67,negative,Transportation,Medium,Goldman Sachs,https://www.business-standard.com/international-business/trade-policy,media and entertainment companies report a surge in streaming revenue,1,0,0,0,2,0,2,2.0,1,0,0,0,0,1,positive,False,-3.46,True,85.67,4.462107803146254,69,10,6.0,0,1,3.46,2.0
2025-05-19,geopolitical ceasefire prompts a broad market recovery,Yahoo Finance,Economic Data Release,Nasdaq Composite,-4.96,69.88,positive,Retail,Medium,Apple Inc.,https://www.wsj.com/europe/regulatory-changes,geopolitical ceasefire prompts a broad market recovery,0,0,1,0,1,0,1,1.0,0,0,0,0,0,0,neutral,True,-4.96,False,69.88,4.2609883062968255,54,7,6.857142857142857,0,1,4.96,2.0
2025-06-26,geopolitical ceasefire prompts a broad market recovery,Financial Times,Economic Data Release,IBOVESPA,-2.56,31.68,negative,Industrials,Medium,Boeing,https://www.wsj.com/japan/economic-data-release,geopolitical ceasefire prompts a broad market recovery,0,0,1,0,1,0,1,1.0,0,0,0,0,0,0,neutral,False,-2.56,True,31.68,3.486763269991802,54,7,6.857142857142857,0,1,2.56,1.0
2025-04-29,record-high inflation data rattles investors,Mint,Corporate Earnings Report,KOSPI,0.14,198.32,positive,Energy,High,Apple Inc.,https://www.marketwatch.com/story/consumer-goods-report,record-high inflation data rattles investors,0,0,0,0,0,0,0,0.0,0,0,0,0,0,0,neutral,False,0.14,True,198.32,5.294911573413204,44,5,8.0,1,0,0.14,0.0
2025-06-26,asx 200 gains on strong export performance,The Hindu Business Line,Government Policy Announcement,Euro Stoxx 50,-4.13,457.84,positive,Utilities,Medium,Microsoft,https://www.bloomberg.com/middle-east/news/bond-market-fluctuation,asx 200 gains on strong export performance,1,0,0,0,2,0,2,2.0,1,0,0,0,1,0,positive,True,-4.13,False,457.84,6.128701565413067,42,7,5.142857142857143,0,1,4.13,2.0
2025-04-12,federal reserve chairman s speech causes market volatility,Economic Times,Corporate Earnings Report,Shanghai Composite,0.71,312.79,positive,Real Estate,High,Reliance Industries,https://timesofindia.indiatimes.com/business/markets/stock-market-crash,federal reserve chairman s speech causes market volatility,0,0,0,0,0,0,0,0.0,0,0,0,0,0,0,neutral,False,0.71,True,312.79,5.74872397235967,58,8,6.375,1,0,0.71,0.0
2025-05-22,tech giant s new product launch sparks sector-wide gains,Forbes,Market Rally,CAC 40,-2.31,312.88,negative,Consumer Goods,Low,Apple Inc.,https://www.moneycontrol.com/india/ipo-news/new-firm-launches,tech giant s new product launch sparks sector-wide gains,0,0,0,0,0,0,0,0.0,0,0,0,0,0,0,neutral,False,-2.31,True,312.88,5.749010747259272,56,9,5.333333333333333,0,1,2.31,1.0
2025-08-08,financial services stocks rally on strong profit margins,Business Standard,Bond Market Fluctuation,Euro Stoxx 50,-1.35,488.35,negative,Pharmaceuticals,Medium,Reliance Industries,https://www.reuters.com/markets/indices/ftse-100,financial services stocks rally on strong profit margins,2,0,1,0,5,0,5,5.0,1,0,0,0,0,0,positive,False,-1.35,True,488.35,6.193077979871829,56,8,6.125,0,1,1.35,1.0
2025-08-08,central bank s dovish tone hints at future rate cuts,Reuters,Market Rally,ASX 200,-1.39,184.69,negative,Consumer Goods,High,Boeing,https://www.reuters.com/markets/stocks/tech-rally,central bank s dovish tone hints at future rate cuts,0,0,0,0,0,0,0,0.0,0,0,0,0,0,0,neutral,False,-1.39,True,184.69,5.224078616612505,52,10,4.3,0,1,1.39,1.0
2025-04-23,mining company stock surges on commodity price boom,Business Standard,Currency Devaluation,NSE Nifty,-1.81,482.26,positive,Agriculture,High,ExxonMobil,https://www.cnbc.com/2025/09/automotive-industry-trends,mining company stock surges on commodity price boom,1,0,0,0,2,0,2,2.0,1,0,0,0,0,0,positive,True,-1.81,False,482.26,6.180554811097308,51,8,5.5,0,1,1.81,1.0
2025-04-20,semiconductor shortages weigh heavily on tech sector profits,Wall Street Journal,Geopolitical Event,Russell 2000,3.38,143.83,positive,Retail,Medium,JP Morgan Chase,https://www.wsj.com/europe/regulatory-changes,semiconductor shortages weigh heavily on tech sector profits,0,0,0,0,0,0,0,0.0,0,0,0,0,0,0,neutral,False,3.38,True,143.83,4.975560640812765,60,8,6.625,1,0,3.38,2.0
2025-07-17,retail sales report surpasses all forecasts,Bloomberg,Supply Chain Disruption,S&P 500,1.01,330.14,positive,Industrials,High,Samsung Electronics,https://www.cnbc.com/2025/08/russia-ukraine-war-economic-impact,retail sales report surpasses all forecasts,0,0,0,0,0,0,0,0.0,0,0,0,0,0,1,neutral,False,1.01,True,330.14,5.802541246679465,43,6,6.333333333333333,1,0,1.01,1.0
2025-02-23,dow jones plunges as market fears recession,CNBC,Commodity Price Shock,TSX,2.08,56.24,positive,Transportation,High,Tata Motors,https://timesofindia.indiatimes.com/business/finance/banking-sector-news,dow jones plunges as market fears recession,0,0,0,0,0,0,0,0.0,0,0,0,0,0,0,neutral,False,2.08,True,56.24,4.0472529546882505,43,7,5.285714285714286,1,0,2.08,1.0
2025-05-30,retail sales report surpasses all forecasts,CNBC,Cryptocurrency Regulation,ASX 200,4.38,174.69,positive,Energy,Medium,Tesla,https://www.forbes.com/crypto/cryptocurrency-regulation,retail sales report surpasses all forecasts,0,0,0,0,0,0,0,0.0,0,0,0,0,0,1,neutral,False,4.38,True,174.69,5.168721078376963,43,6,6.333333333333333,1,0,4.38,2.0
2025-04-29,asx 200 gains on strong export performance,Reuters,Geopolitical Event,Nikkei 225,-0.05,7.02,positive,Consumer Goods,Low,Reliance Industries,https://www.bloomberg.com/canada/tsunami-warnings,asx 200 gains on strong export performance,1,0,0,0,2,0,2,2.0,1,0,0,0,1,0,positive,True,-0.05,False,7.02,2.081938421878423,42,7,5.142857142857143,0,1,0.05,0.0
2025-07-08,e-commerce earnings report beats all analyst expectations,Seeking Alpha,Inflation Data Release,Euro Stoxx 50,-0.29,337.64,negative,Construction,Low,Goldman Sachs,https://economictimes.indiatimes.com/news/economy/unemployment-rate,e-commerce earnings report beats all analyst expectations,0,0,0,0,0,0,0,0.0,0,0,0,0,0,1,neutral,False,-0.29,True,337.64,5.824937596212668,57,7,7.285714285714286,0,1,0.29,0.0
2025-04-17,nikkei 225 index benefits from a weaker yen,Financial Times,Interest Rate Change,Nasdaq Composite,-3.24,109.65,negative,Consumer Goods,High,Tata Motors,https://www.investopedia.com/articles/supply-chain-disruption,nikkei 225 index benefits from a weaker yen,0,0,0,0,0,0,0,0.0,0,0,0,0,1,0,neutral,False,-3.24,True,109.65,4.7063720664970585,43,8,4.5,0,1,3.24,2.0
2025-05-12,pharmaceutical company s drug approval drives stock upward,The Motley Fool,Bond Market Fluctuation,Russell 2000,-1.61,499.83,positive,Agriculture,Low,Boeing,,pharmaceutical company s drug approval drives stock upward,0,0,2,0,2,0,2,2.0,0,0,0,0,0,0,positive,True,-1.61,False,499.83,6.216266722145061,58,8,6.375,0,1,1.61,1.0
2025-03-12,real estate sector shows signs of overheating as interest rates fall,Barron's,Trade Tariffs Announcement,Euro Stoxx 50,-1.01,224.14,negative,Finance,Low,Tata Motors,https://www.theeconomist.com/world/government-policy-announcement,real estate sector shows signs of overheating as interest rates fall,0,0,0,1,0,1,-1,0.0,0,0,0,0,0,0,neutral,True,-1.01,True,224.14,5.416722430926658,68,11,5.2727272727272725,0,1,1.01,1.0
2025-05-08,banking stocks dip after a major scandal is revealed,Wall Street Journal,Currency Devaluation,DAX,2.0,66.63,negative,Technology,High,Tesla,https://economictimes.indiatimes.com/news/transportation,banking stocks dip after a major scandal is revealed,0,1,0,1,0,3,-3,0.0,0,1,0,0,0,0,negative,True,2.0,False,66.63,4.214051671586849,52,9,4.888888888888889,1,0,2.0,1.0
2025-06-03,merger talks between two banks fall through,Financial Times,Bond Market Fluctuation,Hang Seng,3.5,124.16,positive,Technology,High,Tesla,https://www.forbes.com/crypto/cryptocurrency-regulation,merger talks between two banks fall through,0,0,0,1,0,1,-1,0.0,0,0,0,0,0,0,neutral,False,3.5,True,124.16,4.829592918800682,43,7,5.285714285714286,1,0,3.5,2.0
2025-03-15,uk s ftse 100 sees a boost from favorable trade data,Wall Street Journal,Geopolitical Event,Hang Seng,-2.44,13.29,positive,Telecommunications,Medium,Tata Motors,https://economictimes.indiatimes.com/stocks/bse-sensex-plunges,uk s ftse 100 sees a boost from favorable trade data,0,0,2,0,2,0,2,2.0,0,0,0,0,1,0,positive,True,-2.44,False,13.29,2.659559991941776,52,11,3.8181818181818183,0,1,2.44,1.0
2025-02-07,uk s ftse 100 sees a boost from favorable trade data,Barron's,Inflation Data Release,CAC 40,-0.34,172.63,positive,Construction,Low,ExxonMobil,https://timesofindia.indiatimes.com/business/agriculture-sector,uk s ftse 100 sees a boost from favorable trade data,0,0,2,0,2,0,2,2.0,0,0,0,0,1,0,positive,True,-0.34,False,172.63,5.156926598356047,52,11,3.8181818181818183,0,1,0.34,0.0
2025-07-18,semiconductor shortages weigh heavily on tech sector profits,The Economist,Trade Tariffs Announcement,TSX,-1.54,173.19,negative,Healthcare,High,Tesla,https://economictimes.indiatimes.com/news/economy/unemployment-rate,semiconductor shortages weigh heavily on tech sector profits,0,0,0,0,0,0,0,0.0,0,0,0,0,0,0,neutral,False,-1.54,True,173.19,5.160146657489371,60,8,6.625,0,1,1.54,1.0
2025-08-05,aerospace and defense sector sees rally amid geopolitical tensions,The Economist,Inflation Data Release,FTSE 100,-4.34,83.57,negative,Pharmaceuticals,Medium,Reliance Industries,https://www.wsj.com/europe/dax-performance,aerospace and defense sector sees rally amid geopolitical tensions,1,0,0,0,2,0,2,2.0,1,0,0,0,0,0,positive,False,-4.34,True,83.57,4.437579593794131,66,9,6.444444444444445,0,1,4.34,2.0
2025-05-30,dow jones plunges as market fears recession,The Motley Fool,Interest Rate Change,Shanghai Composite,4.69,283.84,positive,Pharmaceuticals,Medium,Boeing,https://economictimes.indiatimes.com/news/economy/unemployment-rate,dow jones plunges as market fears recession,0,0,0,0,0,0,0,0.0,0,0,0,0,0,0,neutral,False,4.69,True,283.84,5.651927619113924,43,7,5.285714285714286,1,0,4.69,2.0
2025-06-19,dow jones plunges as market fears recession,Seeking Alpha,Commodity Price Shock,S&P/TSX Composite,-3.34,353.17,negative,Energy,High,Microsoft,https://www.wsj.com/europe/regulatory-changes,dow jones plunges as market fears recession,0,0,0,0,0,0,0,0.0,0,0,0,0,0,0,neutral,False,-3.34,True,353.17,5.869777023850878,43,7,5.285714285714286,0,1,3.34,2.0
2025-05-31,semiconductor shortages weigh heavily on tech sector profits,Reuters,Government Policy Announcement,S&P 500,1.86,202.71,positive,Construction,Medium,Apple Inc.,https://economictimes.indiatimes.com/industry/industrials,semiconductor shortages weigh heavily on tech sector profits,0,0,0,0,0,0,0,0.0,0,0,0,0,0,0,neutral,False,1.86,True,202.71,5.316697413829466,60,8,6.625,1,0,1.86,1.0
2025-03-18,market sentiment turns positive on vaccine trial results,Barron's,Stock Market Crash,S&P 500,0.8,478.93,positive,Real Estate,High,Boeing,https://www.investopedia.com/articles/supply-chain-disruption,market sentiment turns positive on vaccine trial results,0,0,1,0,1,0,1,1.0,0,0,0,0,0,0,neutral,True,0.8,True,478.93,6.173640259933888,56,8,6.125,1,0,0.8,0.0
2025-05-28,uk s ftse 100 sees a boost from favorable trade data,Mint,Interest Rate Change,S&P 500,2.3,459.91,positive,Transportation,Medium,Microsoft,https://www.ft.com/content/media-entertainment-merger,uk s ftse 100 sees a boost from favorable trade data,0,0,2,0,2,0,2,2.0,0,0,0,0,1,0,positive,True,2.3,True,459.91,6.133202796171501,52,11,3.8181818181818183,1,0,2.3,1.0
2025-04-12,real estate sector shows signs of overheating as interest rates fall,MarketWatch,Major Merger/Acquisition,BSE Sensex,0.1,85.69,negative,Retail,Medium,Microsoft,https://www.ft.com/content/media-entertainment-merger,real estate sector shows signs of overheating as interest rates fall,0,0,0,1,0,1,-1,0.0,0,0,0,0,0,0,neutral,True,0.1,False,85.69,4.462338536880549,68,11,5.2727272727272725,1,0,0.1,0.0
2025-04-20,merger talks between two banks fall through,Bloomberg,Government Policy Announcement,FTSE 100,,282.68,negative,Automotive,Medium,Tesla,https://www.reuters.com/business/retail-sector-earnings,merger talks between two banks fall through,0,0,0,1,0,1,-1,0.0,0,0,0,0,0,0,neutral,True,,False,282.68,5.647846842325897,43,7,5.285714285714286,0,0,,
2025-07-16,automotive industry faces headwinds from rising material costs,Barron's,Commodity Price Shock,S&P 500,1.88,332.88,positive,Construction,High,ExxonMobil,https://www.cnbc.com/2025/10/real-estate-market-analysis,automotive industry faces headwinds from rising material costs,0,0,0,0,0,0,0,0.0,0,0,0,0,0,0,neutral,False,1.88,True,332.88,5.8107816469825355,62,8,6.875,1,0,1.88,1.0
2025-03-28,market sentiment turns positive on vaccine trial results,The Motley Fool,Currency Devaluation,ASX 200,-3.06,478.1,positive,Materials,High,Tesla,https://www.business-standard.com/economy/inflation-data,market sentiment turns positive on vaccine trial results,0,0,1,0,1,0,1,1.0,0,0,0,0,0,0,neutral,True,-3.06,False,478.1,6.171909343889077,56,8,6.125,0,1,3.06,2.0
2025-02-11,new ipo for a popular software firm is oversubscribed,Mint,Bond Market Fluctuation,Nikkei 225,1.94,267.09,positive,Media & Entertainment,Medium,Reliance Industries,https://www.ft.com/content/currency-devaluation,new ipo for a popular software firm is oversubscribed,0,0,0,0,0,0,0,0.0,0,0,0,0,0,0,neutral,False,1.94,True,267.09,5.591322745031163,53,9,5.0,1,0,1.94,1.0
2025-06-10,new housing data release shows a slowdown in market activity,Times of India,Economic Data Release,TSX,-2.25,265.62,negative,Telecommunications,Medium,Boeing,https://www.bloomberg.com/australia/asx-200-performance,new housing data release shows a slowdown in market activity,0,0,0,1,0,1,-1,0.0,0,0,0,0,0,0,neutral,True,-2.25,True,265.62,5.585824423685531,60,10,5.1,0,1,2.25,1.0
2025-04-09,merger talks between two banks fall through,Barron's,Commodity Price Shock,DAX,4.3,220.09,positive,Finance,Low,Boeing,https://www.moneycontrol.com/india/ipo-news/new-firm-launches,merger talks between two banks fall through,0,0,0,1,0,1,-1,0.0,0,0,0,0,0,0,neutral,False,4.3,True,220.09,5.398569858437128,43,7,5.285714285714286,1,0,4.3,2.0
2025-04-02,banking stocks dip after a major scandal is revealed,The Economist,Government Policy Announcement,Hang Seng,-3.77,370.85,negative,Consumer Goods,Medium,JP Morgan Chase,https://timesofindia.indiatimes.com/business/agriculture-sector,banking stocks dip after a major scandal is revealed,0,1,0,1,0,3,-3,0.0,0,1,0,0,0,0,negative,True,-3.77,True,370.85,5.918490547149309,52,9,4.888888888888889,0,1,3.77,2.0
2025-04-20,quarterly report shows surprising losses for retail giants,The Hindu Business Line,Unemployment Rate Announcement,ASX 200,3.47,320.8,positive,Finance,High,Samsung Electronics,https://www.bloomberg.com/australia/asx-200-performance,quarterly report shows surprising losses for retail giants,0,0,0,0,0,0,0,0.0,0,0,0,0,0,1,neutral,False,3.47,True,320.8,5.773930234558283,58,8,6.375,1,0,3.47,2.0
2025-06-09,massive stock buyback program announced by a consumer goods company,Reuters,Corporate Earnings Report,S&P 500,-0.94,471.01,negative,Technology,High,Tata Motors,https://www.ft.com/content/currency-devaluation,massive stock buyback program announced by a consumer goods company,0,0,0,0,0,0,0,0.0,0,0,0,0,0,0,neutral,False,-0.94,True,471.01,6.157000171801804,67,10,5.8,0,1,0.94,0.0
2025-04-14,energy company s dividend hike excites shareholders,Reuters,Bond Market Fluctuation,Hang Seng,-2.26,191.77,negative,Technology,Low,Apple Inc.,https://www.bloomberg.com/middle-east/news/bond-market-fluctuation,energy company s dividend hike excites shareholders,0,0,0,0,0,0,0,0.0,0,0,0,0,0,0,neutral,False,-2.26,True,191.77,5.2614977684095,51,7,6.428571428571429,0,1,2.26,1.0
2025-06-22,semiconductor shortages weigh heavily on tech sector profits,Seeking Alpha,Stock Market Crash,S&P/TSX Composite,-4.22,464.47,negative,Construction,High,Goldman Sachs,https://timesofindia.indiatimes.com/business/finance/banking-sector-news,semiconductor shortages weigh heavily on tech sector profits,0,0,0,0,0,0,0,0.0,0,0,0,0,0,0,neutral,False,-4.22,True,464.47,6.143047647808971,60,8,6.625,0,1,4.22,2.0
2025-03-09,real estate sector shows signs of overheating as interest rates fall,Barron's,Stock Market Crash,KOSPI,4.74,177.21,negative,Telecommunications,High,Reliance Industries,https://www.cnbc.com/2025/08/russia-ukraine-war-economic-impact,real estate sector shows signs of overheating as interest rates fall,0,0,0,1,0,1,-1,0.0,0,0,0,0,0,0,neutral,True,4.74,False,177.21,5.182962630185008,68,11,5.2727272727272725,1,0,4.74,2.0
2025-02-27,market braces for a major policy announcement from the eu,MarketWatch,Commodity Price Shock,Nikkei 225,1.16,218.92,positive,Construction,Low,Boeing,https://www.bloomberg.com/canada/tsunami-warnings,market braces for a major policy announcement from the eu,0,0,0,0,0,0,0,0.0,0,0,0,0,0,0,neutral,False,1.16,True,218.92,5.393263843856991,57,10,4.8,1,0,1.16,1.0
2025-07-13,new ipo for a popular software firm is oversubscribed,The Economist,Regulatory Changes,Euro Stoxx 50,1.49,362.13,positive,Aerospace & Defense,High,Tesla,https://www.wsj.com/europe/dax-performance,new ipo for a popular software firm is oversubscribed,0,0,0,0,0,0,0,0.0,0,0,0,0,0,0,neutral,False,1.49,True,362.13,5.894760896874546,53,9,5.0,1,0,1.49,1.0
2025-06-08,nikkei 225 index benefits from a weaker yen,Bloomberg,Trade Tariffs Announcement,CAC 40,-3.68,89.75,negative,Construction,Medium,Boeing,https://www.ft.com/content/tech-sector-innovation,nikkei 225 index benefits from a weaker yen,0,0,0,0,0,0,0,0.0,0,0,0,0,1,0,neutral,False,-3.68,True,89.75,4.5081084731449605,43,8,4.5,0,1,3.68,2.0
2025-05-07,tech giant s new product launch sparks sector-wide gains,Investopedia,Major Merger/Acquisition,Hang Seng,-0.58,337.44,negative,Utilities,Low,Apple Inc.,https://www.business-standard.com/finance/corporate-earnings,tech giant s new product launch sparks sector-wide gains,0,0,0,0,0,0,0,0.0,0,0,0,0,0,0,neutral,False,-0.58,True,337.44,5.8243468240563,56,9,5.333333333333333,0,1,0.58,0.0
2025-03-25,unexpected rise in unemployment fuels market pessimism,Times of India,Corporate Earnings Report,CAC 40,1.12,14.41,positive,Aerospace & Defense,High,Goldman Sachs,https://www.marketwatch.com/story/consumer-goods-report,unexpected rise in unemployment fuels market pessimism,0,0,1,0,1,0,1,1.0,0,0,0,0,0,0,neutral,True,1.12,True,14.41,2.7350166493320245,54,7,6.857142857142857,1,0,1.12,1.0
2025-06-05,major oil spill sends energy stocks plummeting,Business Standard,Interest Rate Change,CAC 40,4.97,246.45,positive,Consumer Goods,Medium,Tesla,https://www.business-standard.com/economy/inflation-data,major oil spill sends energy stocks plummeting,0,0,0,0,0,0,0,0.0,0,0,0,0,0,0,neutral,False,4.97,True,246.45,5.511208541397895,46,7,5.714285714285714,1,0,4.97,2.0
2025-05-12,pharmaceutical company s drug approval drives stock upward,The Motley Fool,Bond Market Fluctuation,Russell 2000,-1.61,499.83,positive,Agriculture,Low,Boeing,,pharmaceutical company s drug approval drives stock upward,0,0,2,0,2,0,2,2.0,0,0,0,0,0,0,positive,True,-1.61,False,499.83,6.216266722145061,58,8,6.375,0,1,1.61,1.0
2025-04-05,major oil spill sends energy stocks plummeting,The Hindu Business Line,Interest Rate Change,TSX,-3.83,28.62,negative,Consumer Goods,High,ExxonMobil,https://www.investopedia.com/articles/government-policy-announcement,major oil spill sends energy stocks plummeting,0,0,0,0,0,0,0,0.0,0,0,0,0,0,0,neutral,False,-3.83,True,28.62,3.3884498088396526,46,7,5.714285714285714,0,1,3.83,2.0
2025-02-04,major technology firm acquires a smaller rival in a multi-billion dollar deal,Times of India,Market Rally,Shanghai Composite,3.59,91.6,positive,Technology,Low,Apple Inc.,https://www.bloomberg.com/australia/asx-200-performance,major technology firm acquires a smaller rival in a multi-billion dollar deal,0,0,0,0,0,0,0,0.0,0,0,0,1,0,0,neutral,False,3.59,True,91.6,4.528289141652134,77,12,5.5,1,0,3.59,2.0
2025-05-06,new ipo for a popular software firm is oversubscribed,Bloomberg,Trade Tariffs Announcement,S&P/TSX Composite,0.1,118.73,positive,Construction,Medium,Goldman Sachs,https://www.wsj.com/japan/economic-data-release,new ipo for a popular software firm is oversubscribed,0,0,0,0,0,0,0,0.0,0,0,0,0,0,0,neutral,False,0.1,True,118.73,4.785239207728752,53,9,5.0,1,0,0.1,0.0
2025-08-11,utilities sector remains stable during market fluctuations,Wall Street Journal,Bond Market Fluctuation,ASX 200,0.64,136.29,positive,Utilities,Medium,Reliance Industries,,utilities sector remains stable during market fluctuations,0,0,0,0,0,0,0,0.0,0,0,0,0,0,0,neutral,False,0.64,True,136.29,4.922095476909513,58,7,7.428571428571429,1,0,0.64,0.0
2025-04-16,market braces for a major policy announcement from the eu,Mint,Cryptocurrency Regulation,DAX,2.37,222.77,positive,Healthcare,High,Tata Motors,https://www.forbes.com/crypto/cryptocurrency-regulation,market braces for a major policy announcement from the eu,0,0,0,0,0,0,0,0.0,0,0,0,0,0,0,neutral,False,2.37,True,222.77,5.410618738635182,57,10,4.8,1,0,2.37,1.0
2025-02-08,consumer discretionary stocks outperform as spending increases,Business Standard,Corporate Earnings Report,Dow Jones,4.65,69.84,positive,Agriculture,Medium,Goldman Sachs,https://www.cnbc.com/2025/12/healthcare-sector-outlook,consumer discretionary stocks outperform as spending increases,1,0,0,0,2,0,2,2.0,1,0,0,0,0,0,positive,True,4.65,True,69.84,4.260423812914633,62,7,8.0,1,0,4.65,2.0
2025-06-03,china s shanghai composite falls after new trade restrictions,Business Standard,Government Policy Announcement,Shanghai Composite,2.43,125.05,positive,Automotive,Low,Microsoft,https://www.wsj.com/japan/economic-data-release,china s shanghai composite falls after new trade restrictions,0,0,0,0,0,0,0,0.0,0,0,0,0,0,0,neutral,False,2.43,True,125.05,4.836678653633929,61,9,5.888888888888889,1,0,2.43,1.0
2025-02-09,utilities sector remains stable during market fluctuations,Times of India,IPO Launch,S&P 500,-1.16,374.05,negative,Materials,Medium,ExxonMobil,,utilities sector remains stable during market fluctuations,0,0,0,0,0,0,0,0.0,0,0,0,0,0,0,neutral,False,-1.16,True,374.05,5.927059350415646,58,7,7.428571428571429,0,1,1.16,1.0
2025-03-20,record-high inflation data rattles investors,Financial Times,Bond Market Fluctuation,Russell 2000,1.0,171.18,positive,Consumer Goods,Medium,Samsung Electronics,https://www.forbes.com/crypto/cryptocurrency-regulation,record-high inflation data rattles investors,0,0,0,0,0,0,0,0.0,0,0,0,0,0,0,neutral,False,1.0,True,171.18,5.148540441229809,44,5,8.0,1,0,1.0,0.0
2025-04-09,merger talks between two banks fall through,Barron's,Commodity Price Shock,DAX,4.3,220.09,positive,Finance,Low,Boeing,https://www.moneycontrol.com/india/ipo-news/new-firm-launches,merger talks between two banks fall through,0,0,0,1,0,1,-1,0.0,0,0,0,0,0,0,neutral,False,4.3,True,220.09,5.398569858437128,43,7,5.285714285714286,1,0,4.3,2.0
2025-02-28,mining company stock surges on commodity price boom,The Motley Fool,Consumer Confidence Report,CAC 40,-1.06,355.42,positive,Aerospace & Defense,Medium,Boeing,https://www.wsj.com/china/market-rally,mining company stock surges on commodity price boom,1,0,0,0,2,0,2,2.0,1,0,0,0,0,0,positive,True,-1.06,False,355.42,5.876109810744953,51,8,5.5,0,1,1.06,1.0
2025-05-19,nikkei 225 index benefits from a weaker yen,Wall Street Journal,Economic Data Release,Russell 2000,1.41,467.1,positive,Healthcare,Medium,Boeing,https://www.cnbc.com/2025/08/russia-ukraine-war-economic-impact,nikkei 225 index benefits from a weaker yen,0,0,0,0,0,0,0,0.0,0,0,0,0,1,0,neutral,False,1.41,True,467.1,6.148681948306025,43,8,4.5,1,0,1.41,1.0
2025-02-01,market sentiment turns positive on vaccine trial results,Reuters,Interest Rate Change,KOSPI,-4.12,420.19,positive,Materials,High,Microsoft,https://www.wsj.com/japan/economic-data-release,market sentiment turns positive on vaccine trial results,0,0,1,0,1,0,1,1.0,0,0,0,0,0,0,neutral,True,-4.12,False,420.19,6.0430840382875735,56,8,6.125,0,1,4.12,2.0
2025-07-23,geopolitical ceasefire prompts a broad market recovery,The Motley Fool,Unemployment Rate Announcement,ASX 200,-1.13,316.98,negative,Media & Entertainment,High,Tata Motors,https://www.moneycontrol.com/india/ipo-news/new-firm-launches,geopolitical ceasefire prompts a broad market recovery,0,0,1,0,1,0,1,1.0,0,0,0,0,0,0,neutral,False,-1.13,True,316.98,5.761988487720563,54,7,6.857142857142857,0,1,1.13,1.0
2025-03-08,record-high inflation data rattles investors,Financial Times,Economic Data Release,KOSPI,-3.0,193.03,negative,Automotive,Low,Apple Inc.,https://economictimes.indiatimes.com/news/economy/unemployment-rate,record-high inflation data rattles investors,0,0,0,0,0,0,0,0.0,0,0,0,0,0,0,neutral,False,-3.0,True,193.03,5.268012786283181,44,5,8.0,0,1,3.0,1.0
2025-03-13,china s shanghai composite falls after new trade restrictions,Times of India,IPO Launch,Shanghai Composite,-3.73,389.92,negative,Pharmaceuticals,Low,Tesla,https://www.bloomberg.com/asia/policy/central-bank-meeting,china s shanghai composite falls after new trade restrictions,0,0,0,0,0,0,0,0.0,0,0,0,0,0,0,neutral,False,-3.73,True,389.92,5.968502935470635,61,9,5.888888888888889,0,1,3.73,2.0
2025-03-28,manufacturing pmi data signals economic expansion,Barron's,Currency Devaluation,NSE Nifty,-2.94,173.05,positive,Agriculture,Medium,ExxonMobil,https://www.business-standard.com/finance/corporate-earnings,manufacturing pmi data signals economic expansion,0,0,1,0,1,0,1,1.0,0,0,0,0,0,0,neutral,True,-2.94,False,173.05,5.159342614257448,49,6,7.333333333333333,0,1,2.94,1.0
2025-04-08,semiconductor shortages weigh heavily on tech sector profits,CNBC,Bond Market Fluctuation,DAX,3.06,263.33,positive,Technology,High,Goldman Sachs,https://www.forbes.com/crypto/cryptocurrency-regulation,semiconductor shortages weigh heavily on tech sector profits,0,0,0,0,0,0,0,0.0,0,0,0,0,0,0,neutral,False,3.06,True,263.33,5.577198322546748,60,8,6.625,1,0,3.06,2.0
2025-05-25,financial services stocks rally on strong profit margins,CNBC,Government Policy Announcement,Nikkei 225,-2.63,488.63,negative,Technology,Medium,Apple Inc.,https://www.cnbc.com/2025/09/automotive-industry-trends,financial services stocks rally on strong profit margins,2,0,1,0,5,0,5,5.0,1,0,0,0,0,0,positive,False,-2.63,True,488.63,6.193650003830714,56,8,6.125,0,1,2.63,1.0
2025-03-17,"global trade talks collapse, causing market turmoil",Investopedia,Government Policy Announcement,S&P/TSX Composite,-2.95,383.76,negative,Telecommunications,Low,Tata Motors,https://www.investopedia.com/articles/government-policy-announcement,global trade talks collapse causing market turmoil,0,0,0,0,0,0,0,0.0,0,0,0,0,0,0,neutral,False,-2.95,True,383.76,5.952619763284415,50,7,6.285714285714286,0,1,2.95,1.0
2025-08-10,financial sector bracing for new capital requirements,Times of India,Consumer Confidence Report,DAX,2.08,419.18,positive,Energy,Medium,Samsung Electronics,,financial sector bracing for new capital requirements,0,0,0,0,0,0,0,0.0,0,0,0,0,0,0,neutral,False,2.08,True,419.18,6.040683190895481,53,7,6.714285714285714,1,0,2.08,1.0
2025-07-27,china s shanghai composite falls after new trade restrictions,The Motley Fool,Currency Devaluation,ASX 200,-0.84,395.67,negative,Telecommunications,Medium,Boeing,https://www.investopedia.com/articles/supply-chain-disruption,china s shanghai composite falls after new trade restrictions,0,0,0,0,0,0,0,0.0,0,0,0,0,0,0,neutral,False,-0.84,True,395.67,5.983104700763502,61,9,5.888888888888889,0,1,0.84,0.0
2025-04-17,government subsidy program gives a lift to the agriculture sector,CNBC,Inflation Data Release,IBOVESPA,-0.23,206.46,negative,Utilities,Low,Goldman Sachs,https://www.business-standard.com/international-business/trade-policy,government subsidy program gives a lift to the agriculture sector,0,0,0,0,0,0,0,0.0,0,0,0,0,0,0,neutral,False,-0.23,True,206.46,5.334938550003682,65,10,5.6,0,1,0.23,0.0
2025-07-03,uk s ftse 100 sees a boost from favorable trade data,MarketWatch,Government Policy Announcement,Shanghai Composite,,141.86,positive,Energy,Medium,Goldman Sachs,https://www.bloomberg.com/canada/tsunami-warnings,uk s ftse 100 sees a boost from favorable trade data,0,0,2,0,2,0,2,2.0,0,0,0,0,1,0,positive,True,,False,141.86,4.961865129726826,52,11,3.8181818181818183,0,0,,
2025-07-21,energy company s dividend hike excites shareholders,Seeking Alpha,Trade Tariffs Announcement,S&P 500,-2.2,46.49,negative,Consumer Goods,Low,Microsoft,https://www.ft.com/content/media-entertainment-merger,energy company s dividend hike excites shareholders,0,0,0,0,0,0,0,0.0,0,0,0,0,0,0,neutral,False,-2.2,True,46.49,3.8605191625610304,51,7,6.428571428571429,0,1,2.2,1.0
