Date,Headline,Source,Market_Event,Market_Index,Index_Change_Percent,Trading_Volume,Sentiment,Sector,Impact_Level,Related_Company,News_Url,Headline_clean,positive_word_count,negative_word_count,sentiment_score,Index_Change_Percent_num,Trading_Volume_num,headline_length,word_count
2025-03-04,automotive industry faces headwinds from rising material costs,The Motley Fool,Trade Tariffs Announcement,DAX,3.43,473.52,negative,Industrials,Medium,Samsung Electronics,https://economictimes.indiatimes.com/industry/industrials,automotive industry faces headwinds from rising material costs,0,1,-1,3.43,473.52,62,8
2025-05-26,manufacturing pmi data signals economic expansion,Barron's,Government Policy Announcement,DAX,-2.45,396.26,positive,Telecommunications,Low,ExxonMobil,https://www.wsj.com/china/market-regulation,manufacturing pmi data signals economic expansion,0,0,0,-2.45,396.26,49,6
2025-08-11,government spending bill is expected to stimulate the economy,Mint,Inflation Data Release,Dow Jones,-3.57,293.49,negative,Real Estate,Low,Tata Motors,https://www.cnbc.com/2025/09/automotive-industry-trends,government spending bill is expected to stimulate the economy,0,0,0,-3.57,293.49,61,9
2025-06-17,central bank s dovish tone hints at future rate cuts,The Motley Fool,Cryptocurrency Regulation,Euro Stoxx 50,4.1,453.1,negative,Automotive,Low,Reliance Industries,https://www.business-standard.com/finance/corporate-earnings,central bank s dovish tone hints at future rate cuts,0,0,0,4.1,453.1,52,10
2025-08-08,uk s ftse 100 sees a boost from favorable trade data,Financial Times,Central Bank Meeting,S&P/TSX Composite,4.44,448.75,positive,Retail,Medium,Goldman Sachs,https://www.forbes.com/finance/geopolitical-event-impact,uk s ftse 100 sees a boost from favorable trade data,2,0,2,4.44,448.75,52,11
2025-06-16,semiconductor shortages weigh heavily on tech sector profits,Forbes,IPO Launch,Shanghai Composite,1.03,321.51,negative,Consumer Goods,Medium,Microsoft,https://www.moneycontrol.com/india/ipo-news/new-firm-launches,semiconductor shortages weigh heavily on tech sector profits,1,0,1,1.03,321.51,60,8
2025-04-09,unexpected rise in unemployment fuels market pessimism,Mint,Supply Chain Disruption,Nikkei 225,-1.83,225.43,positive,Pharmaceuticals,Medium,Microsoft,https://www.reuters.com/markets/stocks/tech-rally,unexpected rise in unemployment fuels market pessimism,1,0,1,-1.83,225.43,54,7
2025-02-07,consumer discretionary stocks outperform as spending increases,Economic Times,Consumer Confidence Report,IBOVESPA,2.16,271.68,positive,Finance,High,Boeing,https://www.reuters.com/markets/indices/nikkei-225,consumer discretionary stocks outperform as spending increases,2,0,2,2.16,271.68,62,7
2025-04-29,asx 200 gains on strong export performance,Reuters,Geopolitical Event,Nikkei 225,-0.05,7.02,positive,Consumer Goods,Low,Reliance Industries,https://www.bloomberg.com/canada/tsunami-warnings,asx 200 gains on strong export performance,2,0,2,-0.05,7.02,42,7
2025-08-13,merger talks between two banks fall through,Yahoo Finance,Trade Tariffs Announcement,CAC 40,,61.58,positive,Industrials,Low,Tata Motors,https://www.bloomberg.com/middle-east/news/bond-market-fluctuation,merger talks between two banks fall through,0,1,-1,,61.58,43,7
2025-04-11,record-high inflation data rattles investors,Business Standard,Commodity Price Shock,IBOVESPA,-4.25,261.38,negative,Transportation,High,JP Morgan Chase,https://www.business-standard.com/economy/trade-disputes-impact,record-high inflation data rattles investors,1,0,1,-4.25,261.38,44,5
2025-06-23,supply chain issues impact manufacturing sector earnings,Barron's,Corporate Earnings Report,Russell 2000,4.29,72.1,positive,Construction,High,JP Morgan Chase,https://www.wsj.com/china/market-rally,supply chain issues impact manufacturing sector earnings,0,0,0,4.29,72.1,56,7
2025-06-14,new regulations on cryptocurrencies cause a market dip,Financial Times,IPO Launch,CAC 40,1.96,78.55,negative,Utilities,Medium,Reliance Industries,https://www.business-standard.com/economy/inflation-data,new regulations on cryptocurrencies cause a market dip,0,1,-1,1.96,78.55,54,8
2025-07-08,a massive data breach sends a tech company s stock tumbling,Seeking Alpha,Consumer Confidence Report,Dow Jones,-2.77,137.56,positive,Utilities,Medium,Microsoft,https://www.wsj.com/japan/economic-data-release,a massive data breach sends a tech company s stock tumbling,0,1,-1,-2.77,137.56,59,11
2025-06-05,asx 200 gains on strong export performance,Barron's,IPO Launch,Nikkei 225,-4.79,333.17,negative,Healthcare,Medium,Boeing,https://www.bloomberg.com/middle-east/news/bond-market-fluctuation,asx 200 gains on strong export performance,2,0,2,-4.79,333.17,42,7
2025-03-12,market braces for a major policy announcement from the eu,The Motley Fool,Unemployment Rate Announcement,Euro Stoxx 50,0.4,404.41,negative,Real Estate,Medium,Apple Inc.,https://www.marketwatch.com/story/commodities-price-shock,market braces for a major policy announcement from the eu,0,0,0,0.4,404.41,57,10
2025-05-02,crude oil prices drop to a multi-year low,Financial Times,Supply Chain Disruption,TSX,4.13,357.84,positive,Agriculture,Low,Goldman Sachs,https://www.ft.com/content/consumer-confidence-report,crude oil prices drop to a multi-year low,0,1,-1,4.13,357.84,41,8
2025-05-20,consumer discretionary stocks outperform as spending increases,Economic Times,Commodity Price Shock,Russell 2000,2.46,258.4,positive,Retail,Medium,Apple Inc.,https://www.marketwatch.com/story/commodities-price-shock,consumer discretionary stocks outperform as spending increases,2,0,2,2.46,258.4,62,7
2025-08-13,healthcare stocks gain on robust demand and strong outlook,Mint,Central Bank Meeting,S&P 500,-1.94,242.87,negative,Healthcare,Low,JP Morgan Chase,https://www.business-standard.com/finance/corporate-earnings,healthcare stocks gain on robust demand and strong outlook,2,0,2,-1.94,242.87,58,9
2025-05-28,uk s ftse 100 sees a boost from favorable trade data,Mint,Interest Rate Change,S&P 500,2.3,459.91,positive,Transportation,Medium,Microsoft,https://www.ft.com/content/media-entertainment-merger,uk s ftse 100 sees a boost from favorable trade data,2,0,2,2.3,459.91,52,11
2025-02-27,new regulations on cryptocurrencies cause a market dip,Yahoo Finance,Trade Tariffs Announcement,ASX 200,2.79,278.46,positive,Telecommunications,Low,Microsoft,https://www.reuters.com/business/energy/oil-market-update,new regulations on cryptocurrencies cause a market dip,0,1,-1,2.79,278.46,54,8
2025-02-14,e-commerce earnings report beats all analyst expectations,Seeking Alpha,Consumer Confidence Report,Russell 2000,,455.17,negative,Automotive,Medium,Tata Motors,,e-commerce earnings report beats all analyst expectations,1,0,1,,455.17,57,7
2025-03-27,central bank maintains status quo on interest rates,Mint,Government Policy Announcement,Nasdaq Composite,4.2,43.76,negative,Consumer Goods,Medium,Apple Inc.,https://www.moneycontrol.com/us-markets/dow-jones-industrial,central bank maintains status quo on interest rates,0,0,0,4.2,43.76,51,8
2025-07-29,mining company stock surges on commodity price boom,The Hindu Business Line,Corporate Earnings Report,Hang Seng,3.17,366.5,negative,Real Estate,Medium,Goldman Sachs,https://www.reuters.com/markets/stocks/tech-rally,mining company stock surges on commodity price boom,1,0,1,3.17,366.5,51,8
2025-06-20,crude oil prices drop to a multi-year low,The Economist,Bond Market Fluctuation,ASX 200,2.19,155.3,negative,Utilities,Medium,Reliance Industries,https://www.cnbc.com/2025/08/russia-ukraine-war-economic-impact,crude oil prices drop to a multi-year low,0,1,-1,2.19,155.3,41,8
2025-03-06,pharmaceutical company s drug approval drives stock upward,The Motley Fool,Geopolitical Event,DAX,-0.21,275.97,negative,Materials,Medium,JP Morgan Chase,https://www.bloomberg.com/asia/telecommunications-news,pharmaceutical company s drug approval drives stock upward,1,0,1,-0.21,275.97,58,8
2025-03-24,e-commerce earnings report beats all analyst expectations,Investopedia,Commodity Price Shock,Euro Stoxx 50,-3.19,112.77,positive,Energy,High,JP Morgan Chase,https://economictimes.indiatimes.com/industry/industrials,e-commerce earnings report beats all analyst expectations,1,0,1,-3.19,112.77,57,7
2025-05-15,banking stocks dip after a major scandal is revealed,Seeking Alpha,Bond Market Fluctuation,FTSE 100,3.22,385.06,negative,Construction,Medium,Apple Inc.,https://www.forbes.com/crypto/cryptocurrency-regulation,banking stocks dip after a major scandal is revealed,0,2,-2,3.22,385.06,52,9
2025-04-30,consumer confidence index reaches a decade high,Mint,Regulatory Changes,KOSPI,-3.43,387.72,positive,Technology,Low,JP Morgan Chase,https://www.business-standard.com/economy/inflation-data,consumer confidence index reaches a decade high,1,0,1,-3.43,387.72,47,7
2025-06-27,semiconductor shortages weigh heavily on tech sector profits,Investopedia,Regulatory Changes,IBOVESPA,-0.12,468.78,negative,Construction,Medium,Boeing,https://www.ft.com/content/currency-devaluation,semiconductor shortages weigh heavily on tech sector profits,1,0,1,-0.12,468.78,60,8
2025-03-05,central bank governor signals potential shift in policy,Wall Street Journal,IPO Launch,TSX,-4.11,393.04,negative,Energy,High,Apple Inc.,https://www.moneycontrol.com/us-markets/nasdaq-composite,central bank governor signals potential shift in policy,0,0,0,-4.11,393.04,55,8
2025-07-05,massive stock buyback program announced by a consumer goods company,The Hindu Business Line,Interest Rate Change,TSX,3.8,450.52,negative,Energy,High,Tata Motors,,massive stock buyback program announced by a consumer goods company,0,0,0,3.8,450.52,67,10
2025-05-25,financial services stocks rally on strong profit margins,CNBC,Commodity Price Shock,DAX,1.02,74.49,positive,Materials,High,JP Morgan Chase,https://www.business-standard.com/economy/inflation-data,financial services stocks rally on strong profit margins,3,0,3,1.02,74.49,56,8
2025-03-01,asx 200 gains on strong export performance,Financial Times,Bond Market Fluctuation,CAC 40,2.63,90.87,positive,Telecommunications,Medium,Tata Motors,https://www.business-standard.com/international-business/trade-policy,asx 200 gains on strong export performance,2,0,2,2.63,90.87,42,7
2025-05-28,major technology firm acquires a smaller rival in a multi-billion dollar deal,Reuters,Supply Chain Disruption,Nikkei 225,0.38,14.02,positive,Construction,High,Samsung Electronics,https://www.cnbc.com/2025/09/automotive-industry-trends,major technology firm acquires a smaller rival in a multi-billion dollar deal,0,0,0,0.38,14.02,77,12
2025-02-11,government spending bill is expected to stimulate the economy,Business Standard,Trade Tariffs Announcement,FTSE 100,2.19,12.14,negative,Pharmaceuticals,Medium,Goldman Sachs,https://timesofindia.indiatimes.com/business/agriculture-sector,government spending bill is expected to stimulate the economy,0,0,0,2.19,12.14,61,9
2025-08-06,utilities sector remains stable during market fluctuations,Seeking Alpha,Interest Rate Change,NSE Nifty,-1.16,127.25,positive,Industrials,Medium,JP Morgan Chase,https://www.ft.com/content/currency-devaluation,utilities sector remains stable during market fluctuations,0,0,0,-1.16,127.25,58,7
2025-06-10,government policy shift boosts renewable energy sector,Barron's,Major Merger/Acquisition,NSE Nifty,-1.91,150.1,negative,Retail,Medium,JP Morgan Chase,https://economictimes.indiatimes.com/news/economy/unemployment-rate,government policy shift boosts renewable energy sector,1,0,1,-1.91,150.1,54,7
2025-03-21,gold prices surge as investors flee riskier assets,MarketWatch,Regulatory Changes,NSE Nifty,4.13,183.12,negative,Transportation,High,ExxonMobil,https://www.business-standard.com/economy/economic-stimulus,gold prices surge as investors flee riskier assets,1,0,1,4.13,183.12,50,8
2025-06-01,new housing data release shows a slowdown in market activity,Yahoo Finance,Commodity Price Shock,Euro Stoxx 50,-1.74,310.89,positive,Telecommunications,Medium,Tata Motors,https://www.moneycontrol.com/india/ipo-news/new-firm-launches,new housing data release shows a slowdown in market activity,0,1,-1,-1.74,310.89,60,10
2025-07-04,asx 200 gains on strong export performance,Times of India,Market Rally,ASX 200,2.95,433.44,positive,Media & Entertainment,Low,Tesla,https://www.ft.com/content/tech-sector-innovation,asx 200 gains on strong export performance,2,0,2,2.95,433.44,42,7
2025-03-02,semiconductor shortages weigh heavily on tech sector profits,Seeking Alpha,Economic Data Release,DAX,1.3,117.15,negative,Consumer Goods,Medium,ExxonMobil,https://www.wsj.com/europe/regulatory-changes,semiconductor shortages weigh heavily on tech sector profits,1,0,1,1.3,117.15,60,8
2025-05-22,bond yields tumble as investors seek safe havens,Bloomberg,Major Merger/Acquisition,S&P/TSX Composite,-2.19,310.1,negative,Finance,Medium,Samsung Electronics,https://www.business-standard.com/economy/economic-stimulus,bond yields tumble as investors seek safe havens,0,1,-1,-2.19,310.1,48,8
2025-03-27,energy company s dividend hike excites shareholders,Times of India,Unemployment Rate Announcement,Nasdaq Composite,-3.83,68.53,positive,Utilities,Low,Microsoft,https://timesofindia.indiatimes.com/business/agriculture-sector,energy company s dividend hike excites shareholders,0,0,0,-3.83,68.53,51,7
2025-05-05,quarterly report shows surprising losses for retail giants,Mint,Interest Rate Change,TSX,-3.46,189.55,negative,Telecommunications,Medium,JP Morgan Chase,https://www.business-standard.com/economy/inflation-data,quarterly report shows surprising losses for retail giants,0,1,-1,-3.46,189.55,58,8
2025-07-26,crude oil prices drop to a multi-year low,Mint,Government Policy Announcement,Euro Stoxx 50,-3.63,150.93,positive,Aerospace & Defense,Low,Tesla,https://www.ft.com/content/tech-sector-innovation,crude oil prices drop to a multi-year low,0,1,-1,-3.63,150.93,41,8
2025-05-17,a massive data breach sends a tech company s stock tumbling,The Motley Fool,Bond Market Fluctuation,Shanghai Composite,,47.66,negative,Agriculture,Low,Boeing,https://www.business-standard.com/economy/economic-stimulus,a massive data breach sends a tech company s stock tumbling,0,1,-1,,47.66,59,11
2025-02-26,real estate sector shows signs of overheating as interest rates fall,Wall Street Journal,Trade Tariffs Announcement,CAC 40,-3.0,463.36,positive,Finance,Medium,Boeing,https://www.business-standard.com/international-business/trade-policy,real estate sector shows signs of overheating as interest rates fall,0,1,-1,-3.0,463.36,68,11
2025-07-10,consumer discretionary stocks outperform as spending increases,Bloomberg,Interest Rate Change,TSX,-4.35,440.24,positive,Agriculture,Medium,Boeing,https://www.business-standard.com/economy/inflation-data,consumer discretionary stocks outperform as spending increases,2,0,2,-4.35,440.24,62,7
2025-06-22,a massive data breach sends a tech company s stock tumbling,Yahoo Finance,IPO Launch,Nasdaq Composite,1.41,141.37,positive,Materials,Medium,Boeing,https://economictimes.indiatimes.com/news/transportation,a massive data breach sends a tech company s stock tumbling,0,1,-1,1.41,141.37,59,11
2025-08-08,consumer discretionary stocks outperform as spending increases,Barron's,Inflation Data Release,IBOVESPA,4.54,428.4,positive,Energy,Medium,Goldman Sachs,https://www.wsj.com/china/market-regulation,consumer discretionary stocks outperform as spending increases,2,0,2,4.54,428.4,62,7
2025-02-28,dow jones plunges as market fears recession,MarketWatch,Economic Data Release,Nasdaq Composite,,320.13,positive,Media & Entertainment,High,Boeing,https://www.business-standard.com/economy/inflation-data,dow jones plunges as market fears recession,0,2,-2,,320.13,43,7
2025-06-10,semiconductor shortages weigh heavily on tech sector profits,Economic Times,Interest Rate Change,TSX,,241.36,positive,Agriculture,Medium,Microsoft,https://www.ft.com/content/currency-devaluation,semiconductor shortages weigh heavily on tech sector profits,1,0,1,,241.36,60,8
2025-08-06,market sentiment turns positive on vaccine trial results,The Hindu Business Line,Commodity Price Shock,Nikkei 225,1.99,449.25,negative,Finance,Medium,Tata Motors,https://timesofindia.indiatimes.com/business/finance/banking-sector-news,market sentiment turns positive on vaccine trial results,1,0,1,1.99,449.25,56,8
2025-02-18,manufacturing pmi data signals economic expansion,CNBC,Stock Market Crash,Euro Stoxx 50,0.08,480.56,negative,Utilities,Medium,Tesla,https://www.wsj.com/china/market-rally,manufacturing pmi data signals economic expansion,0,0,0,0.08,480.56,49,6
2025-05-31,tech giant s new product launch sparks sector-wide gains,CNBC,Consumer Confidence Report,Nasdaq Composite,-3.65,249.29,positive,Media & Entertainment,High,Microsoft,https://www.bloomberg.com/middle-east/news/bond-market-fluctuation,tech giant s new product launch sparks sector-wide gains,1,0,1,-3.65,249.29,56,9
2025-04-11,china s shanghai composite falls after new trade restrictions,Barron's,Interest Rate Change,Dow Jones,2.38,302.56,positive,Retail,Low,Tata Motors,https://www.forbes.com/crypto/cryptocurrency-regulation,china s shanghai composite falls after new trade restrictions,0,1,-1,2.38,302.56,61,9
2025-05-10,"global trade talks collapse, causing market turmoil",The Motley Fool,Major Merger/Acquisition,S&P 500,-0.22,377.64,negative,Energy,Low,Microsoft,https://www.moneycontrol.com/india/ipo-news/new-firm-launches,global trade talks collapse causing market turmoil,0,1,-1,-0.22,377.64,50,7
2025-02-27,consumer confidence index reaches a decade high,Reuters,Unemployment Rate Announcement,Euro Stoxx 50,2.99,208.11,negative,Pharmaceuticals,Low,Samsung Electronics,https://www.bloomberg.com/australia/asx-200-performance,consumer confidence index reaches a decade high,1,0,1,2.99,208.11,47,7
2025-05-28,nikkei 225 index benefits from a weaker yen,Reuters,Consumer Confidence Report,Shanghai Composite,-2.86,116.95,negative,Automotive,High,Goldman Sachs,https://www.wsj.com/europe/regulatory-changes,nikkei 225 index benefits from a weaker yen,0,1,-1,-2.86,116.95,43,8
2025-02-23,market sentiment turns positive on vaccine trial results,MarketWatch,Unemployment Rate Announcement,Nasdaq Composite,-3.22,354.14,negative,Utilities,High,Apple Inc.,https://www.ft.com/content/geopolitical-summit,market sentiment turns positive on vaccine trial results,1,0,1,-3.22,354.14,56,8
2025-04-10,a massive data breach sends a tech company s stock tumbling,MarketWatch,Stock Market Crash,Euro Stoxx 50,1.47,84.21,positive,Consumer Goods,Medium,Reliance Industries,https://www.bloomberg.com/australia/asx-200-performance,a massive data breach sends a tech company s stock tumbling,0,1,-1,1.47,84.21,59,11
2025-05-04,supply chain issues impact manufacturing sector earnings,Times of India,Government Policy Announcement,CAC 40,-0.85,358.72,positive,Industrials,Medium,Goldman Sachs,https://www.wsj.com/china/market-rally,supply chain issues impact manufacturing sector earnings,0,0,0,-0.85,358.72,56,7
2025-04-25,central bank s dovish tone hints at future rate cuts,Financial Times,Corporate Earnings Report,Nikkei 225,1.13,191.56,positive,Automotive,High,ExxonMobil,https://economictimes.indiatimes.com/news/transportation,central bank s dovish tone hints at future rate cuts,0,0,0,1.13,191.56,52,10
2025-07-27,central bank s dovish tone hints at future rate cuts,The Economist,Commodity Price Shock,FTSE 100,,221.19,negative,Consumer Goods,Medium,Reliance Industries,https://economictimes.indiatimes.com/news/economy/unemployment-rate,central bank s dovish tone hints at future rate cuts,0,0,0,,221.19,52,10
2025-05-04,merger talks between two banks fall through,Business Standard,Bond Market Fluctuation,ASX 200,3.11,132.12,negative,Industrials,High,Goldman Sachs,https://www.forbes.com/crypto/cryptocurrency-regulation,merger talks between two banks fall through,0,1,-1,3.11,132.12,43,7
2025-06-11,tech giant s new product launch sparks sector-wide gains,Investopedia,Central Bank Meeting,Russell 2000,2.06,480.73,positive,Retail,Low,Reliance Industries,https://www.forbes.com/finance/geopolitical-event-impact,tech giant s new product launch sparks sector-wide gains,1,0,1,2.06,480.73,56,9
2025-03-14,unexpected rise in unemployment fuels market pessimism,Yahoo Finance,Cryptocurrency Regulation,S&P/TSX Composite,1.78,182.32,positive,Construction,Low,Apple Inc.,https://www.reuters.com/markets/stocks/tech-rally,unexpected rise in unemployment fuels market pessimism,1,0,1,1.78,182.32,54,7
2025-05-16,real estate sector shows signs of overheating as interest rates fall,Bloomberg,Economic Data Release,Euro Stoxx 50,0.02,343.83,positive,Pharmaceuticals,Low,JP Morgan Chase,https://economictimes.indiatimes.com/news/economy/unemployment-rate,real estate sector shows signs of overheating as interest rates fall,0,1,-1,0.02,343.83,68,11
2025-03-14,china s shanghai composite falls after new trade restrictions,Business Standard,IPO Launch,Hang Seng,-1.14,482.98,negative,Aerospace & Defense,Medium,Microsoft,https://www.ft.com/content/tech-sector-innovation,china s shanghai composite falls after new trade restrictions,0,1,-1,-1.14,482.98,61,9
2025-04-13,quarterly report shows surprising losses for retail giants,Barron's,Central Bank Meeting,Nasdaq Composite,-2.31,62.42,positive,Retail,High,Tata Motors,https://www.theeconomist.com/world/government-policy-announcement,quarterly report shows surprising losses for retail giants,0,1,-1,-2.31,62.42,58,8
2025-02-23,real estate sector shows signs of overheating as interest rates fall,Investopedia,Inflation Data Release,Hang Seng,-4.8,419.9,negative,Construction,Medium,Samsung Electronics,https://www.business-standard.com/international-business/trade-policy,real estate sector shows signs of overheating as interest rates fall,0,1,-1,-4.8,419.9,68,11
2025-04-13,consumer discretionary stocks outperform as spending increases,The Economist,Corporate Earnings Report,Nasdaq Composite,-2.75,212.41,negative,Healthcare,High,ExxonMobil,https://timesofindia.indiatimes.com/business/corporate-governance,consumer discretionary stocks outperform as spending increases,2,0,2,-2.75,212.41,62,7
2025-04-09,market braces for a major policy announcement from the eu,Bloomberg,Economic Data Release,DAX,3.24,12.2,negative,Utilities,Medium,Microsoft,https://www.reuters.com/business/retail-sector-earnings,market braces for a major policy announcement from the eu,0,0,0,3.24,12.2,57,10
2025-04-10,supply chain issues impact manufacturing sector earnings,Bloomberg,Cryptocurrency Regulation,BSE Sensex,0.8,103.06,negative,Automotive,Low,Tata Motors,https://www.investopedia.com/articles/supply-chain-disruption,supply chain issues impact manufacturing sector earnings,0,0,0,0.8,103.06,56,7
2025-05-19,china s shanghai composite falls after new trade restrictions,Business Standard,Government Policy Announcement,TSX,-0.67,310.13,negative,Finance,Medium,Boeing,https://www.wsj.com/japan/economic-data-release,china s shanghai composite falls after new trade restrictions,0,1,-1,-0.67,310.13,61,9
2025-05-09,consumer confidence index reaches a decade high,CNBC,Unemployment Rate Announcement,IBOVESPA,-2.51,498.49,positive,Technology,Low,Boeing,https://www.bloomberg.com/australia/asx-200-performance,consumer confidence index reaches a decade high,1,0,1,-2.51,498.49,47,7
2025-08-05,real estate sector shows signs of overheating as interest rates fall,The Economist,Major Merger/Acquisition,Nasdaq Composite,-3.8,49.87,positive,Aerospace & Defense,High,JP Morgan Chase,https://www.ft.com/content/consumer-confidence-report,real estate sector shows signs of overheating as interest rates fall,0,1,-1,-3.8,49.87,68,11
2025-07-03,new ipo for a popular software firm is oversubscribed,Mint,Major Merger/Acquisition,BSE Sensex,0.32,215.13,negative,Finance,Medium,Apple Inc.,https://www.theeconomist.com/world/government-policy-announcement,new ipo for a popular software firm is oversubscribed,0,0,0,0.32,215.13,53,9
2025-05-20,government spending bill is expected to stimulate the economy,Seeking Alpha,Cryptocurrency Regulation,Dow Jones,-2.77,141.85,negative,Automotive,High,Microsoft,https://www.cnbc.com/2025/09/automotive-industry-trends,government spending bill is expected to stimulate the economy,0,0,0,-2.77,141.85,61,9
2025-05-21,retail sales report surpasses all forecasts,The Hindu Business Line,Bond Market Fluctuation,FTSE 100,3.83,4.04,positive,Automotive,Medium,Reliance Industries,https://www.forbes.com/crypto/cryptocurrency-regulation,retail sales report surpasses all forecasts,0,0,0,3.83,4.04,43,6
2025-05-01,major oil spill sends energy stocks plummeting,The Hindu Business Line,Trade Tariffs Announcement,Shanghai Composite,-1.42,147.03,positive,Agriculture,High,Apple Inc.,https://www.bloomberg.com/middle-east/news/bond-market-fluctuation,major oil spill sends energy stocks plummeting,0,0,0,-1.42,147.03,46,7
2025-04-04,gold prices surge as investors flee riskier assets,Yahoo Finance,Cryptocurrency Regulation,S&P 500,-4.03,465.53,negative,Healthcare,Medium,Samsung Electronics,https://www.theeconomist.com/finance-and-economics/trade-tariffs,gold prices surge as investors flee riskier assets,1,0,1,-4.03,465.53,50,8
2025-04-09,consumer confidence index reaches a decade high,Mint,Government Policy Announcement,ASX 200,1.2,312.51,positive,Finance,Low,Tesla,https://www.reuters.com/markets/stocks/tech-rally,consumer confidence index reaches a decade high,1,0,1,1.2,312.51,47,7
2025-06-03,asx 200 gains on strong export performance,The Hindu Business Line,Supply Chain Disruption,Euro Stoxx 50,2.08,58.11,negative,Industrials,High,Apple Inc.,https://www.cnbc.com/2025/09/automotive-industry-trends,asx 200 gains on strong export performance,2,0,2,2.08,58.11,42,7
2025-03-01,geopolitical ceasefire prompts a broad market recovery,MarketWatch,Commodity Price Shock,KOSPI,-0.26,308.11,positive,Agriculture,Medium,Microsoft,https://www.moneycontrol.com/us-markets/dow-jones-industrial,geopolitical ceasefire prompts a broad market recovery,1,0,1,-0.26,308.11,54,7
2025-08-10,supply chain issues impact manufacturing sector earnings,Mint,Economic Data Release,Dow Jones,-0.84,238.48,positive,Aerospace & Defense,Low,Reliance Industries,https://www.ft.com/content/media-entertainment-merger,supply chain issues impact manufacturing sector earnings,0,0,0,-0.84,238.48,56,7
2025-04-27,gold prices surge as investors flee riskier assets,The Economist,Regulatory Changes,TSX,0.44,218.99,negative,Consumer Goods,High,Apple Inc.,https://economictimes.indiatimes.com/industry/industrials,gold prices surge as investors flee riskier assets,1,0,1,0.44,218.99,50,8
2025-05-27,aerospace and defense sector sees rally amid geopolitical tensions,MarketWatch,Currency Devaluation,CAC 40,-1.54,193.71,negative,Finance,Low,Tata Motors,https://www.cnbc.com/2025/08/russia-ukraine-war-economic-impact,aerospace and defense sector sees rally amid geopolitical tensions,1,0,1,-1.54,193.71,66,9
2025-04-04,geopolitical ceasefire prompts a broad market recovery,Business Standard,Cryptocurrency Regulation,FTSE 100,0.92,94.44,positive,Materials,High,Apple Inc.,https://www.ft.com/content/consumer-confidence-report,geopolitical ceasefire prompts a broad market recovery,1,0,1,0.92,94.44,54,7
2025-04-29,energy company s dividend hike excites shareholders,Investopedia,Stock Market Crash,Euro Stoxx 50,-2.38,159.1,negative,Consumer Goods,High,Tata Motors,https://www.business-standard.com/international-business/trade-policy,energy company s dividend hike excites shareholders,0,0,0,-2.38,159.1,51,7
2025-07-19,federal reserve chairman s speech causes market volatility,Forbes,Inflation Data Release,BSE Sensex,-2.35,267.42,positive,Finance,Medium,Apple Inc.,https://www.cnbc.com/2025/11/major-merger-deal-approved,federal reserve chairman s speech causes market volatility,0,0,0,-2.35,267.42,58,8
2025-04-01,real estate sector shows signs of overheating as interest rates fall,The Economist,Market Rally,Hang Seng,3.52,361.01,negative,Consumer Goods,Low,Samsung Electronics,https://www.investopedia.com/articles/supply-chain-disruption,real estate sector shows signs of overheating as interest rates fall,0,1,-1,3.52,361.01,68,11
2025-07-06,federal reserve chairman s speech causes market volatility,Wall Street Journal,Economic Data Release,Dow Jones,-2.3,402.53,negative,Healthcare,Low,Boeing,https://www.investopedia.com/articles/supply-chain-disruption,federal reserve chairman s speech causes market volatility,0,0,0,-2.3,402.53,58,8
2025-04-09,major oil spill sends energy stocks plummeting,Mint,Commodity Price Shock,S&P/TSX Composite,4.36,255.33,negative,Automotive,High,Boeing,https://www.moneycontrol.com/us-markets/nasdaq-composite,major oil spill sends energy stocks plummeting,0,0,0,4.36,255.33,46,7
2025-04-17,central bank s dovish tone hints at future rate cuts,Investopedia,Commodity Price Shock,NSE Nifty,3.73,302.98,negative,Aerospace & Defense,Low,Microsoft,https://www.reuters.com/markets/stocks/tech-rally,central bank s dovish tone hints at future rate cuts,0,0,0,3.73,302.98,52,10
2025-03-31,government policy shift boosts renewable energy sector,Times of India,Major Merger/Acquisition,TSX,3.78,105.83,negative,Telecommunications,Low,Samsung Electronics,https://www.cnbc.com/2025/12/healthcare-sector-outlook,government policy shift boosts renewable energy sector,1,0,1,3.78,105.83,54,7
2025-03-10,pharmaceutical company s drug approval drives stock upward,The Motley Fool,IPO Launch,S&P 500,-3.79,109.65,negative,Real Estate,Medium,ExxonMobil,https://www.theeconomist.com/world/government-policy-announcement,pharmaceutical company s drug approval drives stock upward,1,0,1,-3.79,109.65,58,8
2025-05-27,market braces for a major policy announcement from the eu,The Economist,Market Rally,DAX,-3.78,381.07,positive,Transportation,Low,Tesla,https://www.wsj.com/europe/dax-performance,market braces for a major policy announcement from the eu,0,0,0,-3.78,381.07,57,10
2025-06-16,china s shanghai composite falls after new trade restrictions,Wall Street Journal,Bond Market Fluctuation,Hang Seng,-2.32,313.22,negative,Agriculture,High,ExxonMobil,https://www.wsj.com/europe/regulatory-changes,china s shanghai composite falls after new trade restrictions,0,1,-1,-2.32,313.22,61,9
2025-05-20,geopolitical ceasefire prompts a broad market recovery,Seeking Alpha,Market Rally,Nikkei 225,2.08,440.36,positive,Aerospace & Defense,Medium,Tata Motors,https://www.business-standard.com/economy/inflation-data,geopolitical ceasefire prompts a broad market recovery,1,0,1,2.08,440.36,54,7
2025-02-13,tech giant s new product launch sparks sector-wide gains,Barron's,Central Bank Meeting,TSX,-4.37,108.31,negative,Retail,High,Tata Motors,https://www.cnbc.com/2025/10/real-estate-market-analysis,tech giant s new product launch sparks sector-wide gains,1,0,1,-4.37,108.31,56,9
2025-06-04,new regulations on cryptocurrencies cause a market dip,Forbes,IPO Launch,Dow Jones,-2.18,272.25,negative,Materials,Low,Goldman Sachs,https://www.bloomberg.com/middle-east/news/bond-market-fluctuation,new regulations on cryptocurrencies cause a market dip,0,1,-1,-2.18,272.25,54,8
2025-06-30,new regulations on cryptocurrencies cause a market dip,Times of India,Currency Devaluation,Shanghai Composite,4.3,215.59,negative,Agriculture,Low,JP Morgan Chase,https://www.moneycontrol.com/india/ipo-news/new-firm-launches,new regulations on cryptocurrencies cause a market dip,0,1,-1,4.3,215.59,54,8
2025-06-30,china s shanghai composite falls after new trade restrictions,Reuters,Government Policy Announcement,DAX,-2.13,294.9,negative,Retail,Low,JP Morgan Chase,https://economictimes.indiatimes.com/industry/industrials,china s shanghai composite falls after new trade restrictions,0,1,-1,-2.13,294.9,61,9
2025-02-26,automotive industry faces headwinds from rising material costs,Wall Street Journal,Economic Data Release,Nasdaq Composite,-4.1,32.73,negative,Real Estate,High,ExxonMobil,https://www.ft.com/content/geopolitical-summit,automotive industry faces headwinds from rising material costs,0,1,-1,-4.1,32.73,62,8
2025-06-18,new regulations on cryptocurrencies cause a market dip,Wall Street Journal,Consumer Confidence Report,DAX,0.4,294.48,negative,Aerospace & Defense,High,Apple Inc.,https://www.wsj.com/china/market-rally,new regulations on cryptocurrencies cause a market dip,0,1,-1,0.4,294.48,54,8
2025-04-14,government subsidy program gives a lift to the agriculture sector,Mint,Geopolitical Event,Nasdaq Composite,3.66,470.48,negative,Automotive,High,Apple Inc.,https://www.ft.com/content/tech-sector-innovation,government subsidy program gives a lift to the agriculture sector,0,0,0,3.66,470.48,65,10
2025-07-01,semiconductor shortages weigh heavily on tech sector profits,Business Standard,Major Merger/Acquisition,S&P 500,0.28,210.73,positive,Real Estate,High,ExxonMobil,https://www.cnbc.com/2025/09/automotive-industry-trends,semiconductor shortages weigh heavily on tech sector profits,1,0,1,0.28,210.73,60,8
2025-07-22,real estate sector shows signs of overheating as interest rates fall,Barron's,Consumer Confidence Report,S&P 500,-0.92,315.27,negative,Healthcare,Medium,Samsung Electronics,https://www.ft.com/content/consumer-confidence-report,real estate sector shows signs of overheating as interest rates fall,0,1,-1,-0.92,315.27,68,11
2025-03-25,manufacturing pmi data signals economic expansion,Forbes,Unemployment Rate Announcement,CAC 40,1.95,359.84,positive,Materials,Medium,Reliance Industries,https://www.reuters.com/markets/indices/nikkei-225,manufacturing pmi data signals economic expansion,0,0,0,1.95,359.84,49,6
2025-07-20,consumer discretionary stocks outperform as spending increases,Bloomberg,Market Rally,Nikkei 225,2.56,418.04,negative,Retail,High,ExxonMobil,https://www.bloomberg.com/canada/tsunami-warnings,consumer discretionary stocks outperform as spending increases,2,0,2,2.56,418.04,62,7
2025-03-04,supply chain issues impact manufacturing sector earnings,Financial Times,Supply Chain Disruption,ASX 200,,7.07,negative,Utilities,High,Microsoft,https://www.cnbc.com/2025/09/automotive-industry-trends,supply chain issues impact manufacturing sector earnings,0,0,0,,7.07,56,7
2025-04-22,financial sector bracing for new capital requirements,Financial Times,Unemployment Rate Announcement,IBOVESPA,-0.09,9.92,negative,Automotive,High,Samsung Electronics,https://www.moneycontrol.com/india/ipo-news/new-firm-launches,financial sector bracing for new capital requirements,0,0,0,-0.09,9.92,53,7
2025-03-01,consumer discretionary stocks outperform as spending increases,Seeking Alpha,Economic Data Release,CAC 40,2.43,158.15,positive,Telecommunications,Medium,ExxonMobil,https://www.theeconomist.com/world/government-policy-announcement,consumer discretionary stocks outperform as spending increases,2,0,2,2.43,158.15,62,7
2025-04-20,china s shanghai composite falls after new trade restrictions,Forbes,Consumer Confidence Report,Dow Jones,-2.21,333.33,positive,Aerospace & Defense,Low,Samsung Electronics,https://www.ft.com/content/currency-devaluation,china s shanghai composite falls after new trade restrictions,0,1,-1,-2.21,333.33,61,9
2025-08-06,unexpected rise in unemployment fuels market pessimism,The Economist,Commodity Price Shock,Nikkei 225,1.42,176.99,positive,Real Estate,Medium,Reliance Industries,https://www.moneycontrol.com/us-markets/dow-jones-industrial,unexpected rise in unemployment fuels market pessimism,1,0,1,1.42,176.99,54,7
2025-05-07,central bank s dovish tone hints at future rate cuts,Forbes,Market Rally,ASX 200,-3.65,397.78,negative,Utilities,Low,ExxonMobil,https://www.cnbc.com/2025/08/russia-ukraine-war-economic-impact,central bank s dovish tone hints at future rate cuts,0,0,0,-3.65,397.78,52,10
2025-02-03,semiconductor shortages weigh heavily on tech sector profits,CNBC,Government Policy Announcement,CAC 40,0.21,151.51,positive,Media & Entertainment,Medium,Boeing,https://www.reuters.com/markets/stocks/tech-rally,semiconductor shortages weigh heavily on tech sector profits,1,0,1,0.21,151.51,60,8
2025-05-24,market braces for a major policy announcement from the eu,Barron's,Market Rally,BSE Sensex,,328.97,negative,Healthcare,Low,Apple Inc.,https://www.theeconomist.com/finance-and-economics/trade-tariffs,market braces for a major policy announcement from the eu,0,0,0,,328.97,57,10
2025-07-05,new ipo for a popular software firm is oversubscribed,Forbes,Consumer Confidence Report,Nasdaq Composite,-3.76,76.61,negative,Construction,Medium,Reliance Industries,https://www.marketwatch.com/story/commodities-price-shock,new ipo for a popular software firm is oversubscribed,0,0,0,-3.76,76.61,53,9
2025-02-16,market sentiment turns positive on vaccine trial results,Wall Street Journal,Regulatory Changes,FTSE 100,1.76,28.76,negative,Technology,Medium,Reliance Industries,https://www.marketwatch.com/story/consumer-goods-report,market sentiment turns positive on vaccine trial results,1,0,1,1.76,28.76,56,8
2025-04-05,a massive data breach sends a tech company s stock tumbling,Wall Street Journal,Geopolitical Event,DAX,-4.33,420.89,positive,Retail,Low,JP Morgan Chase,https://www.ft.com/content/tech-sector-innovation,a massive data breach sends a tech company s stock tumbling,0,1,-1,-4.33,420.89,59,11
2025-02-10,new housing data release shows a slowdown in market activity,Mint,Bond Market Fluctuation,Dow Jones,-2.67,316.83,positive,Healthcare,Medium,Microsoft,https://www.theeconomist.com/finance-and-economics/trade-tariffs,new housing data release shows a slowdown in market activity,0,1,-1,-2.67,316.83,60,10
2025-07-25,retail sales report surpasses all forecasts,Reuters,Interest Rate Change,Euro Stoxx 50,-4.73,256.83,negative,Energy,High,Apple Inc.,https://www.theeconomist.com/finance-and-economics/trade-tariffs,retail sales report surpasses all forecasts,0,0,0,-4.73,256.83,43,6
2025-03-16,gold prices surge as investors flee riskier assets,The Hindu Business Line,Corporate Earnings Report,S&P/TSX Composite,2.7,186.43,positive,Retail,Medium,ExxonMobil,https://www.reuters.com/markets/indices/nikkei-225,gold prices surge as investors flee riskier assets,1,0,1,2.7,186.43,50,8
2025-08-06,consumer confidence index reaches a decade high,MarketWatch,Economic Data Release,CAC 40,2.46,358.46,positive,Media & Entertainment,High,ExxonMobil,https://www.moneycontrol.com/us-markets/nasdaq-composite,consumer confidence index reaches a decade high,1,0,1,2.46,358.46,47,7
2025-06-23,mining company stock surges on commodity price boom,MarketWatch,Currency Devaluation,S&P 500,3.04,53.08,negative,Retail,Medium,Goldman Sachs,https://www.investopedia.com/articles/supply-chain-disruption,mining company stock surges on commodity price boom,1,0,1,3.04,53.08,51,8
2025-02-23,utilities sector remains stable during market fluctuations,Reuters,Consumer Confidence Report,Shanghai Composite,0.68,430.97,positive,Healthcare,Low,ExxonMobil,https://www.moneycontrol.com/india/ipo-news/new-firm-launches,utilities sector remains stable during market fluctuations,0,0,0,0.68,430.97,58,7
2025-03-03,new housing data release shows a slowdown in market activity,Financial Times,Supply Chain Disruption,Hang Seng,-4.49,228.27,negative,Transportation,Low,ExxonMobil,https://www.ft.com/content/geopolitical-summit,new housing data release shows a slowdown in market activity,0,1,-1,-4.49,228.27,60,10
2025-05-19,government spending bill is expected to stimulate the economy,Yahoo Finance,Commodity Price Shock,NSE Nifty,-0.18,341.36,positive,Automotive,Low,Tesla,https://www.investopedia.com/articles/government-policy-announcement,government spending bill is expected to stimulate the economy,0,0,0,-0.18,341.36,61,9
2025-04-22,consumer discretionary stocks outperform as spending increases,Seeking Alpha,Inflation Data Release,Shanghai Composite,-1.8,280.11,negative,Consumer Goods,Low,Reliance Industries,https://www.bloomberg.com/middle-east/news/bond-market-fluctuation,consumer discretionary stocks outperform as spending increases,2,0,2,-1.8,280.11,62,7
2025-02-20,new regulations on cryptocurrencies cause a market dip,Wall Street Journal,Unemployment Rate Announcement,Dow Jones,1.16,488.06,negative,Technology,Low,Goldman Sachs,https://www.investopedia.com/articles/supply-chain-disruption,new regulations on cryptocurrencies cause a market dip,0,1,-1,1.16,488.06,54,8
2025-07-30,supply chain issues impact manufacturing sector earnings,Bloomberg,Market Rally,Hang Seng,4.9,466.97,negative,Healthcare,Medium,Microsoft,https://www.forbes.com/crypto/cryptocurrency-regulation,supply chain issues impact manufacturing sector earnings,0,0,0,4.9,466.97,56,7
2025-06-16,major technology firm acquires a smaller rival in a multi-billion dollar deal,The Economist,Unemployment Rate Announcement,TSX,-0.92,321.02,positive,Technology,Low,Samsung Electronics,https://timesofindia.indiatimes.com/business/agriculture-sector,major technology firm acquires a smaller rival in a multi-billion dollar deal,0,0,0,-0.92,321.02,77,12
2025-03-16,e-commerce earnings report beats all analyst expectations,The Economist,Unemployment Rate Announcement,ASX 200,1.57,3.16,positive,Finance,High,ExxonMobil,https://www.cnbc.com/2025/08/russia-ukraine-war-economic-impact,e-commerce earnings report beats all analyst expectations,1,0,1,1.57,3.16,57,7
2025-05-10,healthcare stocks gain on robust demand and strong outlook,Forbes,Cryptocurrency Regulation,Euro Stoxx 50,2.36,404.0,positive,Energy,High,Reliance Industries,https://www.ft.com/content/media-entertainment-merger,healthcare stocks gain on robust demand and strong outlook,2,0,2,2.36,404.0,58,9
2025-08-13,banking stocks dip after a major scandal is revealed,The Economist,Government Policy Announcement,Shanghai Composite,-1.7,195.69,negative,Industrials,Medium,JP Morgan Chase,https://timesofindia.indiatimes.com/business/markets/stock-market-crash,banking stocks dip after a major scandal is revealed,0,2,-2,-1.7,195.69,52,9
2025-06-08,financial sector bracing for new capital requirements,Barron's,Supply Chain Disruption,Nasdaq Composite,4.15,316.4,negative,Agriculture,High,Boeing,https://www.bloomberg.com/middle-east/news/bond-market-fluctuation,financial sector bracing for new capital requirements,0,0,0,4.15,316.4,53,7
2025-07-29,healthcare stocks gain on robust demand and strong outlook,Seeking Alpha,Economic Data Release,Russell 2000,1.52,280.86,negative,Materials,Low,Apple Inc.,https://www.ft.com/content/geopolitical-summit,healthcare stocks gain on robust demand and strong outlook,2,0,2,1.52,280.86,58,9
2025-03-30,e-commerce earnings report beats all analyst expectations,The Hindu Business Line,IPO Launch,Dow Jones,-1.19,259.6,negative,Agriculture,High,JP Morgan Chase,https://economictimes.indiatimes.com/industry/industrials,e-commerce earnings report beats all analyst expectations,1,0,1,-1.19,259.6,57,7
2025-08-03,market braces for a major policy announcement from the eu,Forbes,Cryptocurrency Regulation,S&P 500,0.03,441.95,negative,Industrials,High,Microsoft,https://www.cnbc.com/2025/09/automotive-industry-trends,market braces for a major policy announcement from the eu,0,0,0,0.03,441.95,57,10
2025-07-22,china s shanghai composite falls after new trade restrictions,Business Standard,Supply Chain Disruption,Shanghai Composite,-4.13,194.81,positive,Transportation,Medium,ExxonMobil,https://www.investopedia.com/articles/government-policy-announcement,china s shanghai composite falls after new trade restrictions,0,1,-1,-4.13,194.81,61,9
2025-03-23,banking stocks dip after a major scandal is revealed,Wall Street Journal,IPO Launch,NSE Nifty,4.59,155.71,positive,Aerospace & Defense,Low,Tata Motors,https://www.cnbc.com/2025/12/healthcare-sector-outlook,banking stocks dip after a major scandal is revealed,0,2,-2,4.59,155.71,52,9
2025-03-06,"global trade talks collapse, causing market turmoil",The Motley Fool,Trade Tariffs Announcement,DAX,4.26,259.79,positive,Agriculture,High,Goldman Sachs,https://www.reuters.com/markets/indices/ftse-100,global trade talks collapse causing market turmoil,0,1,-1,4.26,259.79,50,7
2025-05-01,government subsidy program gives a lift to the agriculture sector,Business Standard,Interest Rate Change,ASX 200,-1.81,273.01,positive,Media & Entertainment,High,JP Morgan Chase,https://economictimes.indiatimes.com/industry/industrials,government subsidy program gives a lift to the agriculture sector,0,0,0,-1.81,273.01,65,10
2025-02-27,dow jones plunges as market fears recession,Forbes,IPO Launch,TSX,0.23,337.73,positive,Technology,Low,Boeing,,dow jones plunges as market fears recession,0,2,-2,0.23,337.73,43,7
2025-04-17,major oil spill sends energy stocks plummeting,The Economist,Supply Chain Disruption,Russell 2000,0.58,202.92,positive,Construction,Medium,Microsoft,https://timesofindia.indiatimes.com/business/corporate-governance,major oil spill sends energy stocks plummeting,0,0,0,0.58,202.92,46,7
2025-02-28,new housing data release shows a slowdown in market activity,Wall Street Journal,Trade Tariffs Announcement,KOSPI,1.98,154.54,negative,Agriculture,Low,Microsoft,https://www.ft.com/content/tech-sector-innovation,new housing data release shows a slowdown in market activity,0,1,-1,1.98,154.54,60,10
2025-06-23,government spending bill is expected to stimulate the economy,Seeking Alpha,IPO Launch,DAX,2.33,249.28,positive,Materials,Low,Goldman Sachs,https://www.moneycontrol.com/us-markets/nasdaq-composite,government spending bill is expected to stimulate the economy,0,0,0,2.33,249.28,61,9
2025-04-29,central bank governor signals potential shift in policy,Business Standard,Regulatory Changes,BSE Sensex,4.6,177.54,positive,Healthcare,Low,Tesla,https://www.cnbc.com/2025/08/russia-ukraine-war-economic-impact,central bank governor signals potential shift in policy,0,0,0,4.6,177.54,55,8
2025-06-30,unexpected rise in unemployment fuels market pessimism,Economic Times,Bond Market Fluctuation,Russell 2000,1.08,389.27,negative,Real Estate,High,Tata Motors,https://economictimes.indiatimes.com/industry/industrials,unexpected rise in unemployment fuels market pessimism,1,0,1,1.08,389.27,54,7
2025-07-24,manufacturing pmi data signals economic expansion,Forbes,Central Bank Meeting,Euro Stoxx 50,-3.44,103.19,positive,Technology,High,ExxonMobil,https://www.business-standard.com/international-business/trade-policy,manufacturing pmi data signals economic expansion,0,0,0,-3.44,103.19,49,6
2025-02-23,bond yields tumble as investors seek safe havens,Investopedia,Central Bank Meeting,Nikkei 225,-0.72,179.98,negative,Energy,Low,Apple Inc.,https://www.wsj.com/japan/economic-data-release,bond yields tumble as investors seek safe havens,0,1,-1,-0.72,179.98,48,8
2025-08-01,new ipo for a popular software firm is oversubscribed,MarketWatch,Geopolitical Event,FTSE 100,-3.6,470.17,positive,Automotive,High,Microsoft,https://timesofindia.indiatimes.com/business/markets/stock-market-crash,new ipo for a popular software firm is oversubscribed,0,0,0,-3.6,470.17,53,9
2025-03-25,unexpected rise in unemployment fuels market pessimism,Times of India,Corporate Earnings Report,CAC 40,1.12,14.41,positive,Aerospace & Defense,High,Goldman Sachs,https://www.marketwatch.com/story/consumer-goods-report,unexpected rise in unemployment fuels market pessimism,1,0,1,1.12,14.41,54,7
2025-05-10,record-high inflation data rattles investors,Barron's,Currency Devaluation,S&P/TSX Composite,-3.45,290.53,negative,Industrials,High,ExxonMobil,https://economictimes.indiatimes.com/industry/industrials,record-high inflation data rattles investors,1,0,1,-3.45,290.53,44,5
2025-07-04,uk s ftse 100 sees a boost from favorable trade data,Wall Street Journal,Consumer Confidence Report,Shanghai Composite,-0.41,259.78,negative,Healthcare,High,ExxonMobil,,uk s ftse 100 sees a boost from favorable trade data,2,0,2,-0.41,259.78,52,11
2025-07-22,bond yields tumble as investors seek safe havens,Barron's,Stock Market Crash,Nasdaq Composite,-3.46,30.82,negative,Healthcare,Medium,Apple Inc.,https://www.reuters.com/markets/indices/nikkei-225,bond yields tumble as investors seek safe havens,0,1,-1,-3.46,30.82,48,8
2025-03-03,supply chain issues impact manufacturing sector earnings,Yahoo Finance,Interest Rate Change,S&P/TSX Composite,0.8,181.2,positive,Transportation,Low,JP Morgan Chase,https://www.cnbc.com/2025/12/healthcare-sector-outlook,supply chain issues impact manufacturing sector earnings,0,0,0,0.8,181.2,56,7
2025-05-12,major technology firm acquires a smaller rival in a multi-billion dollar deal,Mint,Unemployment Rate Announcement,DAX,-2.37,225.22,negative,Retail,Low,Goldman Sachs,https://www.marketwatch.com/story/consumer-goods-report,major technology firm acquires a smaller rival in a multi-billion dollar deal,0,0,0,-2.37,225.22,77,12
2025-04-13,quarterly report shows surprising losses for retail giants,Barron's,Central Bank Meeting,Nasdaq Composite,-2.31,62.42,positive,Retail,High,Tata Motors,https://www.theeconomist.com/world/government-policy-announcement,quarterly report shows surprising losses for retail giants,0,1,-1,-2.31,62.42,58,8
2025-04-29,record-high inflation data rattles investors,Mint,Corporate Earnings Report,KOSPI,0.14,198.32,positive,Energy,High,Apple Inc.,https://www.marketwatch.com/story/consumer-goods-report,record-high inflation data rattles investors,1,0,1,0.14,198.32,44,5
2025-03-18,financial services stocks rally on strong profit margins,Wall Street Journal,Consumer Confidence Report,CAC 40,3.13,373.73,positive,Retail,Low,Samsung Electronics,https://www.wsj.com/europe/dax-performance,financial services stocks rally on strong profit margins,3,0,3,3.13,373.73,56,8
2025-07-27,government spending bill is expected to stimulate the economy,Mint,Cryptocurrency Regulation,Russell 2000,-1.35,226.13,positive,Healthcare,Medium,Samsung Electronics,https://economictimes.indiatimes.com/industry/industrials,government spending bill is expected to stimulate the economy,0,0,0,-1.35,226.13,61,9
2025-07-08,bond yields tumble as investors seek safe havens,Barron's,Cryptocurrency Regulation,Hang Seng,-2.76,478.5,positive,Construction,Medium,Tesla,https://www.cnbc.com/2025/12/healthcare-sector-outlook,bond yields tumble as investors seek safe havens,0,1,-1,-2.76,478.5,48,8
2025-02-04,merger talks between two banks fall through,Bloomberg,Unemployment Rate Announcement,Euro Stoxx 50,-4.82,309.6,positive,Media & Entertainment,High,Tesla,https://www.reuters.com/markets/stocks/tech-rally,merger talks between two banks fall through,0,1,-1,-4.82,309.6,43,7
2025-05-24,central bank maintains status quo on interest rates,CNBC,Bond Market Fluctuation,Russell 2000,-2.36,154.91,negative,Healthcare,Medium,Boeing,,central bank maintains status quo on interest rates,0,0,0,-2.36,154.91,51,8
2025-08-08,market braces for a major policy announcement from the eu,Seeking Alpha,IPO Launch,Russell 2000,-3.32,487.63,positive,Aerospace & Defense,Medium,Tata Motors,https://www.ft.com/content/tech-sector-innovation,market braces for a major policy announcement from the eu,0,0,0,-3.32,487.63,57,10
2025-02-19,gold prices surge as investors flee riskier assets,MarketWatch,Commodity Price Shock,Dow Jones,4.22,309.02,positive,Utilities,High,Microsoft,https://www.wsj.com/china/market-rally,gold prices surge as investors flee riskier assets,1,0,1,4.22,309.02,50,8
2025-02-07,real estate sector shows signs of overheating as interest rates fall,The Economist,Market Rally,Russell 2000,-3.57,67.76,negative,Media & Entertainment,High,JP Morgan Chase,https://timesofindia.indiatimes.com/business/finance/banking-sector-news,real estate sector shows signs of overheating as interest rates fall,0,1,-1,-3.57,67.76,68,11
2025-05-01,uk s ftse 100 sees a boost from favorable trade data,Wall Street Journal,Trade Tariffs Announcement,TSX,-4.4,276.09,negative,Materials,High,Goldman Sachs,https://www.investopedia.com/articles/government-policy-announcement,uk s ftse 100 sees a boost from favorable trade data,2,0,2,-4.4,276.09,52,11
2025-07-25,major technology firm acquires a smaller rival in a multi-billion dollar deal,Financial Times,Government Policy Announcement,DAX,2.49,249.46,negative,Construction,High,Samsung Electronics,https://www.forbes.com/finance/geopolitical-event-impact,major technology firm acquires a smaller rival in a multi-billion dollar deal,0,0,0,2.49,249.46,77,12
2025-06-19,government spending bill is expected to stimulate the economy,Forbes,Geopolitical Event,BSE Sensex,-4.38,329.1,negative,Real Estate,Low,Goldman Sachs,https://timesofindia.indiatimes.com/business/agriculture-sector,government spending bill is expected to stimulate the economy,0,0,0,-4.38,329.1,61,9
2025-04-16,central bank maintains status quo on interest rates,Bloomberg,Economic Data Release,NSE Nifty,3.23,225.01,negative,Utilities,High,Reliance Industries,https://economictimes.indiatimes.com/stocks/bse-sensex-plunges,central bank maintains status quo on interest rates,0,0,0,3.23,225.01,51,8
2025-05-11,bond yields tumble as investors seek safe havens,Financial Times,Bond Market Fluctuation,Russell 2000,-1.27,460.59,negative,Media & Entertainment,Low,Tesla,https://www.reuters.com/markets/indices/ftse-100,bond yields tumble as investors seek safe havens,0,1,-1,-1.27,460.59,48,8
2025-07-12,geopolitical ceasefire prompts a broad market recovery,MarketWatch,Government Policy Announcement,S&P 500,-0.29,108.83,positive,Healthcare,High,Apple Inc.,https://www.wsj.com/europe/dax-performance,geopolitical ceasefire prompts a broad market recovery,1,0,1,-0.29,108.83,54,7
2025-05-30,crude oil prices drop to a multi-year low,Barron's,Government Policy Announcement,KOSPI,,306.8,positive,Construction,High,Apple Inc.,https://www.wsj.com/europe/dax-performance,crude oil prices drop to a multi-year low,0,1,-1,,306.8,41,8
2025-06-17,bond yields tumble as investors seek safe havens,Wall Street Journal,Cryptocurrency Regulation,ASX 200,-2.36,182.47,positive,Automotive,Medium,ExxonMobil,https://economictimes.indiatimes.com/stocks/bse-sensex-plunges,bond yields tumble as investors seek safe havens,0,1,-1,-2.36,182.47,48,8
2025-07-27,"global trade talks collapse, causing market turmoil",Seeking Alpha,Supply Chain Disruption,KOSPI,-1.71,204.81,negative,Pharmaceuticals,Low,ExxonMobil,https://www.business-standard.com/finance/corporate-earnings,global trade talks collapse causing market turmoil,0,1,-1,-1.71,204.81,50,7
2025-06-15,consumer discretionary stocks outperform as spending increases,Barron's,Commodity Price Shock,S&P/TSX Composite,4.3,185.41,positive,Utilities,Medium,Samsung Electronics,https://www.marketwatch.com/story/commodities-price-shock,consumer discretionary stocks outperform as spending increases,2,0,2,4.3,185.41,62,7
2025-04-14,real estate sector shows signs of overheating as interest rates fall,The Motley Fool,Interest Rate Change,Nikkei 225,0.75,233.91,positive,Industrials,Low,Tata Motors,https://www.bloomberg.com/asia/telecommunications-news,real estate sector shows signs of overheating as interest rates fall,0,1,-1,0.75,233.91,68,11
2025-06-12,gold prices surge as investors flee riskier assets,The Economist,Corporate Earnings Report,Hang Seng,-4.87,157.45,negative,Transportation,High,Samsung Electronics,https://economictimes.indiatimes.com/industry/industrials,gold prices surge as investors flee riskier assets,1,0,1,-4.87,157.45,50,8
2025-08-12,"global trade talks collapse, causing market turmoil",Reuters,Stock Market Crash,NSE Nifty,-0.4,423.33,negative,Energy,Medium,JP Morgan Chase,https://www.cnbc.com/2025/10/real-estate-market-analysis,global trade talks collapse causing market turmoil,0,1,-1,-0.4,423.33,50,7
2025-03-18,aerospace and defense sector sees rally amid geopolitical tensions,Seeking Alpha,Interest Rate Change,NSE Nifty,-3.45,448.79,negative,Telecommunications,Medium,JP Morgan Chase,https://www.business-standard.com/economy/trade-disputes-impact,aerospace and defense sector sees rally amid geopolitical tensions,1,0,1,-3.45,448.79,66,9
2025-03-13,china s shanghai composite falls after new trade restrictions,Yahoo Finance,Stock Market Crash,Nasdaq Composite,0.52,375.62,negative,Real Estate,Medium,Boeing,https://economictimes.indiatimes.com/news/economy/unemployment-rate,china s shanghai composite falls after new trade restrictions,0,1,-1,0.52,375.62,61,9
2025-04-29,record-high inflation data rattles investors,Mint,Corporate Earnings Report,KOSPI,0.14,198.32,positive,Energy,High,Apple Inc.,https://www.marketwatch.com/story/consumer-goods-report,record-high inflation data rattles investors,1,0,1,0.14,198.32,44,5
2025-06-06,government spending bill is expected to stimulate the economy,The Motley Fool,Interest Rate Change,BSE Sensex,0.32,172.03,negative,Industrials,High,Reliance Industries,https://www.investopedia.com/articles/government-policy-announcement,government spending bill is expected to stimulate the economy,0,0,0,0.32,172.03,61,9
2025-06-27,e-commerce earnings report beats all analyst expectations,CNBC,Currency Devaluation,Dow Jones,3.89,54.1,negative,Telecommunications,Low,Samsung Electronics,https://timesofindia.indiatimes.com/business/corporate-governance,e-commerce earnings report beats all analyst expectations,1,0,1,3.89,54.1,57,7
2025-06-10,e-commerce earnings report beats all analyst expectations,The Hindu Business Line,IPO Launch,S&P 500,1.2,106.82,positive,Automotive,Low,Samsung Electronics,https://www.ft.com/content/currency-devaluation,e-commerce earnings report beats all analyst expectations,1,0,1,1.2,106.82,57,7
2025-04-04,central bank s dovish tone hints at future rate cuts,Business Standard,Unemployment Rate Announcement,FTSE 100,1.19,354.11,negative,Technology,Low,Reliance Industries,https://www.reuters.com/business/retail-sector-earnings,central bank s dovish tone hints at future rate cuts,0,0,0,1.19,354.11,52,10
2025-06-13,market braces for a major policy announcement from the eu,Financial Times,Unemployment Rate Announcement,Russell 2000,-1.0,484.21,negative,Real Estate,Low,Samsung Electronics,https://www.wsj.com/japan/economic-data-release,market braces for a major policy announcement from the eu,0,0,0,-1.0,484.21,57,10
2025-04-17,major oil spill sends energy stocks plummeting,The Hindu Business Line,Market Rally,DAX,1.35,471.72,negative,Retail,Medium,Apple Inc.,https://www.ft.com/content/consumer-confidence-report,major oil spill sends energy stocks plummeting,0,0,0,1.35,471.72,46,7
2025-04-09,a massive data breach sends a tech company s stock tumbling,Times of India,Inflation Data Release,ASX 200,-1.66,103.84,negative,Telecommunications,Low,ExxonMobil,https://economictimes.indiatimes.com/news/economy/unemployment-rate,a massive data breach sends a tech company s stock tumbling,0,1,-1,-1.66,103.84,59,11
2025-05-18,new ipo for a popular software firm is oversubscribed,Financial Times,Trade Tariffs Announcement,Dow Jones,-0.58,405.64,negative,Finance,Medium,JP Morgan Chase,https://www.cnbc.com/2025/08/russia-ukraine-war-economic-impact,new ipo for a popular software firm is oversubscribed,0,0,0,-0.58,405.64,53,9
2025-03-14,energy company s dividend hike excites shareholders,The Economist,Regulatory Changes,S&P/TSX Composite,-4.9,9.06,positive,Transportation,Low,Tata Motors,https://www.business-standard.com/economy/trade-disputes-impact,energy company s dividend hike excites shareholders,0,0,0,-4.9,9.06,51,7
2025-08-09,supply chain issues impact manufacturing sector earnings,Investopedia,Regulatory Changes,TSX,2.12,166.14,negative,Energy,High,Tata Motors,https://www.bloomberg.com/canada/tsunami-warnings,supply chain issues impact manufacturing sector earnings,0,0,0,2.12,166.14,56,7
2025-06-11,tech giant s new product launch sparks sector-wide gains,Investopedia,Central Bank Meeting,Russell 2000,2.06,480.73,positive,Retail,Low,Reliance Industries,https://www.forbes.com/finance/geopolitical-event-impact,tech giant s new product launch sparks sector-wide gains,1,0,1,2.06,480.73,56,9
2025-02-05,new housing data release shows a slowdown in market activity,The Motley Fool,Bond Market Fluctuation,FTSE 100,0.22,253.25,negative,Pharmaceuticals,Medium,JP Morgan Chase,https://www.wsj.com/japan/economic-data-release,new housing data release shows a slowdown in market activity,0,1,-1,0.22,253.25,60,10
2025-05-06,geopolitical ceasefire prompts a broad market recovery,Financial Times,Inflation Data Release,Russell 2000,2.91,205.65,negative,Automotive,Low,Boeing,https://www.business-standard.com/finance/corporate-earnings,geopolitical ceasefire prompts a broad market recovery,1,0,1,2.91,205.65,54,7
2025-07-13,central bank maintains status quo on interest rates,The Motley Fool,Stock Market Crash,Dow Jones,-3.73,293.92,positive,Transportation,Medium,Reliance Industries,https://www.marketwatch.com/story/consumer-goods-report,central bank maintains status quo on interest rates,0,0,0,-3.73,293.92,51,8
2025-03-29,real estate sector shows signs of overheating as interest rates fall,Economic Times,Bond Market Fluctuation,TSX,3.3,228.75,positive,Energy,Low,Reliance Industries,https://www.forbes.com/crypto/cryptocurrency-regulation,real estate sector shows signs of overheating as interest rates fall,0,1,-1,3.3,228.75,68,11
2025-04-16,new housing data release shows a slowdown in market activity,The Hindu Business Line,Bond Market Fluctuation,DAX,4.63,80.71,negative,Finance,Medium,Goldman Sachs,https://www.ft.com/content/geopolitical-summit,new housing data release shows a slowdown in market activity,0,1,-1,4.63,80.71,60,10
2025-03-11,media and entertainment companies report a surge in streaming revenue,Forbes,Currency Devaluation,Nasdaq Composite,0.5,331.09,negative,Technology,Low,Tata Motors,https://economictimes.indiatimes.com/news/transportation,media and entertainment companies report a surge in streaming revenue,1,0,1,0.5,331.09,69,10
2025-05-04,"global trade talks collapse, causing market turmoil",Times of India,Currency Devaluation,BSE Sensex,3.37,454.36,positive,Utilities,Medium,Microsoft,https://www.ft.com/content/consumer-confidence-report,global trade talks collapse causing market turmoil,0,1,-1,3.37,454.36,50,7
2025-07-22,geopolitical ceasefire prompts a broad market recovery,Economic Times,Cryptocurrency Regulation,Russell 2000,2.54,310.72,positive,Materials,Medium,Microsoft,https://economictimes.indiatimes.com/industry/industrials,geopolitical ceasefire prompts a broad market recovery,1,0,1,2.54,310.72,54,7
2025-02-27,new regulations on cryptocurrencies cause a market dip,Yahoo Finance,Trade Tariffs Announcement,ASX 200,2.79,278.46,positive,Telecommunications,Low,Microsoft,https://www.reuters.com/business/energy/oil-market-update,new regulations on cryptocurrencies cause a market dip,0,1,-1,2.79,278.46,54,8
2025-02-12,manufacturing pmi data signals economic expansion,The Motley Fool,Unemployment Rate Announcement,Shanghai Composite,3.25,87.09,negative,Telecommunications,Low,Microsoft,https://www.moneycontrol.com/us-markets/dow-jones-industrial,manufacturing pmi data signals economic expansion,0,0,0,3.25,87.09,49,6
2025-05-01,"global trade talks collapse, causing market turmoil",Investopedia,IPO Launch,KOSPI,-2.68,156.67,positive,Transportation,Low,Microsoft,https://www.business-standard.com/economy/trade-disputes-impact,global trade talks collapse causing market turmoil,0,1,-1,-2.68,156.67,50,7
2025-06-25,healthcare stocks gain on robust demand and strong outlook,MarketWatch,Interest Rate Change,IBOVESPA,,477.42,positive,Transportation,Low,Samsung Electronics,https://www.investopedia.com/articles/government-policy-announcement,healthcare stocks gain on robust demand and strong outlook,2,0,2,,477.42,58,9
2025-05-08,central bank s dovish tone hints at future rate cuts,Barron's,Unemployment Rate Announcement,TSX,-4.15,145.65,negative,Real Estate,Medium,Tata Motors,,central bank s dovish tone hints at future rate cuts,0,0,0,-4.15,145.65,52,10
2025-03-18,"global trade talks collapse, causing market turmoil",The Hindu Business Line,Unemployment Rate Announcement,NSE Nifty,-2.74,484.85,positive,Real Estate,Low,Boeing,https://www.business-standard.com/economy/trade-disputes-impact,global trade talks collapse causing market turmoil,0,1,-1,-2.74,484.85,50,7
2025-04-12,massive stock buyback program announced by a consumer goods company,Financial Times,Commodity Price Shock,DAX,-3.22,116.04,negative,Pharmaceuticals,High,Goldman Sachs,https://www.business-standard.com/finance/corporate-earnings,massive stock buyback program announced by a consumer goods company,0,0,0,-3.22,116.04,67,10
2025-06-15,bond yields tumble as investors seek safe havens,Mint,Geopolitical Event,FTSE 100,4.11,30.24,positive,Industrials,Low,ExxonMobil,https://www.ft.com/content/consumer-confidence-report,bond yields tumble as investors seek safe havens,0,1,-1,4.11,30.24,48,8
2025-06-25,record-high inflation data rattles investors,CNBC,Currency Devaluation,CAC 40,4.52,74.82,positive,Pharmaceuticals,Medium,Microsoft,https://www.business-standard.com/finance/corporate-earnings,record-high inflation data rattles investors,1,0,1,4.52,74.82,44,5
2025-05-17,pharmaceutical company s drug approval drives stock upward,The Motley Fool,Commodity Price Shock,Nasdaq Composite,1.99,229.26,negative,Healthcare,High,Microsoft,,pharmaceutical company s drug approval drives stock upward,1,0,1,1.99,229.26,58,8
2025-08-01,federal reserve chairman s speech causes market volatility,Business Standard,Economic Data Release,S&P 500,3.25,291.83,negative,Finance,Low,Tesla,https://www.moneycontrol.com/india/ipo-news/new-firm-launches,federal reserve chairman s speech causes market volatility,0,0,0,3.25,291.83,58,8
2025-04-26,manufacturing pmi data signals economic expansion,Economic Times,Corporate Earnings Report,Dow Jones,-3.54,178.31,negative,Healthcare,Medium,ExxonMobil,https://www.reuters.com/markets/indices/nikkei-225,manufacturing pmi data signals economic expansion,0,0,0,-3.54,178.31,49,6
2025-02-26,federal reserve chairman s speech causes market volatility,Seeking Alpha,Cryptocurrency Regulation,NSE Nifty,1.89,452.29,negative,Healthcare,Medium,Tesla,https://www.forbes.com/crypto/cryptocurrency-regulation,federal reserve chairman s speech causes market volatility,0,0,0,1.89,452.29,58,8
2025-02-06,central bank s dovish tone hints at future rate cuts,MarketWatch,Regulatory Changes,Nikkei 225,,272.7,negative,Utilities,Low,ExxonMobil,https://www.cnbc.com/2025/12/healthcare-sector-outlook,central bank s dovish tone hints at future rate cuts,0,0,0,,272.7,52,10
2025-08-01,new ipo for a popular software firm is oversubscribed,MarketWatch,Geopolitical Event,FTSE 100,-3.6,470.17,positive,Automotive,High,Microsoft,https://timesofindia.indiatimes.com/business/markets/stock-market-crash,new ipo for a popular software firm is oversubscribed,0,0,0,-3.6,470.17,53,9
2025-06-26,new housing data release shows a slowdown in market activity,The Motley Fool,Unemployment Rate Announcement,Euro Stoxx 50,1.08,441.77,positive,Telecommunications,Low,JP Morgan Chase,https://www.forbes.com/crypto/cryptocurrency-regulation,new housing data release shows a slowdown in market activity,0,1,-1,1.08,441.77,60,10
2025-08-07,nikkei 225 index benefits from a weaker yen,The Hindu Business Line,Market Rally,Nasdaq Composite,-4.66,32.53,positive,Media & Entertainment,Low,Boeing,https://www.wsj.com/europe/regulatory-changes,nikkei 225 index benefits from a weaker yen,0,1,-1,-4.66,32.53,43,8
2025-07-15,major oil spill sends energy stocks plummeting,MarketWatch,Trade Tariffs Announcement,TSX,-3.89,237.9,negative,Aerospace & Defense,Medium,Tata Motors,https://www.forbes.com/finance/geopolitical-event-impact,major oil spill sends energy stocks plummeting,0,0,0,-3.89,237.9,46,7
2025-06-30,new housing data release shows a slowdown in market activity,Barron's,Unemployment Rate Announcement,NSE Nifty,1.89,450.92,positive,Media & Entertainment,Low,JP Morgan Chase,https://www.cnbc.com/2025/11/major-merger-deal-approved,new housing data release shows a slowdown in market activity,0,1,-1,1.89,450.92,60,10
2025-02-08,retail sales report surpasses all forecasts,Financial Times,Cryptocurrency Regulation,Dow Jones,2.29,169.39,positive,Transportation,Medium,Tesla,https://www.wsj.com/europe/regulatory-changes,retail sales report surpasses all forecasts,0,0,0,2.29,169.39,43,6
2025-04-13,a massive data breach sends a tech company s stock tumbling,Investopedia,Economic Data Release,S&P/TSX Composite,-1.65,109.53,positive,Healthcare,Low,Goldman Sachs,https://www.cnbc.com/2025/08/russia-ukraine-war-economic-impact,a massive data breach sends a tech company s stock tumbling,0,1,-1,-1.65,109.53,59,11
2025-05-13,"global trade talks collapse, causing market turmoil",Forbes,Unemployment Rate Announcement,Russell 2000,-2.74,185.15,positive,Pharmaceuticals,Medium,Samsung Electronics,https://www.bloomberg.com/asia/policy/central-bank-meeting,global trade talks collapse causing market turmoil,0,1,-1,-2.74,185.15,50,7
2025-04-01,central bank maintains status quo on interest rates,Barron's,Economic Data Release,Nikkei 225,1.92,67.44,negative,Transportation,Low,Microsoft,https://www.bloomberg.com/canada/tsunami-warnings,central bank maintains status quo on interest rates,0,0,0,1.92,67.44,51,8
2025-02-13,government spending bill is expected to stimulate the economy,The Economist,Stock Market Crash,CAC 40,2.09,221.56,positive,Retail,Medium,Boeing,https://www.cnbc.com/2025/08/russia-ukraine-war-economic-impact,government spending bill is expected to stimulate the economy,0,0,0,2.09,221.56,61,9
2025-07-01,semiconductor shortages weigh heavily on tech sector profits,Bloomberg,Corporate Earnings Report,KOSPI,0.34,32.79,negative,Transportation,Low,Samsung Electronics,https://www.bloomberg.com/asia/policy/central-bank-meeting,semiconductor shortages weigh heavily on tech sector profits,1,0,1,0.34,32.79,60,8
2025-05-21,banking stocks dip after a major scandal is revealed,Forbes,Corporate Earnings Report,S&P 500,-3.41,330.84,positive,Technology,High,ExxonMobil,https://www.investopedia.com/articles/government-policy-announcement,banking stocks dip after a major scandal is revealed,0,2,-2,-3.41,330.84,52,9
2025-07-20,uk s ftse 100 sees a boost from favorable trade data,Investopedia,Commodity Price Shock,Nikkei 225,0.21,179.99,positive,Materials,Medium,Reliance Industries,https://www.reuters.com/business/retail-sector-earnings,uk s ftse 100 sees a boost from favorable trade data,2,0,2,0.21,179.99,52,11
2025-07-06,real estate sector shows signs of overheating as interest rates fall,Investopedia,Cryptocurrency Regulation,Hang Seng,2.31,439.95,positive,Telecommunications,High,Microsoft,https://timesofindia.indiatimes.com/business/markets/stock-market-crash,real estate sector shows signs of overheating as interest rates fall,0,1,-1,2.31,439.95,68,11
2025-03-10,new regulations on cryptocurrencies cause a market dip,Yahoo Finance,Commodity Price Shock,Euro Stoxx 50,-1.82,219.85,positive,Real Estate,Medium,JP Morgan Chase,https://www.wsj.com/japan/economic-data-release,new regulations on cryptocurrencies cause a market dip,0,1,-1,-1.82,219.85,54,8
2025-02-01,manufacturing pmi data signals economic expansion,The Hindu Business Line,Commodity Price Shock,S&P 500,4.28,341.74,negative,Telecommunications,High,Boeing,https://economictimes.indiatimes.com/stocks/bse-sensex-plunges,manufacturing pmi data signals economic expansion,0,0,0,4.28,341.74,49,6
2025-06-19,geopolitical ceasefire prompts a broad market recovery,Business Standard,Trade Tariffs Announcement,S&P/TSX Composite,3.78,309.67,positive,Finance,Medium,Tata Motors,https://www.wsj.com/japan/economic-data-release,geopolitical ceasefire prompts a broad market recovery,1,0,1,3.78,309.67,54,7
2025-02-19,gold prices surge as investors flee riskier assets,MarketWatch,Commodity Price Shock,Dow Jones,4.22,309.02,positive,Utilities,High,Microsoft,https://www.wsj.com/china/market-rally,gold prices surge as investors flee riskier assets,1,0,1,4.22,309.02,50,8
2025-04-01,bond yields tumble as investors seek safe havens,Bloomberg,Trade Tariffs Announcement,Russell 2000,-3.58,154.84,negative,Telecommunications,Medium,Tesla,https://www.ft.com/content/consumer-confidence-report,bond yields tumble as investors seek safe havens,0,1,-1,-3.58,154.84,48,8
2025-08-02,financial sector bracing for new capital requirements,Barron's,Economic Data Release,TSX,3.1,431.51,positive,Telecommunications,Medium,Samsung Electronics,https://www.bloomberg.com/asia/policy/central-bank-meeting,financial sector bracing for new capital requirements,0,0,0,3.1,431.51,53,7
2025-05-05,dow jones plunges as market fears recession,Seeking Alpha,Government Policy Announcement,DAX,3.63,315.79,negative,Aerospace & Defense,Medium,Apple Inc.,https://www.business-standard.com/economy/trade-disputes-impact,dow jones plunges as market fears recession,0,2,-2,3.63,315.79,43,7
2025-02-10,utilities sector remains stable during market fluctuations,MarketWatch,Unemployment Rate Announcement,S&P 500,3.73,486.34,negative,Agriculture,Low,Tata Motors,https://www.wsj.com/japan/economic-data-release,utilities sector remains stable during market fluctuations,0,0,0,3.73,486.34,58,7
2025-05-01,major oil spill sends energy stocks plummeting,The Hindu Business Line,Trade Tariffs Announcement,Shanghai Composite,-1.42,147.03,positive,Agriculture,High,Apple Inc.,https://www.bloomberg.com/middle-east/news/bond-market-fluctuation,major oil spill sends energy stocks plummeting,0,0,0,-1.42,147.03,46,7
2025-05-20,bond yields tumble as investors seek safe havens,MarketWatch,Interest Rate Change,ASX 200,0.95,468.22,negative,Aerospace & Defense,Medium,Boeing,https://www.cnbc.com/2025/11/major-merger-deal-approved,bond yields tumble as investors seek safe havens,0,1,-1,0.95,468.22,48,8
2025-06-08,government subsidy program gives a lift to the agriculture sector,Barron's,Currency Devaluation,DAX,4.36,78.48,negative,Finance,Medium,Apple Inc.,https://www.wsj.com/japan/economic-data-release,government subsidy program gives a lift to the agriculture sector,0,0,0,4.36,78.48,65,10
2025-08-03,geopolitical ceasefire prompts a broad market recovery,The Hindu Business Line,Geopolitical Event,S&P/TSX Composite,-2.92,445.03,positive,Media & Entertainment,Low,JP Morgan Chase,https://www.marketwatch.com/story/consumer-goods-report,geopolitical ceasefire prompts a broad market recovery,1,0,1,-2.92,445.03,54,7
2025-06-06,banking stocks dip after a major scandal is revealed,Wall Street Journal,Inflation Data Release,FTSE 100,-2.43,417.9,negative,Consumer Goods,Low,Samsung Electronics,https://economictimes.indiatimes.com/news/transportation,banking stocks dip after a major scandal is revealed,0,2,-2,-2.43,417.9,52,9
2025-02-23,market sentiment turns positive on vaccine trial results,Reuters,Currency Devaluation,DAX,2.2,233.8,negative,Automotive,High,Samsung Electronics,,market sentiment turns positive on vaccine trial results,1,0,1,2.2,233.8,56,8
2025-07-06,consumer confidence index reaches a decade high,Yahoo Finance,Central Bank Meeting,FTSE 100,0.38,335.2,positive,Transportation,High,Goldman Sachs,https://www.ft.com/content/tech-sector-innovation,consumer confidence index reaches a decade high,1,0,1,0.38,335.2,47,7
2025-05-16,new housing data release shows a slowdown in market activity,MarketWatch,Cryptocurrency Regulation,S&P/TSX Composite,-1.23,396.52,positive,Construction,Low,Goldman Sachs,https://www.ft.com/content/geopolitical-summit,new housing data release shows a slowdown in market activity,0,1,-1,-1.23,396.52,60,10
2025-08-02,a massive data breach sends a tech company s stock tumbling,Forbes,Commodity Price Shock,Nikkei 225,1.02,408.58,positive,Real Estate,Low,Microsoft,https://www.business-standard.com/economy/economic-stimulus,a massive data breach sends a tech company s stock tumbling,0,1,-1,1.02,408.58,59,11
2025-05-19,government spending bill is expected to stimulate the economy,Yahoo Finance,Commodity Price Shock,NSE Nifty,-0.18,341.36,positive,Automotive,Low,Tesla,https://www.investopedia.com/articles/government-policy-announcement,government spending bill is expected to stimulate the economy,0,0,0,-0.18,341.36,61,9
2025-05-09,central bank governor signals potential shift in policy,Economic Times,Commodity Price Shock,ASX 200,-0.08,240.18,positive,Automotive,Low,Apple Inc.,https://www.ft.com/content/currency-devaluation,central bank governor signals potential shift in policy,0,0,0,-0.08,240.18,55,8
2025-07-06,unexpected rise in unemployment fuels market pessimism,Seeking Alpha,Regulatory Changes,IBOVESPA,-2.0,413.19,negative,Materials,Medium,Microsoft,https://www.theeconomist.com/finance-and-economics/trade-tariffs,unexpected rise in unemployment fuels market pessimism,1,0,1,-2.0,413.19,54,7
2025-02-07,consumer confidence index reaches a decade high,Investopedia,IPO Launch,KOSPI,-2.95,326.91,positive,Transportation,Low,ExxonMobil,https://www.investopedia.com/articles/government-policy-announcement,consumer confidence index reaches a decade high,1,0,1,-2.95,326.91,47,7
2025-06-05,quarterly report shows surprising losses for retail giants,The Motley Fool,Trade Tariffs Announcement,FTSE 100,2.18,45.89,negative,Real Estate,High,JP Morgan Chase,https://www.business-standard.com/international-business/trade-policy,quarterly report shows surprising losses for retail giants,0,1,-1,2.18,45.89,58,8
2025-04-13,semiconductor shortages weigh heavily on tech sector profits,Wall Street Journal,Central Bank Meeting,S&P 500,-4.85,208.71,negative,Telecommunications,High,Samsung Electronics,https://www.business-standard.com/economy/trade-disputes-impact,semiconductor shortages weigh heavily on tech sector profits,1,0,1,-4.85,208.71,60,8
2025-02-25,energy company s dividend hike excites shareholders,The Economist,Government Policy Announcement,Hang Seng,1.53,333.5,negative,Transportation,Medium,Tesla,https://www.moneycontrol.com/us-markets/nasdaq-composite,energy company s dividend hike excites shareholders,0,0,0,1.53,333.5,51,7
2025-03-14,unexpected rise in unemployment fuels market pessimism,Yahoo Finance,Cryptocurrency Regulation,S&P/TSX Composite,1.78,182.32,positive,Construction,Low,Apple Inc.,https://www.reuters.com/markets/stocks/tech-rally,unexpected rise in unemployment fuels market pessimism,1,0,1,1.78,182.32,54,7
2025-06-28,manufacturing pmi data signals economic expansion,The Motley Fool,Stock Market Crash,Russell 2000,-1.94,379.46,negative,Real Estate,Medium,Microsoft,https://www.ft.com/content/geopolitical-summit,manufacturing pmi data signals economic expansion,0,0,0,-1.94,379.46,49,6
2025-04-27,financial sector bracing for new capital requirements,Times of India,Trade Tariffs Announcement,CAC 40,3.66,425.01,positive,Consumer Goods,Medium,Apple Inc.,https://www.marketwatch.com/story/commodities-price-shock,financial sector bracing for new capital requirements,0,0,0,3.66,425.01,53,7
2025-04-23,crude oil prices drop to a multi-year low,The Economist,Commodity Price Shock,FTSE 100,-2.83,258.36,negative,Pharmaceuticals,Medium,Goldman Sachs,,crude oil prices drop to a multi-year low,0,1,-1,-2.83,258.36,41,8
2025-04-12,banking stocks dip after a major scandal is revealed,CNBC,Commodity Price Shock,Hang Seng,-0.44,318.12,positive,Transportation,Medium,Boeing,https://www.cnbc.com/2025/08/russia-ukraine-war-economic-impact,banking stocks dip after a major scandal is revealed,0,2,-2,-0.44,318.12,52,9
2025-05-04,quarterly report shows surprising losses for retail giants,Reuters,Bond Market Fluctuation,S&P 500,-0.56,384.68,negative,Industrials,High,JP Morgan Chase,https://www.marketwatch.com/story/commodities-price-shock,quarterly report shows surprising losses for retail giants,0,1,-1,-0.56,384.68,58,8
2025-04-28,tech giant s new product launch sparks sector-wide gains,Times of India,Inflation Data Release,ASX 200,-2.87,69.18,positive,Telecommunications,Low,Apple Inc.,https://www.wsj.com/europe/dax-performance,tech giant s new product launch sparks sector-wide gains,1,0,1,-2.87,69.18,56,9
2025-04-14,financial services stocks rally on strong profit margins,Wall Street Journal,Cryptocurrency Regulation,Hang Seng,-0.24,51.45,positive,Retail,High,Apple Inc.,https://www.moneycontrol.com/us-markets/nasdaq-composite,financial services stocks rally on strong profit margins,3,0,3,-0.24,51.45,56,8
2025-06-12,new ipo for a popular software firm is oversubscribed,CNBC,Regulatory Changes,Nasdaq Composite,1.42,385.31,positive,Utilities,High,Samsung Electronics,https://www.cnbc.com/2025/11/major-merger-deal-approved,new ipo for a popular software firm is oversubscribed,0,0,0,1.42,385.31,53,9
2025-03-08,banking stocks dip after a major scandal is revealed,Barron's,Currency Devaluation,BSE Sensex,-3.72,483.29,negative,Consumer Goods,Low,Tata Motors,https://timesofindia.indiatimes.com/business/markets/stock-market-crash,banking stocks dip after a major scandal is revealed,0,2,-2,-3.72,483.29,52,9
2025-07-22,real estate sector shows signs of overheating as interest rates fall,Forbes,Market Rally,CAC 40,,113.36,negative,Real Estate,Low,Tesla,https://www.reuters.com/markets/indices/nikkei-225,real estate sector shows signs of overheating as interest rates fall,0,1,-1,,113.36,68,11
2025-06-21,geopolitical ceasefire prompts a broad market recovery,Business Standard,Economic Data Release,Shanghai Composite,1.58,174.69,negative,Finance,Medium,Samsung Electronics,https://economictimes.indiatimes.com/news/transportation,geopolitical ceasefire prompts a broad market recovery,1,0,1,1.58,174.69,54,7
2025-05-16,government subsidy program gives a lift to the agriculture sector,Business Standard,Inflation Data Release,Nasdaq Composite,4.84,83.48,negative,Real Estate,High,Reliance Industries,https://www.business-standard.com/international-business/trade-policy,government subsidy program gives a lift to the agriculture sector,0,0,0,4.84,83.48,65,10
2025-04-14,semiconductor shortages weigh heavily on tech sector profits,Reuters,Currency Devaluation,Russell 2000,-3.78,349.18,negative,Consumer Goods,High,Apple Inc.,https://timesofindia.indiatimes.com/business/markets/stock-market-crash,semiconductor shortages weigh heavily on tech sector profits,1,0,1,-3.78,349.18,60,8
2025-02-09,federal reserve chairman s speech causes market volatility,Yahoo Finance,Commodity Price Shock,Euro Stoxx 50,-3.57,445.49,positive,Media & Entertainment,Medium,Goldman Sachs,https://www.reuters.com/markets/indices/ftse-100,federal reserve chairman s speech causes market volatility,0,0,0,-3.57,445.49,58,8
2025-06-06,media and entertainment companies report a surge in streaming revenue,Mint,Currency Devaluation,FTSE 100,2.48,359.41,positive,Media & Entertainment,Low,Samsung Electronics,https://timesofindia.indiatimes.com/business/finance/banking-sector-news,media and entertainment companies report a surge in streaming revenue,1,0,1,2.48,359.41,69,10
2025-05-26,consumer confidence index reaches a decade high,The Motley Fool,Corporate Earnings Report,S&P 500,2.1,387.49,positive,Real Estate,High,Tesla,https://economictimes.indiatimes.com/stocks/bse-sensex-plunges,consumer confidence index reaches a decade high,1,0,1,2.1,387.49,47,7
2025-06-26,quarterly report shows surprising losses for retail giants,Yahoo Finance,Stock Market Crash,ASX 200,2.29,287.88,positive,Energy,Medium,Goldman Sachs,https://www.cnbc.com/2025/12/healthcare-sector-outlook,quarterly report shows surprising losses for retail giants,0,1,-1,2.29,287.88,58,8
2025-07-31,government spending bill is expected to stimulate the economy,The Hindu Business Line,IPO Launch,FTSE 100,-1.59,84.79,positive,Healthcare,High,Apple Inc.,https://www.forbes.com/crypto/cryptocurrency-regulation,government spending bill is expected to stimulate the economy,0,0,0,-1.59,84.79,61,9
2025-03-02,financial sector bracing for new capital requirements,Mint,Consumer Confidence Report,Shanghai Composite,-2.17,496.78,positive,Materials,High,Goldman Sachs,https://www.reuters.com/markets/stocks/tech-rally,financial sector bracing for new capital requirements,0,0,0,-2.17,496.78,53,7
2025-07-06,consumer confidence index reaches a decade high,Yahoo Finance,Central Bank Meeting,FTSE 100,0.38,335.2,positive,Transportation,High,Goldman Sachs,https://www.ft.com/content/tech-sector-innovation,consumer confidence index reaches a decade high,1,0,1,0.38,335.2,47,7
2025-05-19,government policy shift boosts renewable energy sector,Seeking Alpha,Consumer Confidence Report,TSX,2.15,13.76,negative,Construction,Medium,JP Morgan Chase,https://www.ft.com/content/tech-sector-innovation,government policy shift boosts renewable energy sector,1,0,1,2.15,13.76,54,7
2025-08-12,utilities sector remains stable during market fluctuations,MarketWatch,Regulatory Changes,Russell 2000,0.49,24.27,positive,Energy,Low,ExxonMobil,https://www.moneycontrol.com/us-markets/sp-500,utilities sector remains stable during market fluctuations,0,0,0,0.49,24.27,58,7
2025-04-25,merger talks between two banks fall through,Business Standard,Major Merger/Acquisition,CAC 40,-3.97,313.28,negative,Transportation,Low,Boeing,https://www.moneycontrol.com/india/ipo-news/new-firm-launches,merger talks between two banks fall through,0,1,-1,-3.97,313.28,43,7
2025-07-23,aerospace and defense sector sees rally amid geopolitical tensions,Forbes,Market Rally,NSE Nifty,-4.34,151.89,negative,Energy,High,ExxonMobil,https://www.cnbc.com/2025/10/real-estate-market-analysis,aerospace and defense sector sees rally amid geopolitical tensions,1,0,1,-4.34,151.89,66,9
2025-08-06,unexpected rise in unemployment fuels market pessimism,The Economist,Commodity Price Shock,Nikkei 225,1.42,176.99,positive,Real Estate,Medium,Reliance Industries,https://www.moneycontrol.com/us-markets/dow-jones-industrial,unexpected rise in unemployment fuels market pessimism,1,0,1,1.42,176.99,54,7
2025-04-03,china s shanghai composite falls after new trade restrictions,MarketWatch,Market Rally,BSE Sensex,-4.14,448.04,positive,Aerospace & Defense,High,Goldman Sachs,https://www.reuters.com/markets/indices/nikkei-225,china s shanghai composite falls after new trade restrictions,0,1,-1,-4.14,448.04,61,9
2025-07-11,major technology firm acquires a smaller rival in a multi-billion dollar deal,Bloomberg,Consumer Confidence Report,NSE Nifty,4.93,494.88,negative,Energy,Medium,Reliance Industries,https://www.moneycontrol.com/india/ipo-news/new-firm-launches,major technology firm acquires a smaller rival in a multi-billion dollar deal,0,0,0,4.93,494.88,77,12
2025-08-13,unexpected rise in unemployment fuels market pessimism,Bloomberg,IPO Launch,S&P/TSX Composite,-3.55,215.25,negative,Finance,Low,Reliance Industries,https://economictimes.indiatimes.com/news/transportation,unexpected rise in unemployment fuels market pessimism,1,0,1,-3.55,215.25,54,7
2025-08-13,financial services stocks rally on strong profit margins,Reuters,Market Rally,ASX 200,-3.59,398.17,negative,Construction,High,ExxonMobil,https://www.reuters.com/markets/stocks/tech-rally,financial services stocks rally on strong profit margins,3,0,3,-3.59,398.17,56,8
2025-06-21,e-commerce earnings report beats all analyst expectations,Financial Times,Currency Devaluation,BSE Sensex,3.27,190.83,positive,Retail,High,Samsung Electronics,https://www.wsj.com/japan/economic-data-release,e-commerce earnings report beats all analyst expectations,1,0,1,3.27,190.83,57,7
2025-02-05,uk s ftse 100 sees a boost from favorable trade data,Times of India,Bond Market Fluctuation,S&P/TSX Composite,3.55,246.84,negative,Finance,Medium,Tata Motors,https://www.bloomberg.com/canada/tsunami-warnings,uk s ftse 100 sees a boost from favorable trade data,2,0,2,3.55,246.84,52,11
2025-05-28,unexpected rise in unemployment fuels market pessimism,Bloomberg,Government Policy Announcement,Russell 2000,0.41,443.86,positive,Automotive,High,Apple Inc.,https://www.wsj.com/china/market-rally,unexpected rise in unemployment fuels market pessimism,1,0,1,0.41,443.86,54,7
2025-03-01,asx 200 gains on strong export performance,Financial Times,Bond Market Fluctuation,CAC 40,2.63,90.87,positive,Telecommunications,Medium,Tata Motors,https://www.business-standard.com/international-business/trade-policy,asx 200 gains on strong export performance,2,0,2,2.63,90.87,42,7
2025-03-12,healthcare stocks gain on robust demand and strong outlook,Wall Street Journal,Interest Rate Change,S&P/TSX Composite,2.05,352.73,negative,Pharmaceuticals,High,Goldman Sachs,https://www.moneycontrol.com/us-markets/nasdaq-composite,healthcare stocks gain on robust demand and strong outlook,2,0,2,2.05,352.73,58,9
2025-07-03,unexpected rise in unemployment fuels market pessimism,CNBC,Major Merger/Acquisition,IBOVESPA,,100.84,negative,Aerospace & Defense,Medium,ExxonMobil,https://www.marketwatch.com/story/commodities-price-shock,unexpected rise in unemployment fuels market pessimism,1,0,1,,100.84,54,7
2025-08-09,semiconductor shortages weigh heavily on tech sector profits,Economic Times,Stock Market Crash,IBOVESPA,3.31,290.87,negative,Healthcare,High,Microsoft,https://www.ft.com/content/media-entertainment-merger,semiconductor shortages weigh heavily on tech sector profits,1,0,1,3.31,290.87,60,8
2025-02-08,record-high inflation data rattles investors,Wall Street Journal,IPO Launch,Shanghai Composite,-3.8,61.67,positive,Industrials,Medium,Samsung Electronics,https://www.business-standard.com/economy/inflation-data,record-high inflation data rattles investors,1,0,1,-3.8,61.67,44,5
2025-04-17,automotive industry faces headwinds from rising material costs,Barron's,Currency Devaluation,Russell 2000,-4.68,149.6,positive,Pharmaceuticals,High,Tata Motors,https://www.reuters.com/business/energy/oil-market-update,automotive industry faces headwinds from rising material costs,0,1,-1,-4.68,149.6,62,8
2025-07-30,pharmaceutical company s drug approval drives stock upward,Seeking Alpha,Major Merger/Acquisition,NSE Nifty,2.33,159.38,positive,Materials,High,Samsung Electronics,https://timesofindia.indiatimes.com/business/corporate-governance,pharmaceutical company s drug approval drives stock upward,1,0,1,2.33,159.38,58,8
2025-07-22,china s shanghai composite falls after new trade restrictions,Business Standard,Supply Chain Disruption,Shanghai Composite,-4.13,194.81,positive,Transportation,Medium,ExxonMobil,https://www.investopedia.com/articles/government-policy-announcement,china s shanghai composite falls after new trade restrictions,0,1,-1,-4.13,194.81,61,9
2025-04-11,asx 200 gains on strong export performance,Wall Street Journal,Inflation Data Release,S&P/TSX Composite,,49.83,positive,Telecommunications,Low,Reliance Industries,https://www.moneycontrol.com/us-markets/dow-jones-industrial,asx 200 gains on strong export performance,2,0,2,,49.83,42,7
2025-06-28,tech giant s new product launch sparks sector-wide gains,Economic Times,Unemployment Rate Announcement,FTSE 100,-2.62,416.49,positive,Industrials,High,Apple Inc.,https://www.reuters.com/business/retail-sector-earnings,tech giant s new product launch sparks sector-wide gains,1,0,1,-2.62,416.49,56,9
2025-03-19,central bank s dovish tone hints at future rate cuts,Bloomberg,Cryptocurrency Regulation,Russell 2000,-1.16,354.83,positive,Retail,Medium,JP Morgan Chase,https://www.cnbc.com/2025/09/automotive-industry-trends,central bank s dovish tone hints at future rate cuts,0,0,0,-1.16,354.83,52,10
2025-08-10,e-commerce earnings report beats all analyst expectations,The Economist,Central Bank Meeting,NSE Nifty,-3.14,292.36,positive,Retail,Low,Samsung Electronics,https://www.bloomberg.com/australia/asx-200-performance,e-commerce earnings report beats all analyst expectations,1,0,1,-3.14,292.36,57,7
2025-04-28,central bank governor signals potential shift in policy,The Economist,Central Bank Meeting,Russell 2000,-1.41,109.02,negative,Media & Entertainment,Medium,Microsoft,https://economictimes.indiatimes.com/stocks/bse-sensex-plunges,central bank governor signals potential shift in policy,0,0,0,-1.41,109.02,55,8
2025-06-12,"global trade talks collapse, causing market turmoil",Mint,Major Merger/Acquisition,Shanghai Composite,-4.37,266.44,positive,Technology,Medium,ExxonMobil,https://www.forbes.com/finance/geopolitical-event-impact,global trade talks collapse causing market turmoil,0,1,-1,-4.37,266.44,50,7
2025-03-11,crude oil prices drop to a multi-year low,Financial Times,Unemployment Rate Announcement,S&P/TSX Composite,3.22,23.95,negative,Agriculture,Low,Apple Inc.,https://economictimes.indiatimes.com/stocks/bse-sensex-plunges,crude oil prices drop to a multi-year low,0,1,-1,3.22,23.95,41,8
2025-07-11,retail sales report surpasses all forecasts,The Economist,Regulatory Changes,Dow Jones,-2.32,144.84,negative,Aerospace & Defense,High,Apple Inc.,,retail sales report surpasses all forecasts,0,0,0,-2.32,144.84,43,6
2025-06-17,mining company stock surges on commodity price boom,Business Standard,Cryptocurrency Regulation,Nikkei 225,-3.56,495.79,negative,Consumer Goods,Medium,ExxonMobil,https://www.reuters.com/business/retail-sector-earnings,mining company stock surges on commodity price boom,1,0,1,-3.56,495.79,51,8
2025-05-12,banking stocks dip after a major scandal is revealed,MarketWatch,Currency Devaluation,Shanghai Composite,3.89,208.79,negative,Aerospace & Defense,Medium,Tesla,https://www.reuters.com/markets/indices/ftse-100,banking stocks dip after a major scandal is revealed,0,2,-2,3.89,208.79,52,9
2025-05-24,major technology firm acquires a smaller rival in a multi-billion dollar deal,Wall Street Journal,Consumer Confidence Report,Hang Seng,1.25,99.72,negative,Telecommunications,Medium,Reliance Industries,https://www.bloomberg.com/canada/tsunami-warnings,major technology firm acquires a smaller rival in a multi-billion dollar deal,0,0,0,1.25,99.72,77,12
2025-06-01,federal reserve chairman s speech causes market volatility,Economic Times,Supply Chain Disruption,ASX 200,-0.66,426.34,negative,Media & Entertainment,Low,Tesla,https://www.wsj.com/europe/dax-performance,federal reserve chairman s speech causes market volatility,0,0,0,-0.66,426.34,58,8
2025-06-24,government policy shift boosts renewable energy sector,CNBC,Commodity Price Shock,Nikkei 225,,463.05,negative,Real Estate,Low,Goldman Sachs,https://www.theeconomist.com/world/government-policy-announcement,government policy shift boosts renewable energy sector,1,0,1,,463.05,54,7
2025-03-30,uk s ftse 100 sees a boost from favorable trade data,The Hindu Business Line,Geopolitical Event,Russell 2000,0.68,140.71,negative,Transportation,Medium,Goldman Sachs,https://www.business-standard.com/economy/trade-disputes-impact,uk s ftse 100 sees a boost from favorable trade data,2,0,2,0.68,140.71,52,11
2025-03-21,geopolitical ceasefire prompts a broad market recovery,Mint,IPO Launch,Nikkei 225,-1.56,170.85,positive,Healthcare,High,Tata Motors,https://www.reuters.com/markets/indices/nikkei-225,geopolitical ceasefire prompts a broad market recovery,1,0,1,-1.56,170.85,54,7
2025-05-12,pharmaceutical company s drug approval drives stock upward,The Motley Fool,Bond Market Fluctuation,Russell 2000,-1.61,499.83,positive,Agriculture,Low,Boeing,,pharmaceutical company s drug approval drives stock upward,1,0,1,-1.61,499.83,58,8
2025-06-08,market braces for a major policy announcement from the eu,The Motley Fool,Central Bank Meeting,Hang Seng,-0.49,361.02,positive,Real Estate,High,Samsung Electronics,https://timesofindia.indiatimes.com/business/finance/banking-sector-news,market braces for a major policy announcement from the eu,0,0,0,-0.49,361.02,57,10
2025-03-09,record-high inflation data rattles investors,MarketWatch,Central Bank Meeting,Russell 2000,1.5,43.94,positive,Industrials,Low,Boeing,https://www.marketwatch.com/story/consumer-goods-report,record-high inflation data rattles investors,1,0,1,1.5,43.94,44,5
2025-07-31,government spending bill is expected to stimulate the economy,The Hindu Business Line,IPO Launch,FTSE 100,-1.59,84.79,positive,Healthcare,High,Apple Inc.,https://www.forbes.com/crypto/cryptocurrency-regulation,government spending bill is expected to stimulate the economy,0,0,0,-1.59,84.79,61,9
2025-07-22,tech giant s new product launch sparks sector-wide gains,Yahoo Finance,Stock Market Crash,Nikkei 225,-2.42,233.65,positive,Materials,High,Reliance Industries,https://timesofindia.indiatimes.com/business/markets/stock-market-crash,tech giant s new product launch sparks sector-wide gains,1,0,1,-2.42,233.65,56,9
2025-02-21,new ipo for a popular software firm is oversubscribed,Barron's,Bond Market Fluctuation,S&P 500,3.74,31.35,negative,Media & Entertainment,Low,Tata Motors,https://www.investopedia.com/articles/supply-chain-disruption,new ipo for a popular software firm is oversubscribed,0,0,0,3.74,31.35,53,9
2025-05-17,china s shanghai composite falls after new trade restrictions,Financial Times,Major Merger/Acquisition,Nasdaq Composite,1.96,96.3,negative,Agriculture,High,Goldman Sachs,https://www.business-standard.com/international-business/trade-policy,china s shanghai composite falls after new trade restrictions,0,1,-1,1.96,96.3,61,9
2025-04-10,retail sales report surpasses all forecasts,Business Standard,Inflation Data Release,Nasdaq Composite,2.17,152.21,negative,Transportation,Low,Goldman Sachs,https://www.bloomberg.com/middle-east/news/bond-market-fluctuation,retail sales report surpasses all forecasts,0,0,0,2.17,152.21,43,6
2025-04-30,market sentiment turns positive on vaccine trial results,MarketWatch,Geopolitical Event,BSE Sensex,-0.7,75.6,positive,Retail,Medium,Reliance Industries,https://www.wsj.com/china/market-regulation,market sentiment turns positive on vaccine trial results,1,0,1,-0.7,75.6,56,8
2025-05-30,media and entertainment companies report a surge in streaming revenue,The Motley Fool,Interest Rate Change,Nasdaq Composite,-4.3,199.42,negative,Agriculture,High,JP Morgan Chase,https://www.cnbc.com/2025/09/automotive-industry-trends,media and entertainment companies report a surge in streaming revenue,1,0,1,-4.3,199.42,69,10
2025-08-01,asx 200 gains on strong export performance,Financial Times,Trade Tariffs Announcement,NSE Nifty,4.82,106.01,negative,Utilities,Low,Tesla,https://economictimes.indiatimes.com/news/transportation,asx 200 gains on strong export performance,2,0,2,4.82,106.01,42,7
2025-07-21,massive stock buyback program announced by a consumer goods company,The Economist,Commodity Price Shock,NSE Nifty,-2.29,100.11,positive,Consumer Goods,Low,Samsung Electronics,https://www.cnbc.com/2025/09/automotive-industry-trends,massive stock buyback program announced by a consumer goods company,0,0,0,-2.29,100.11,67,10
2025-05-03,market braces for a major policy announcement from the eu,CNBC,Government Policy Announcement,S&P 500,-4.67,365.72,negative,Real Estate,Medium,Apple Inc.,https://www.cnbc.com/2025/10/real-estate-market-analysis,market braces for a major policy announcement from the eu,0,0,0,-4.67,365.72,57,10
2025-07-04,asx 200 gains on strong export performance,Times of India,Market Rally,ASX 200,2.95,433.44,positive,Media & Entertainment,Low,Tesla,https://www.ft.com/content/tech-sector-innovation,asx 200 gains on strong export performance,2,0,2,2.95,433.44,42,7
2025-07-04,mining company stock surges on commodity price boom,Financial Times,Central Bank Meeting,DAX,3.47,136.35,positive,Agriculture,Medium,Tata Motors,https://www.investopedia.com/articles/government-policy-announcement,mining company stock surges on commodity price boom,1,0,1,3.47,136.35,51,8
2025-06-21,consumer confidence index reaches a decade high,Business Standard,Economic Data Release,Dow Jones,0.09,414.09,negative,Materials,Medium,Apple Inc.,https://www.cnbc.com/2025/09/automotive-industry-trends,consumer confidence index reaches a decade high,1,0,1,0.09,414.09,47,7
2025-05-16,new housing data release shows a slowdown in market activity,CNBC,Supply Chain Disruption,ASX 200,-1.32,271.52,positive,Telecommunications,Low,Microsoft,https://www.cnbc.com/2025/11/major-merger-deal-approved,new housing data release shows a slowdown in market activity,0,1,-1,-1.32,271.52,60,10
2025-07-19,retail sales report surpasses all forecasts,Barron's,IPO Launch,Dow Jones,-1.6,195.39,negative,Transportation,Low,Samsung Electronics,https://www.bloomberg.com/australia/asx-200-performance,retail sales report surpasses all forecasts,0,0,0,-1.6,195.39,43,6
2025-07-17,geopolitical ceasefire prompts a broad market recovery,Forbes,Bond Market Fluctuation,CAC 40,-1.06,172.24,negative,Industrials,High,Tesla,https://www.cnbc.com/2025/08/russia-ukraine-war-economic-impact,geopolitical ceasefire prompts a broad market recovery,1,0,1,-1.06,172.24,54,7
2025-05-18,uk s ftse 100 sees a boost from favorable trade data,Barron's,Stock Market Crash,KOSPI,2.84,194.75,negative,Pharmaceuticals,Medium,Goldman Sachs,https://www.forbes.com/finance/geopolitical-event-impact,uk s ftse 100 sees a boost from favorable trade data,2,0,2,2.84,194.75,52,11
2025-02-28,record-high inflation data rattles investors,Reuters,IPO Launch,Nasdaq Composite,-3.29,421.72,negative,Telecommunications,Low,JP Morgan Chase,https://www.theeconomist.com/finance-and-economics/trade-tariffs,record-high inflation data rattles investors,1,0,1,-3.29,421.72,44,5
2025-07-24,major technology firm acquires a smaller rival in a multi-billion dollar deal,CNBC,Commodity Price Shock,Russell 2000,-3.22,161.85,negative,Telecommunications,High,Tesla,https://www.wsj.com/japan/economic-data-release,major technology firm acquires a smaller rival in a multi-billion dollar deal,0,0,0,-3.22,161.85,77,12
2025-03-31,automotive industry faces headwinds from rising material costs,The Hindu Business Line,Bond Market Fluctuation,S&P 500,4.2,334.44,positive,Agriculture,High,Reliance Industries,https://www.business-standard.com/economy/inflation-data,automotive industry faces headwinds from rising material costs,0,1,-1,4.2,334.44,62,8
2025-02-13,pharmaceutical company s drug approval drives stock upward,Business Standard,Currency Devaluation,Nasdaq Composite,4.96,2.5,positive,Transportation,Medium,Boeing,https://www.ft.com/content/currency-devaluation,pharmaceutical company s drug approval drives stock upward,1,0,1,4.96,2.5,58,8
2025-07-18,bond yields tumble as investors seek safe havens,The Motley Fool,Geopolitical Event,Nasdaq Composite,-1.81,312.4,positive,Consumer Goods,High,JP Morgan Chase,https://www.reuters.com/business/retail-sector-earnings,bond yields tumble as investors seek safe havens,0,1,-1,-1.81,312.4,48,8
2025-04-02,major technology firm acquires a smaller rival in a multi-billion dollar deal,Barron's,Inflation Data Release,Shanghai Composite,4.41,448.6,positive,Aerospace & Defense,High,Samsung Electronics,https://www.bloomberg.com/australia/asx-200-performance,major technology firm acquires a smaller rival in a multi-billion dollar deal,0,0,0,4.41,448.6,77,12
2025-03-17,retail sales report surpasses all forecasts,Times of India,Inflation Data Release,IBOVESPA,-4.02,273.11,positive,Media & Entertainment,Medium,Goldman Sachs,https://www.wsj.com/china/market-rally,retail sales report surpasses all forecasts,0,0,0,-4.02,273.11,43,6
2025-04-25,central bank s dovish tone hints at future rate cuts,Financial Times,Corporate Earnings Report,Nikkei 225,1.13,191.56,positive,Automotive,High,ExxonMobil,https://economictimes.indiatimes.com/news/transportation,central bank s dovish tone hints at future rate cuts,0,0,0,1.13,191.56,52,10
2025-04-06,government spending bill is expected to stimulate the economy,Financial Times,Inflation Data Release,FTSE 100,-2.77,264.55,positive,Telecommunications,Low,Microsoft,https://www.ft.com/content/geopolitical-summit,government spending bill is expected to stimulate the economy,0,0,0,-2.77,264.55,61,9
2025-02-22,federal reserve chairman s speech causes market volatility,Investopedia,Interest Rate Change,Russell 2000,-3.52,168.69,positive,Retail,Medium,Boeing,https://www.investopedia.com/articles/supply-chain-disruption,federal reserve chairman s speech causes market volatility,0,0,0,-3.52,168.69,58,8
2025-06-02,"global trade talks collapse, causing market turmoil",Yahoo Finance,Regulatory Changes,BSE Sensex,3.03,396.16,negative,Real Estate,High,Goldman Sachs,https://timesofindia.indiatimes.com/business/corporate-governance,global trade talks collapse causing market turmoil,0,1,-1,3.03,396.16,50,7
2025-03-14,new regulations on cryptocurrencies cause a market dip,Barron's,Major Merger/Acquisition,NSE Nifty,3.3,484.19,negative,Materials,Low,Tata Motors,https://www.reuters.com/business/energy/oil-market-update,new regulations on cryptocurrencies cause a market dip,0,1,-1,3.3,484.19,54,8
2025-08-01,tech giant s new product launch sparks sector-wide gains,Times of India,Cryptocurrency Regulation,Dow Jones,-2.88,241.25,negative,Construction,Low,Goldman Sachs,https://www.business-standard.com/economy/economic-stimulus,tech giant s new product launch sparks sector-wide gains,1,0,1,-2.88,241.25,56,9
2025-02-04,government subsidy program gives a lift to the agriculture sector,The Hindu Business Line,Currency Devaluation,Shanghai Composite,0.01,363.64,negative,Agriculture,Low,Boeing,https://www.moneycontrol.com/us-markets/nasdaq-composite,government subsidy program gives a lift to the agriculture sector,0,0,0,0.01,363.64,65,10
2025-07-20,new regulations on cryptocurrencies cause a market dip,Bloomberg,Government Policy Announcement,S&P 500,0.75,461.51,negative,Real Estate,Low,JP Morgan Chase,https://www.ft.com/content/currency-devaluation,new regulations on cryptocurrencies cause a market dip,0,1,-1,0.75,461.51,54,8
2025-06-05,market sentiment turns positive on vaccine trial results,Bloomberg,Stock Market Crash,FTSE 100,-0.99,331.54,negative,Materials,High,Goldman Sachs,https://www.forbes.com/crypto/cryptocurrency-regulation,market sentiment turns positive on vaccine trial results,1,0,1,-0.99,331.54,56,8
2025-07-17,major oil spill sends energy stocks plummeting,Financial Times,Trade Tariffs Announcement,TSX,1.63,396.65,negative,Consumer Goods,Medium,JP Morgan Chase,https://www.moneycontrol.com/us-markets/sp-500,major oil spill sends energy stocks plummeting,0,0,0,1.63,396.65,46,7
2025-08-05,energy company s dividend hike excites shareholders,Forbes,Bond Market Fluctuation,CAC 40,-2.89,92.67,negative,Pharmaceuticals,Low,Reliance Industries,,energy company s dividend hike excites shareholders,0,0,0,-2.89,92.67,51,7
2025-04-28,pharmaceutical company s drug approval drives stock upward,Barron's,Commodity Price Shock,Russell 2000,-4.99,321.23,positive,Technology,Low,Microsoft,https://www.business-standard.com/economy/economic-stimulus,pharmaceutical company s drug approval drives stock upward,1,0,1,-4.99,321.23,58,8
2025-04-22,quarterly report shows surprising losses for retail giants,The Hindu Business Line,Inflation Data Release,DAX,2.62,383.81,positive,Consumer Goods,High,Samsung Electronics,https://www.reuters.com/business/retail-sector-earnings,quarterly report shows surprising losses for retail giants,0,1,-1,2.62,383.81,58,8
2025-07-04,a massive data breach sends a tech company s stock tumbling,Bloomberg,Government Policy Announcement,S&P 500,4.39,258.05,positive,Aerospace & Defense,Low,Tata Motors,https://www.wsj.com/europe/dax-performance,a massive data breach sends a tech company s stock tumbling,0,1,-1,4.39,258.05,59,11
2025-04-27,financial sector bracing for new capital requirements,Times of India,Trade Tariffs Announcement,CAC 40,3.66,425.01,positive,Consumer Goods,Medium,Apple Inc.,https://www.marketwatch.com/story/commodities-price-shock,financial sector bracing for new capital requirements,0,0,0,3.66,425.01,53,7
2025-06-25,government policy shift boosts renewable energy sector,MarketWatch,IPO Launch,S&P 500,0.42,273.05,positive,Real Estate,Low,Microsoft,https://www.wsj.com/europe/dax-performance,government policy shift boosts renewable energy sector,1,0,1,0.42,273.05,54,7
2025-05-30,crude oil prices drop to a multi-year low,Barron's,Government Policy Announcement,KOSPI,,306.8,positive,Construction,High,Apple Inc.,https://www.wsj.com/europe/dax-performance,crude oil prices drop to a multi-year low,0,1,-1,,306.8,41,8
2025-04-12,banking stocks dip after a major scandal is revealed,CNBC,Commodity Price Shock,Hang Seng,-0.44,318.12,positive,Transportation,Medium,Boeing,https://www.cnbc.com/2025/08/russia-ukraine-war-economic-impact,banking stocks dip after a major scandal is revealed,0,2,-2,-0.44,318.12,52,9
2025-02-04,banking stocks dip after a major scandal is revealed,Times of India,Central Bank Meeting,IBOVESPA,-0.03,211.73,negative,Retail,Low,Tata Motors,https://www.bloomberg.com/asia/telecommunications-news,banking stocks dip after a major scandal is revealed,0,2,-2,-0.03,211.73,52,9
2025-04-13,utilities sector remains stable during market fluctuations,Wall Street Journal,Corporate Earnings Report,NSE Nifty,-3.55,387.72,positive,Telecommunications,Low,Reliance Industries,https://www.ft.com/content/tech-sector-innovation,utilities sector remains stable during market fluctuations,0,0,0,-3.55,387.72,58,7
2025-07-07,financial services stocks rally on strong profit margins,Wall Street Journal,Economic Data Release,DAX,2.84,46.39,negative,Finance,High,Samsung Electronics,https://www.investopedia.com/articles/supply-chain-disruption,financial services stocks rally on strong profit margins,3,0,3,2.84,46.39,56,8
2025-04-09,semiconductor shortages weigh heavily on tech sector profits,MarketWatch,Corporate Earnings Report,Dow Jones,-2.2,470.15,positive,Pharmaceuticals,Low,Tesla,https://www.bloomberg.com/asia/telecommunications-news,semiconductor shortages weigh heavily on tech sector profits,1,0,1,-2.2,470.15,60,8
2025-07-12,media and entertainment companies report a surge in streaming revenue,Reuters,Trade Tariffs Announcement,Nasdaq Composite,-3.91,281.33,negative,Consumer Goods,Low,Samsung Electronics,https://www.ft.com/content/currency-devaluation,media and entertainment companies report a surge in streaming revenue,1,0,1,-3.91,281.33,69,10
2025-02-23,manufacturing pmi data signals economic expansion,Yahoo Finance,Central Bank Meeting,IBOVESPA,-3.95,498.21,positive,Utilities,High,Goldman Sachs,https://www.bloomberg.com/asia/policy/central-bank-meeting,manufacturing pmi data signals economic expansion,0,0,0,-3.95,498.21,49,6
2025-02-21,central bank maintains status quo on interest rates,MarketWatch,Bond Market Fluctuation,CAC 40,2.53,380.83,positive,Media & Entertainment,Low,Apple Inc.,https://www.moneycontrol.com/us-markets/sp-500,central bank maintains status quo on interest rates,0,0,0,2.53,380.83,51,8
2025-05-06,government spending bill is expected to stimulate the economy,Financial Times,Central Bank Meeting,Dow Jones,-2.47,96.2,negative,Finance,High,Boeing,https://www.moneycontrol.com/us-markets/nasdaq-composite,government spending bill is expected to stimulate the economy,0,0,0,-2.47,96.2,61,9
2025-03-03,asx 200 gains on strong export performance,Economic Times,Interest Rate Change,Nasdaq Composite,-2.35,152.65,negative,Telecommunications,Low,Boeing,https://www.forbes.com/crypto/cryptocurrency-regulation,asx 200 gains on strong export performance,2,0,2,-2.35,152.65,42,7
2025-04-21,market braces for a major policy announcement from the eu,MarketWatch,Cryptocurrency Regulation,DAX,-4.85,145.93,negative,Agriculture,Low,Apple Inc.,https://www.theeconomist.com/finance-and-economics/trade-tariffs,market braces for a major policy announcement from the eu,0,0,0,-4.85,145.93,57,10
2025-07-21,merger talks between two banks fall through,Wall Street Journal,Government Policy Announcement,DAX,,19.5,positive,Industrials,Medium,Apple Inc.,https://www.cnbc.com/2025/11/major-merger-deal-approved,merger talks between two banks fall through,0,1,-1,,19.5,43,7
2025-06-26,tech giant s new product launch sparks sector-wide gains,Reuters,Consumer Confidence Report,S&P 500,,197.94,positive,Utilities,High,JP Morgan Chase,https://www.moneycontrol.com/us-markets/sp-500,tech giant s new product launch sparks sector-wide gains,1,0,1,,197.94,56,9
2025-07-03,uk s ftse 100 sees a boost from favorable trade data,MarketWatch,Government Policy Announcement,Shanghai Composite,,141.86,positive,Energy,Medium,Goldman Sachs,https://www.bloomberg.com/canada/tsunami-warnings,uk s ftse 100 sees a boost from favorable trade data,2,0,2,,141.86,52,11
2025-03-25,semiconductor shortages weigh heavily on tech sector profits,Economic Times,Bond Market Fluctuation,S&P 500,-1.39,372.88,negative,Transportation,Low,Boeing,https://www.moneycontrol.com/us-markets/sp-500,semiconductor shortages weigh heavily on tech sector profits,1,0,1,-1.39,372.88,60,8
2025-03-29,unexpected rise in unemployment fuels market pessimism,The Economist,Major Merger/Acquisition,ASX 200,3.29,93.42,negative,Telecommunications,Low,JP Morgan Chase,https://www.bloomberg.com/asia/policy/central-bank-meeting,unexpected rise in unemployment fuels market pessimism,1,0,1,3.29,93.42,54,7
2025-05-02,automotive industry faces headwinds from rising material costs,MarketWatch,Consumer Confidence Report,Russell 2000,-2.9,366.59,positive,Telecommunications,High,Apple Inc.,https://www.reuters.com/business/energy/oil-market-update,automotive industry faces headwinds from rising material costs,0,1,-1,-2.9,366.59,62,8
2025-06-13,mining company stock surges on commodity price boom,Bloomberg,Trade Tariffs Announcement,ASX 200,-0.79,327.65,negative,Pharmaceuticals,High,Apple Inc.,https://www.reuters.com/markets/indices/ftse-100,mining company stock surges on commodity price boom,1,0,1,-0.79,327.65,51,8
2025-05-10,healthcare stocks gain on robust demand and strong outlook,Forbes,Cryptocurrency Regulation,Euro Stoxx 50,2.36,404.0,positive,Energy,High,Reliance Industries,https://www.ft.com/content/media-entertainment-merger,healthcare stocks gain on robust demand and strong outlook,2,0,2,2.36,404.0,58,9
2025-05-28,major technology firm acquires a smaller rival in a multi-billion dollar deal,Reuters,Supply Chain Disruption,Nikkei 225,0.38,14.02,positive,Construction,High,Samsung Electronics,https://www.cnbc.com/2025/09/automotive-industry-trends,major technology firm acquires a smaller rival in a multi-billion dollar deal,0,0,0,0.38,14.02,77,12
2025-07-03,new ipo for a popular software firm is oversubscribed,Business Standard,Stock Market Crash,Nikkei 225,-4.88,304.61,negative,Construction,Low,Microsoft,https://www.business-standard.com/international-business/trade-policy,new ipo for a popular software firm is oversubscribed,0,0,0,-4.88,304.61,53,9
2025-03-14,unexpected rise in unemployment fuels market pessimism,Yahoo Finance,Cryptocurrency Regulation,S&P/TSX Composite,1.78,182.32,positive,Construction,Low,Apple Inc.,https://www.reuters.com/markets/stocks/tech-rally,unexpected rise in unemployment fuels market pessimism,1,0,1,1.78,182.32,54,7
2025-04-09,merger talks between two banks fall through,Barron's,Commodity Price Shock,DAX,4.3,220.09,positive,Finance,Low,Boeing,https://www.moneycontrol.com/india/ipo-news/new-firm-launches,merger talks between two banks fall through,0,1,-1,4.3,220.09,43,7
2025-05-02,financial services stocks rally on strong profit margins,Yahoo Finance,Inflation Data Release,Nasdaq Composite,4.19,124.55,negative,Pharmaceuticals,Low,Tata Motors,https://www.business-standard.com/economy/trade-disputes-impact,financial services stocks rally on strong profit margins,3,0,3,4.19,124.55,56,8
2025-06-14,pharmaceutical company s drug approval drives stock upward,Barron's,Interest Rate Change,IBOVESPA,4.98,457.49,positive,Media & Entertainment,Medium,Tesla,https://www.ft.com/content/tech-sector-innovation,pharmaceutical company s drug approval drives stock upward,1,0,1,4.98,457.49,58,8
2025-05-16,pharmaceutical company s drug approval drives stock upward,Yahoo Finance,Major Merger/Acquisition,Nasdaq Composite,2.81,235.38,negative,Aerospace & Defense,Low,Boeing,https://www.moneycontrol.com/india/ipo-news/new-firm-launches,pharmaceutical company s drug approval drives stock upward,1,0,1,2.81,235.38,58,8
2025-08-02,unexpected rise in unemployment fuels market pessimism,Mint,Bond Market Fluctuation,Nasdaq Composite,1.04,490.23,positive,Media & Entertainment,Medium,Apple Inc.,https://economictimes.indiatimes.com/news/economy/unemployment-rate,unexpected rise in unemployment fuels market pessimism,1,0,1,1.04,490.23,54,7
2025-04-27,healthcare stocks gain on robust demand and strong outlook,Bloomberg,Interest Rate Change,Russell 2000,-3.86,214.24,negative,Materials,Medium,ExxonMobil,https://timesofindia.indiatimes.com/business/markets/stock-market-crash,healthcare stocks gain on robust demand and strong outlook,2,0,2,-3.86,214.24,58,9
2025-03-08,real estate sector shows signs of overheating as interest rates fall,The Hindu Business Line,Commodity Price Shock,TSX,0.62,462.05,negative,Telecommunications,Medium,Tesla,https://economictimes.indiatimes.com/industry/industrials,real estate sector shows signs of overheating as interest rates fall,0,1,-1,0.62,462.05,68,11
2025-04-05,supply chain issues impact manufacturing sector earnings,The Hindu Business Line,Inflation Data Release,BSE Sensex,0.27,159.32,positive,Pharmaceuticals,High,JP Morgan Chase,https://www.forbes.com/crypto/cryptocurrency-regulation,supply chain issues impact manufacturing sector earnings,0,0,0,0.27,159.32,56,7
2025-08-05,"global trade talks collapse, causing market turmoil",The Economist,Commodity Price Shock,Shanghai Composite,4.74,267.84,negative,Automotive,Medium,Reliance Industries,https://www.bloomberg.com/canada/tsunami-warnings,global trade talks collapse causing market turmoil,0,1,-1,4.74,267.84,50,7
2025-07-19,utilities sector remains stable during market fluctuations,Barron's,Market Rally,Shanghai Composite,-1.34,173.06,negative,Retail,Medium,ExxonMobil,https://timesofindia.indiatimes.com/business/corporate-governance,utilities sector remains stable during market fluctuations,0,0,0,-1.34,173.06,58,7
2025-07-13,new regulations on cryptocurrencies cause a market dip,Forbes,Interest Rate Change,IBOVESPA,-4.52,181.88,positive,Industrials,Low,Apple Inc.,https://www.cnbc.com/2025/11/major-merger-deal-approved,new regulations on cryptocurrencies cause a market dip,0,1,-1,-4.52,181.88,54,8
2025-05-04,energy company s dividend hike excites shareholders,Yahoo Finance,Currency Devaluation,Hang Seng,-4.07,254.9,positive,Technology,High,Tata Motors,https://timesofindia.indiatimes.com/business/markets/stock-market-crash,energy company s dividend hike excites shareholders,0,0,0,-4.07,254.9,51,7
2025-06-07,mining company stock surges on commodity price boom,The Hindu Business Line,Commodity Price Shock,FTSE 100,0.95,462.08,positive,Aerospace & Defense,Low,Apple Inc.,https://timesofindia.indiatimes.com/business/finance/banking-sector-news,mining company stock surges on commodity price boom,1,0,1,0.95,462.08,51,8
2025-05-16,healthcare stocks gain on robust demand and strong outlook,Forbes,Bond Market Fluctuation,S&P/TSX Composite,-2.16,416.62,positive,Industrials,Medium,Apple Inc.,https://timesofindia.indiatimes.com/business/markets/stock-market-crash,healthcare stocks gain on robust demand and strong outlook,2,0,2,-2.16,416.62,58,9
2025-07-16,semiconductor shortages weigh heavily on tech sector profits,Times of India,IPO Launch,TSX,-2.03,154.89,negative,Healthcare,High,ExxonMobil,https://www.bloomberg.com/canada/tsunami-warnings,semiconductor shortages weigh heavily on tech sector profits,1,0,1,-2.03,154.89,60,8
2025-02-24,automotive industry faces headwinds from rising material costs,Times of India,Inflation Data Release,Hang Seng,-4.26,328.45,positive,Energy,Low,Samsung Electronics,https://www.bloomberg.com/middle-east/news/bond-market-fluctuation,automotive industry faces headwinds from rising material costs,0,1,-1,-4.26,328.45,62,8
2025-04-03,energy company s dividend hike excites shareholders,Investopedia,Stock Market Crash,Dow Jones,-3.19,51.61,negative,Utilities,Low,Reliance Industries,https://www.business-standard.com/international-business/trade-policy,energy company s dividend hike excites shareholders,0,0,0,-3.19,51.61,51,7
2025-05-10,manufacturing pmi data signals economic expansion,CNBC,Trade Tariffs Announcement,NSE Nifty,-2.92,490.14,negative,Media & Entertainment,Medium,Reliance Industries,https://www.business-standard.com/international-business/trade-policy,manufacturing pmi data signals economic expansion,0,0,0,-2.92,490.14,49,6
2025-04-30,consumer discretionary stocks outperform as spending increases,Times of India,Government Policy Announcement,Hang Seng,-4.94,244.06,negative,Consumer Goods,Medium,Goldman Sachs,https://www.bloomberg.com/asia/policy/central-bank-meeting,consumer discretionary stocks outperform as spending increases,2,0,2,-4.94,244.06,62,7
2025-04-23,financial services stocks rally on strong profit margins,The Motley Fool,Trade Tariffs Announcement,ASX 200,,428.77,positive,Automotive,High,Goldman Sachs,https://timesofindia.indiatimes.com/business/corporate-governance,financial services stocks rally on strong profit margins,3,0,3,,428.77,56,8
2025-07-26,crude oil prices drop to a multi-year low,Mint,Government Policy Announcement,Euro Stoxx 50,-3.63,150.93,positive,Aerospace & Defense,Low,Tesla,https://www.ft.com/content/tech-sector-innovation,crude oil prices drop to a multi-year low,0,1,-1,-3.63,150.93,41,8
2025-05-16,real estate sector shows signs of overheating as interest rates fall,Bloomberg,Economic Data Release,Euro Stoxx 50,0.02,343.83,positive,Pharmaceuticals,Low,JP Morgan Chase,https://economictimes.indiatimes.com/news/economy/unemployment-rate,real estate sector shows signs of overheating as interest rates fall,0,1,-1,0.02,343.83,68,11
2025-08-07,new housing data release shows a slowdown in market activity,The Economist,Corporate Earnings Report,Nikkei 225,-4.06,404.42,negative,Energy,Medium,Boeing,https://www.wsj.com/europe/regulatory-changes,new housing data release shows a slowdown in market activity,0,1,-1,-4.06,404.42,60,10
2025-07-31,merger talks between two banks fall through,Reuters,Trade Tariffs Announcement,Nasdaq Composite,-1.17,178.21,negative,Pharmaceuticals,Medium,Tesla,https://www.wsj.com/china/market-regulation,merger talks between two banks fall through,0,1,-1,-1.17,178.21,43,7
2025-07-26,media and entertainment companies report a surge in streaming revenue,Business Standard,Regulatory Changes,S&P/TSX Composite,4.36,297.22,negative,Finance,High,Samsung Electronics,https://www.cnbc.com/2025/09/automotive-industry-trends,media and entertainment companies report a surge in streaming revenue,1,0,1,4.36,297.22,69,10
2025-08-13,government subsidy program gives a lift to the agriculture sector,Economic Times,Geopolitical Event,TSX,-4.63,384.35,positive,Technology,High,JP Morgan Chase,https://www.reuters.com/markets/indices/nikkei-225,government subsidy program gives a lift to the agriculture sector,0,0,0,-4.63,384.35,65,10
2025-04-09,a massive data breach sends a tech company s stock tumbling,Bloomberg,Central Bank Meeting,DAX,-2.23,493.35,negative,Agriculture,Low,JP Morgan Chase,https://www.business-standard.com/economy/economic-stimulus,a massive data breach sends a tech company s stock tumbling,0,1,-1,-2.23,493.35,59,11
2025-06-23,record-high inflation data rattles investors,The Economist,Major Merger/Acquisition,FTSE 100,-4.37,87.34,negative,Technology,Low,Apple Inc.,https://www.marketwatch.com/story/commodities-price-shock,record-high inflation data rattles investors,1,0,1,-4.37,87.34,44,5
2025-06-23,china s shanghai composite falls after new trade restrictions,MarketWatch,Economic Data Release,CAC 40,-4.16,470.01,positive,Technology,High,Reliance Industries,https://www.ft.com/content/consumer-confidence-report,china s shanghai composite falls after new trade restrictions,0,1,-1,-4.16,470.01,61,9
2025-04-29,central bank governor signals potential shift in policy,Business Standard,Regulatory Changes,BSE Sensex,4.6,177.54,positive,Healthcare,Low,Tesla,https://www.cnbc.com/2025/08/russia-ukraine-war-economic-impact,central bank governor signals potential shift in policy,0,0,0,4.6,177.54,55,8
2025-07-29,consumer confidence index reaches a decade high,Yahoo Finance,Market Rally,Shanghai Composite,1.57,248.99,negative,Telecommunications,Low,Tata Motors,https://www.moneycontrol.com/us-markets/sp-500,consumer confidence index reaches a decade high,1,0,1,1.57,248.99,47,7
2025-04-29,record-high inflation data rattles investors,Mint,Corporate Earnings Report,KOSPI,0.14,198.32,positive,Energy,High,Apple Inc.,https://www.marketwatch.com/story/consumer-goods-report,record-high inflation data rattles investors,1,0,1,0.14,198.32,44,5
2025-03-30,consumer discretionary stocks outperform as spending increases,Business Standard,Stock Market Crash,S&P/TSX Composite,-3.02,455.37,negative,Telecommunications,Low,Goldman Sachs,https://www.bloomberg.com/australia/asx-200-performance,consumer discretionary stocks outperform as spending increases,2,0,2,-3.02,455.37,62,7
2025-05-07,financial sector bracing for new capital requirements,Investopedia,Commodity Price Shock,BSE Sensex,4.33,468.48,negative,Energy,Medium,ExxonMobil,https://www.forbes.com/crypto/cryptocurrency-regulation,financial sector bracing for new capital requirements,0,0,0,4.33,468.48,53,7
2025-05-19,financial sector bracing for new capital requirements,Forbes,Inflation Data Release,NSE Nifty,4.7,474.23,positive,Transportation,High,JP Morgan Chase,https://www.ft.com/content/consumer-confidence-report,financial sector bracing for new capital requirements,0,0,0,4.7,474.23,53,7
2025-02-11,uk s ftse 100 sees a boost from favorable trade data,Forbes,Geopolitical Event,Russell 2000,-0.78,223.88,positive,Industrials,High,Tata Motors,https://www.wsj.com/europe/regulatory-changes,uk s ftse 100 sees a boost from favorable trade data,2,0,2,-0.78,223.88,52,11
2025-05-27,market braces for a major policy announcement from the eu,The Economist,Market Rally,DAX,-3.78,381.07,positive,Transportation,Low,Tesla,https://www.wsj.com/europe/dax-performance,market braces for a major policy announcement from the eu,0,0,0,-3.78,381.07,57,10
2025-05-30,banking stocks dip after a major scandal is revealed,CNBC,Geopolitical Event,Euro Stoxx 50,-1.46,129.22,negative,Automotive,Medium,Tesla,https://www.reuters.com/markets/indices/nikkei-225,banking stocks dip after a major scandal is revealed,0,2,-2,-1.46,129.22,52,9
2025-04-30,new housing data release shows a slowdown in market activity,Times of India,Market Rally,Nikkei 225,-0.42,438.46,positive,Telecommunications,Low,Tesla,https://www.reuters.com/markets/indices/nikkei-225,new housing data release shows a slowdown in market activity,0,1,-1,-0.42,438.46,60,10
2025-04-11,china s shanghai composite falls after new trade restrictions,Barron's,Interest Rate Change,Dow Jones,2.38,302.56,positive,Retail,Low,Tata Motors,https://www.forbes.com/crypto/cryptocurrency-regulation,china s shanghai composite falls after new trade restrictions,0,1,-1,2.38,302.56,61,9
2025-07-10,central bank maintains status quo on interest rates,The Motley Fool,Supply Chain Disruption,KOSPI,-2.45,233.12,negative,Automotive,High,JP Morgan Chase,https://www.cnbc.com/2025/12/healthcare-sector-outlook,central bank maintains status quo on interest rates,0,0,0,-2.45,233.12,51,8
2025-07-12,gold prices surge as investors flee riskier assets,Seeking Alpha,Central Bank Meeting,Hang Seng,2.51,304.67,negative,Automotive,High,Reliance Industries,https://www.marketwatch.com/story/commodities-price-shock,gold prices surge as investors flee riskier assets,1,0,1,2.51,304.67,50,8
2025-06-13,media and entertainment companies report a surge in streaming revenue,CNBC,Central Bank Meeting,S&P 500,0.88,154.2,negative,Real Estate,High,Goldman Sachs,https://www.cnbc.com/2025/11/major-merger-deal-approved,media and entertainment companies report a surge in streaming revenue,1,0,1,0.88,154.2,69,10
2025-07-31,semiconductor shortages weigh heavily on tech sector profits,Forbes,Commodity Price Shock,Nasdaq Composite,-0.22,405.36,positive,Agriculture,Low,Boeing,https://www.marketwatch.com/story/commodities-price-shock,semiconductor shortages weigh heavily on tech sector profits,1,0,1,-0.22,405.36,60,8
2025-05-10,merger talks between two banks fall through,Wall Street Journal,Trade Tariffs Announcement,FTSE 100,3.88,343.93,positive,Agriculture,Medium,Samsung Electronics,https://www.ft.com/content/media-entertainment-merger,merger talks between two banks fall through,0,1,-1,3.88,343.93,43,7
2025-07-09,merger talks between two banks fall through,Economic Times,Supply Chain Disruption,FTSE 100,-1.52,214.09,negative,Materials,High,Reliance Industries,,merger talks between two banks fall through,0,1,-1,-1.52,214.09,43,7
2025-02-28,mining company stock surges on commodity price boom,The Motley Fool,Consumer Confidence Report,CAC 40,-1.06,355.42,positive,Aerospace & Defense,Medium,Boeing,https://www.wsj.com/china/market-rally,mining company stock surges on commodity price boom,1,0,1,-1.06,355.42,51,8
2025-06-27,tech giant s new product launch sparks sector-wide gains,Seeking Alpha,Unemployment Rate Announcement,Nasdaq Composite,-0.43,265.05,negative,Consumer Goods,Medium,JP Morgan Chase,https://economictimes.indiatimes.com/industry/industrials,tech giant s new product launch sparks sector-wide gains,1,0,1,-0.43,265.05,56,9
2025-04-16,market braces for a major policy announcement from the eu,Mint,Cryptocurrency Regulation,DAX,2.37,222.77,positive,Healthcare,High,Tata Motors,https://www.forbes.com/crypto/cryptocurrency-regulation,market braces for a major policy announcement from the eu,0,0,0,2.37,222.77,57,10
2025-05-29,new ipo for a popular software firm is oversubscribed,The Economist,Bond Market Fluctuation,Euro Stoxx 50,3.85,305.32,positive,Aerospace & Defense,High,JP Morgan Chase,https://www.moneycontrol.com/us-markets/dow-jones-industrial,new ipo for a popular software firm is oversubscribed,0,0,0,3.85,305.32,53,9
2025-04-03,nikkei 225 index benefits from a weaker yen,MarketWatch,Government Policy Announcement,DAX,-1.67,242.03,negative,Energy,Medium,Tesla,https://timesofindia.indiatimes.com/business/markets/stock-market-crash,nikkei 225 index benefits from a weaker yen,0,1,-1,-1.67,242.03,43,8
2025-08-06,nikkei 225 index benefits from a weaker yen,Economic Times,Stock Market Crash,Nasdaq Composite,-2.19,103.48,negative,Real Estate,Low,Reliance Industries,https://www.wsj.com/china/market-regulation,nikkei 225 index benefits from a weaker yen,0,1,-1,-2.19,103.48,43,8
2025-08-10,china s shanghai composite falls after new trade restrictions,Wall Street Journal,Bond Market Fluctuation,Nikkei 225,1.72,111.19,negative,Healthcare,Medium,Reliance Industries,https://www.cnbc.com/2025/12/healthcare-sector-outlook,china s shanghai composite falls after new trade restrictions,0,1,-1,1.72,111.19,61,9
2025-06-29,major technology firm acquires a smaller rival in a multi-billion dollar deal,Wall Street Journal,Major Merger/Acquisition,Euro Stoxx 50,0.92,354.46,positive,Pharmaceuticals,High,Apple Inc.,https://www.cnbc.com/2025/10/real-estate-market-analysis,major technology firm acquires a smaller rival in a multi-billion dollar deal,0,0,0,0.92,354.46,77,12
2025-02-24,government spending bill is expected to stimulate the economy,CNBC,Commodity Price Shock,Russell 2000,3.61,21.86,negative,Real Estate,Medium,Tesla,https://www.business-standard.com/economy/inflation-data,government spending bill is expected to stimulate the economy,0,0,0,3.61,21.86,61,9
2025-06-01,market sentiment turns positive on vaccine trial results,Business Standard,Unemployment Rate Announcement,Euro Stoxx 50,,325.48,negative,Media & Entertainment,High,Tata Motors,https://www.reuters.com/business/retail-sector-earnings,market sentiment turns positive on vaccine trial results,1,0,1,,325.48,56,8
2025-06-28,energy company s dividend hike excites shareholders,Mint,Bond Market Fluctuation,FTSE 100,-3.9,482.35,negative,Agriculture,Medium,Tata Motors,https://timesofindia.indiatimes.com/business/agriculture-sector,energy company s dividend hike excites shareholders,0,0,0,-3.9,482.35,51,7
2025-08-08,central bank s dovish tone hints at future rate cuts,The Hindu Business Line,Supply Chain Disruption,DAX,-0.26,74.8,negative,Pharmaceuticals,Medium,ExxonMobil,https://www.ft.com/content/consumer-confidence-report,central bank s dovish tone hints at future rate cuts,0,0,0,-0.26,74.8,52,10
2025-04-30,unexpected rise in unemployment fuels market pessimism,Reuters,Major Merger/Acquisition,Dow Jones,3.08,21.17,negative,Utilities,Low,Reliance Industries,https://www.wsj.com/china/market-regulation,unexpected rise in unemployment fuels market pessimism,1,0,1,3.08,21.17,54,7
2025-04-25,central bank s dovish tone hints at future rate cuts,Financial Times,Corporate Earnings Report,Nikkei 225,1.13,191.56,positive,Automotive,High,ExxonMobil,https://economictimes.indiatimes.com/news/transportation,central bank s dovish tone hints at future rate cuts,0,0,0,1.13,191.56,52,10
2025-02-06,geopolitical ceasefire prompts a broad market recovery,Mint,IPO Launch,FTSE 100,0.58,415.52,positive,Media & Entertainment,Low,Microsoft,https://www.ft.com/content/currency-devaluation,geopolitical ceasefire prompts a broad market recovery,1,0,1,0.58,415.52,54,7
2025-02-06,central bank s dovish tone hints at future rate cuts,MarketWatch,Stock Market Crash,KOSPI,-1.34,229.28,negative,Energy,High,Reliance Industries,https://www.reuters.com/markets/indices/ftse-100,central bank s dovish tone hints at future rate cuts,0,0,0,-1.34,229.28,52,10
2025-02-24,media and entertainment companies report a surge in streaming revenue,CNBC,Bond Market Fluctuation,Euro Stoxx 50,2.94,324.3,negative,Consumer Goods,Medium,Samsung Electronics,https://www.bloomberg.com/australia/asx-200-performance,media and entertainment companies report a surge in streaming revenue,1,0,1,2.94,324.3,69,10
2025-07-01,semiconductor shortages weigh heavily on tech sector profits,Financial Times,Central Bank Meeting,Shanghai Composite,1.44,121.56,negative,Real Estate,Low,JP Morgan Chase,https://timesofindia.indiatimes.com/business/finance/banking-sector-news,semiconductor shortages weigh heavily on tech sector profits,1,0,1,1.44,121.56,60,8
2025-06-21,e-commerce earnings report beats all analyst expectations,Economic Times,Interest Rate Change,S&P 500,3.42,458.16,negative,Healthcare,High,Microsoft,https://www.wsj.com/china/market-rally,e-commerce earnings report beats all analyst expectations,1,0,1,3.42,458.16,57,7
2025-07-29,financial sector bracing for new capital requirements,Forbes,Economic Data Release,NSE Nifty,3.35,342.15,negative,Media & Entertainment,Medium,Reliance Industries,https://www.cnbc.com/2025/10/real-estate-market-analysis,financial sector bracing for new capital requirements,0,0,0,3.35,342.15,53,7
2025-06-10,new regulations on cryptocurrencies cause a market dip,The Motley Fool,Economic Data Release,BSE Sensex,-0.82,281.38,negative,Automotive,Low,Microsoft,https://www.moneycontrol.com/us-markets/nasdaq-composite,new regulations on cryptocurrencies cause a market dip,0,1,-1,-0.82,281.38,54,8
2025-06-01,new housing data release shows a slowdown in market activity,Wall Street Journal,Currency Devaluation,Dow Jones,0.51,226.72,positive,Telecommunications,Medium,Goldman Sachs,https://timesofindia.indiatimes.com/business/markets/stock-market-crash,new housing data release shows a slowdown in market activity,0,1,-1,0.51,226.72,60,10
2025-08-06,government policy shift boosts renewable energy sector,Business Standard,Regulatory Changes,Shanghai Composite,-2.48,167.01,positive,Materials,High,Tata Motors,https://www.wsj.com/europe/regulatory-changes,government policy shift boosts renewable energy sector,1,0,1,-2.48,167.01,54,7
2025-05-03,new regulations on cryptocurrencies cause a market dip,Mint,Geopolitical Event,FTSE 100,0.77,304.43,negative,Utilities,Low,Tata Motors,https://www.ft.com/content/currency-devaluation,new regulations on cryptocurrencies cause a market dip,0,1,-1,0.77,304.43,54,8
2025-06-14,pharmaceutical company s drug approval drives stock upward,Barron's,Interest Rate Change,IBOVESPA,4.98,457.49,positive,Media & Entertainment,Medium,Tesla,https://www.ft.com/content/tech-sector-innovation,pharmaceutical company s drug approval drives stock upward,1,0,1,4.98,457.49,58,8
2025-05-25,market braces for a major policy announcement from the eu,Seeking Alpha,Stock Market Crash,S&P 500,0.61,286.49,positive,Pharmaceuticals,Medium,Tesla,https://www.moneycontrol.com/us-markets/nasdaq-composite,market braces for a major policy announcement from the eu,0,0,0,0.61,286.49,57,10
2025-04-29,nikkei 225 index benefits from a weaker yen,Seeking Alpha,Currency Devaluation,FTSE 100,-0.23,370.72,negative,Industrials,Medium,Boeing,https://www.business-standard.com/economy/trade-disputes-impact,nikkei 225 index benefits from a weaker yen,0,1,-1,-0.23,370.72,43,8
2025-02-18,major oil spill sends energy stocks plummeting,The Motley Fool,Central Bank Meeting,S&P 500,1.73,261.37,positive,Industrials,Low,Microsoft,https://www.bloomberg.com/australia/asx-200-performance,major oil spill sends energy stocks plummeting,0,0,0,1.73,261.37,46,7
2025-03-01,central bank maintains status quo on interest rates,The Economist,Bond Market Fluctuation,IBOVESPA,-1.78,250.79,positive,Healthcare,Low,ExxonMobil,https://www.reuters.com/markets/indices/nikkei-225,central bank maintains status quo on interest rates,0,0,0,-1.78,250.79,51,8
2025-04-16,massive stock buyback program announced by a consumer goods company,Seeking Alpha,Trade Tariffs Announcement,CAC 40,-0.06,241.84,negative,Agriculture,Medium,Reliance Industries,https://www.business-standard.com/economy/economic-stimulus,massive stock buyback program announced by a consumer goods company,0,0,0,-0.06,241.84,67,10
2025-06-26,asx 200 gains on strong export performance,The Hindu Business Line,Government Policy Announcement,Euro Stoxx 50,-4.13,457.84,positive,Utilities,Medium,Microsoft,https://www.bloomberg.com/middle-east/news/bond-market-fluctuation,asx 200 gains on strong export performance,2,0,2,-4.13,457.84,42,7
2025-04-22,quarterly report shows surprising losses for retail giants,The Hindu Business Line,Inflation Data Release,DAX,2.62,383.81,positive,Consumer Goods,High,Samsung Electronics,https://www.reuters.com/business/retail-sector-earnings,quarterly report shows surprising losses for retail giants,0,1,-1,2.62,383.81,58,8
2025-05-06,new regulations on cryptocurrencies cause a market dip,CNBC,Cryptocurrency Regulation,BSE Sensex,,41.03,positive,Healthcare,Low,Tata Motors,https://www.wsj.com/china/market-rally,new regulations on cryptocurrencies cause a market dip,0,1,-1,,41.03,54,8
2025-08-12,new ipo for a popular software firm is oversubscribed,Business Standard,Corporate Earnings Report,NSE Nifty,4.6,439.13,positive,Retail,Medium,Reliance Industries,https://www.bloomberg.com/asia/policy/central-bank-meeting,new ipo for a popular software firm is oversubscribed,0,0,0,4.6,439.13,53,9
2025-05-01,government policy shift boosts renewable energy sector,Forbes,Currency Devaluation,DAX,-3.03,452.82,negative,Pharmaceuticals,Medium,Goldman Sachs,https://economictimes.indiatimes.com/news/transportation,government policy shift boosts renewable energy sector,1,0,1,-3.03,452.82,54,7
2025-05-23,major technology firm acquires a smaller rival in a multi-billion dollar deal,Seeking Alpha,Consumer Confidence Report,Russell 2000,0.78,181.68,positive,Construction,Low,Apple Inc.,https://www.reuters.com/business/retail-sector-earnings,major technology firm acquires a smaller rival in a multi-billion dollar deal,0,0,0,0.78,181.68,77,12
2025-04-11,asx 200 gains on strong export performance,Wall Street Journal,Inflation Data Release,S&P/TSX Composite,,49.83,positive,Telecommunications,Low,Reliance Industries,https://www.moneycontrol.com/us-markets/dow-jones-industrial,asx 200 gains on strong export performance,2,0,2,,49.83,42,7
2025-06-09,china s shanghai composite falls after new trade restrictions,CNBC,Consumer Confidence Report,Nikkei 225,-3.3,27.34,positive,Pharmaceuticals,Low,Microsoft,https://www.theeconomist.com/world/government-policy-announcement,china s shanghai composite falls after new trade restrictions,0,1,-1,-3.3,27.34,61,9
2025-02-13,central bank governor signals potential shift in policy,Seeking Alpha,Unemployment Rate Announcement,NSE Nifty,3.28,66.66,negative,Consumer Goods,High,Samsung Electronics,https://www.bloomberg.com/canada/tsunami-warnings,central bank governor signals potential shift in policy,0,0,0,3.28,66.66,55,8
2025-07-25,healthcare stocks gain on robust demand and strong outlook,Barron's,Regulatory Changes,NSE Nifty,-3.07,418.37,negative,Agriculture,Medium,Boeing,https://www.forbes.com/crypto/cryptocurrency-regulation,healthcare stocks gain on robust demand and strong outlook,2,0,2,-3.07,418.37,58,9
2025-07-24,asx 200 gains on strong export performance,The Economist,Stock Market Crash,S&P 500,2.3,58.05,negative,Agriculture,Medium,Tata Motors,https://www.cnbc.com/2025/09/automotive-industry-trends,asx 200 gains on strong export performance,2,0,2,2.3,58.05,42,7
2025-05-10,merger talks between two banks fall through,Wall Street Journal,Trade Tariffs Announcement,FTSE 100,3.88,343.93,positive,Agriculture,Medium,Samsung Electronics,https://www.ft.com/content/media-entertainment-merger,merger talks between two banks fall through,0,1,-1,3.88,343.93,43,7
2025-03-01,e-commerce earnings report beats all analyst expectations,Business Standard,Economic Data Release,FTSE 100,-1.82,474.83,positive,Finance,High,Samsung Electronics,https://economictimes.indiatimes.com/news/economy/unemployment-rate,e-commerce earnings report beats all analyst expectations,1,0,1,-1.82,474.83,57,7
2025-06-21,supply chain issues impact manufacturing sector earnings,Barron's,Commodity Price Shock,Dow Jones,,61.35,negative,Real Estate,High,Apple Inc.,https://timesofindia.indiatimes.com/business/markets/stock-market-crash,supply chain issues impact manufacturing sector earnings,0,0,0,,61.35,56,7
2025-03-19,new regulations on cryptocurrencies cause a market dip,Barron's,Consumer Confidence Report,Shanghai Composite,1.81,393.65,positive,Agriculture,Low,Reliance Industries,https://www.wsj.com/china/market-regulation,new regulations on cryptocurrencies cause a market dip,0,1,-1,1.81,393.65,54,8
2025-04-28,pharmaceutical company s drug approval drives stock upward,Barron's,Commodity Price Shock,Russell 2000,-4.99,321.23,positive,Technology,Low,Microsoft,https://www.business-standard.com/economy/economic-stimulus,pharmaceutical company s drug approval drives stock upward,1,0,1,-4.99,321.23,58,8
2025-08-10,supply chain issues impact manufacturing sector earnings,Mint,Economic Data Release,Dow Jones,-0.84,238.48,positive,Aerospace & Defense,Low,Reliance Industries,https://www.ft.com/content/media-entertainment-merger,supply chain issues impact manufacturing sector earnings,0,0,0,-0.84,238.48,56,7
2025-05-28,energy company s dividend hike excites shareholders,Barron's,Corporate Earnings Report,S&P 500,0.58,355.33,negative,Real Estate,Medium,Goldman Sachs,https://economictimes.indiatimes.com/stocks/bse-sensex-plunges,energy company s dividend hike excites shareholders,0,0,0,0.58,355.33,51,7
2025-05-27,consumer confidence index reaches a decade high,Reuters,Bond Market Fluctuation,ASX 200,,416.71,positive,Industrials,Medium,JP Morgan Chase,https://www.bloomberg.com/asia/policy/central-bank-meeting,consumer confidence index reaches a decade high,1,0,1,,416.71,47,7
2025-07-10,utilities sector remains stable during market fluctuations,Bloomberg,Stock Market Crash,Dow Jones,4.2,295.96,negative,Automotive,Low,Apple Inc.,https://www.bloomberg.com/canada/tsunami-warnings,utilities sector remains stable during market fluctuations,0,0,0,4.2,295.96,58,7
2025-06-24,china s shanghai composite falls after new trade restrictions,Investopedia,Supply Chain Disruption,Euro Stoxx 50,-1.64,123.41,positive,Media & Entertainment,High,Boeing,https://www.theeconomist.com/world/government-policy-announcement,china s shanghai composite falls after new trade restrictions,0,1,-1,-1.64,123.41,61,9
2025-02-20,consumer confidence index reaches a decade high,The Motley Fool,Currency Devaluation,S&P/TSX Composite,-0.9,175.54,positive,Industrials,Low,Microsoft,https://www.cnbc.com/2025/08/russia-ukraine-war-economic-impact,consumer confidence index reaches a decade high,1,0,1,-0.9,175.54,47,7
2025-05-27,record-high inflation data rattles investors,Yahoo Finance,Government Policy Announcement,Nikkei 225,2.99,108.41,positive,Telecommunications,Low,Boeing,https://www.reuters.com/business/energy/oil-market-update,record-high inflation data rattles investors,1,0,1,2.99,108.41,44,5
2025-08-13,bond yields tumble as investors seek safe havens,The Motley Fool,Bond Market Fluctuation,Nikkei 225,1.49,488.07,negative,Utilities,Medium,Boeing,https://www.marketwatch.com/story/consumer-goods-report,bond yields tumble as investors seek safe havens,0,1,-1,1.49,488.07,48,8
2025-07-10,federal reserve chairman s speech causes market volatility,Economic Times,Trade Tariffs Announcement,DAX,-0.49,289.73,negative,Media & Entertainment,Low,Tata Motors,https://www.reuters.com/markets/indices/ftse-100,federal reserve chairman s speech causes market volatility,0,0,0,-0.49,289.73,58,8
2025-07-04,asx 200 gains on strong export performance,Times of India,Market Rally,ASX 200,2.95,433.44,positive,Media & Entertainment,Low,Tesla,https://www.ft.com/content/tech-sector-innovation,asx 200 gains on strong export performance,2,0,2,2.95,433.44,42,7
2025-08-03,utilities sector remains stable during market fluctuations,Bloomberg,Trade Tariffs Announcement,NSE Nifty,-0.23,56.9,positive,Finance,Medium,JP Morgan Chase,,utilities sector remains stable during market fluctuations,0,0,0,-0.23,56.9,58,7
2025-05-21,nikkei 225 index benefits from a weaker yen,Mint,Government Policy Announcement,Euro Stoxx 50,-3.33,92.82,positive,Industrials,High,Reliance Industries,https://www.cnbc.com/2025/09/automotive-industry-trends,nikkei 225 index benefits from a weaker yen,0,1,-1,-3.33,92.82,43,8
2025-07-01,massive stock buyback program announced by a consumer goods company,Bloomberg,Unemployment Rate Announcement,IBOVESPA,2.0,322.86,positive,Materials,Medium,Tata Motors,https://www.moneycontrol.com/india/ipo-news/new-firm-launches,massive stock buyback program announced by a consumer goods company,0,0,0,2.0,322.86,67,10
2025-07-13,new ipo for a popular software firm is oversubscribed,The Economist,Regulatory Changes,Euro Stoxx 50,1.49,362.13,positive,Aerospace & Defense,High,Tesla,https://www.wsj.com/europe/dax-performance,new ipo for a popular software firm is oversubscribed,0,0,0,1.49,362.13,53,9
2025-03-30,market braces for a major policy announcement from the eu,Forbes,Stock Market Crash,S&P/TSX Composite,-0.58,301.43,positive,Energy,High,Reliance Industries,,market braces for a major policy announcement from the eu,0,0,0,-0.58,301.43,57,10
2025-06-25,central bank governor signals potential shift in policy,Barron's,Market Rally,Nasdaq Composite,3.98,432.77,negative,Construction,High,Goldman Sachs,https://www.bloomberg.com/middle-east/news/bond-market-fluctuation,central bank governor signals potential shift in policy,0,0,0,3.98,432.77,55,8
2025-04-17,massive stock buyback program announced by a consumer goods company,Barron's,Bond Market Fluctuation,Shanghai Composite,-3.31,361.19,positive,Materials,Low,Tata Motors,https://www.business-standard.com/economy/trade-disputes-impact,massive stock buyback program announced by a consumer goods company,0,0,0,-3.31,361.19,67,10
2025-05-12,financial services stocks rally on strong profit margins,The Economist,Geopolitical Event,S&P/TSX Composite,-2.84,157.93,negative,Energy,High,JP Morgan Chase,https://www.wsj.com/japan/economic-data-release,financial services stocks rally on strong profit margins,3,0,3,-2.84,157.93,56,8
2025-04-27,pharmaceutical company s drug approval drives stock upward,Seeking Alpha,Bond Market Fluctuation,BSE Sensex,2.77,226.65,negative,Media & Entertainment,Low,Goldman Sachs,https://www.bloomberg.com/canada/tsunami-warnings,pharmaceutical company s drug approval drives stock upward,1,0,1,2.77,226.65,58,8
2025-03-14,massive stock buyback program announced by a consumer goods company,Wall Street Journal,Government Policy Announcement,Euro Stoxx 50,-2.97,69.84,positive,Agriculture,Medium,Tesla,https://economictimes.indiatimes.com/stocks/bse-sensex-plunges,massive stock buyback program announced by a consumer goods company,0,0,0,-2.97,69.84,67,10
2025-02-19,major oil spill sends energy stocks plummeting,CNBC,Consumer Confidence Report,Dow Jones,-2.04,384.22,negative,Consumer Goods,Medium,Reliance Industries,https://www.marketwatch.com/story/commodities-price-shock,major oil spill sends energy stocks plummeting,0,0,0,-2.04,384.22,46,7
2025-08-03,utilities sector remains stable during market fluctuations,Bloomberg,Trade Tariffs Announcement,NSE Nifty,-0.23,56.9,positive,Finance,Medium,JP Morgan Chase,,utilities sector remains stable during market fluctuations,0,0,0,-0.23,56.9,58,7
2025-07-27,dow jones plunges as market fears recession,Wall Street Journal,Economic Data Release,Nasdaq Composite,3.75,103.01,negative,Pharmaceuticals,High,Goldman Sachs,https://www.marketwatch.com/story/commodities-price-shock,dow jones plunges as market fears recession,0,2,-2,3.75,103.01,43,7
2025-05-03,major technology firm acquires a smaller rival in a multi-billion dollar deal,Economic Times,Central Bank Meeting,Dow Jones,1.97,306.39,positive,Consumer Goods,High,Apple Inc.,https://timesofindia.indiatimes.com/business/markets/stock-market-crash,major technology firm acquires a smaller rival in a multi-billion dollar deal,0,0,0,1.97,306.39,77,12
2025-02-24,banking stocks dip after a major scandal is revealed,Financial Times,Inflation Data Release,Nikkei 225,1.14,360.16,negative,Finance,High,Reliance Industries,https://www.ft.com/content/tech-sector-innovation,banking stocks dip after a major scandal is revealed,0,2,-2,1.14,360.16,52,9
2025-04-29,major technology firm acquires a smaller rival in a multi-billion dollar deal,Financial Times,Market Rally,Euro Stoxx 50,-1.8,243.49,positive,Energy,Medium,Boeing,https://www.wsj.com/europe/dax-performance,major technology firm acquires a smaller rival in a multi-billion dollar deal,0,0,0,-1.8,243.49,77,12
2025-04-16,china s shanghai composite falls after new trade restrictions,The Motley Fool,Consumer Confidence Report,KOSPI,3.27,383.29,positive,Technology,High,Boeing,https://www.moneycontrol.com/us-markets/sp-500,china s shanghai composite falls after new trade restrictions,0,1,-1,3.27,383.29,61,9
2025-05-10,uk s ftse 100 sees a boost from favorable trade data,Wall Street Journal,Central Bank Meeting,ASX 200,-3.88,196.81,negative,Transportation,Medium,Tata Motors,https://timesofindia.indiatimes.com/business/markets/stock-market-crash,uk s ftse 100 sees a boost from favorable trade data,2,0,2,-3.88,196.81,52,11
2025-07-22,china s shanghai composite falls after new trade restrictions,Business Standard,Supply Chain Disruption,Shanghai Composite,-4.13,194.81,positive,Transportation,Medium,ExxonMobil,https://www.investopedia.com/articles/government-policy-announcement,china s shanghai composite falls after new trade restrictions,0,1,-1,-4.13,194.81,61,9
2025-05-09,consumer confidence index reaches a decade high,Business Standard,Corporate Earnings Report,FTSE 100,-0.45,77.41,negative,Automotive,Medium,Samsung Electronics,https://www.moneycontrol.com/us-markets/sp-500,consumer confidence index reaches a decade high,1,0,1,-0.45,77.41,47,7
2025-06-28,central bank s dovish tone hints at future rate cuts,Investopedia,Interest Rate Change,KOSPI,3.89,237.12,positive,Transportation,High,Boeing,https://www.business-standard.com/economy/inflation-data,central bank s dovish tone hints at future rate cuts,0,0,0,3.89,237.12,52,10
2025-03-16,government spending bill is expected to stimulate the economy,Financial Times,Commodity Price Shock,CAC 40,-2.74,460.8,negative,Media & Entertainment,Medium,Tata Motors,https://www.reuters.com/markets/indices/nikkei-225,government spending bill is expected to stimulate the economy,0,0,0,-2.74,460.8,61,9
2025-04-02,nikkei 225 index benefits from a weaker yen,Investopedia,Bond Market Fluctuation,ASX 200,-3.13,354.58,negative,Aerospace & Defense,High,Tesla,https://timesofindia.indiatimes.com/business/corporate-governance,nikkei 225 index benefits from a weaker yen,0,1,-1,-3.13,354.58,43,8
2025-03-05,new regulations on cryptocurrencies cause a market dip,Financial Times,Interest Rate Change,Dow Jones,-0.37,120.3,negative,Transportation,High,Samsung Electronics,https://www.reuters.com/markets/stocks/tech-rally,new regulations on cryptocurrencies cause a market dip,0,1,-1,-0.37,120.3,54,8
2025-06-29,new housing data release shows a slowdown in market activity,MarketWatch,Commodity Price Shock,NSE Nifty,5.0,487.76,negative,Healthcare,Medium,Goldman Sachs,https://www.ft.com/content/consumer-confidence-report,new housing data release shows a slowdown in market activity,0,1,-1,5.0,487.76,60,10
2025-04-16,media and entertainment companies report a surge in streaming revenue,Times of India,Government Policy Announcement,Euro Stoxx 50,-4.65,35.54,positive,Retail,Low,Microsoft,https://www.moneycontrol.com/us-markets/nasdaq-composite,media and entertainment companies report a surge in streaming revenue,1,0,1,-4.65,35.54,69,10
2025-02-16,market braces for a major policy announcement from the eu,Economic Times,Currency Devaluation,IBOVESPA,-0.25,118.85,negative,Healthcare,High,Reliance Industries,https://www.investopedia.com/articles/supply-chain-disruption,market braces for a major policy announcement from the eu,0,0,0,-0.25,118.85,57,10
2025-02-19,gold prices surge as investors flee riskier assets,MarketWatch,Commodity Price Shock,Dow Jones,4.22,309.02,positive,Utilities,High,Microsoft,https://www.wsj.com/china/market-rally,gold prices surge as investors flee riskier assets,1,0,1,4.22,309.02,50,8
2025-07-23,e-commerce earnings report beats all analyst expectations,The Hindu Business Line,Economic Data Release,IBOVESPA,0.24,175.88,negative,Utilities,Low,Samsung Electronics,https://www.wsj.com/japan/economic-data-release,e-commerce earnings report beats all analyst expectations,1,0,1,0.24,175.88,57,7
2025-03-19,supply chain issues impact manufacturing sector earnings,Yahoo Finance,Government Policy Announcement,Nasdaq Composite,-3.68,461.81,negative,Pharmaceuticals,Low,Boeing,https://www.moneycontrol.com/us-markets/sp-500,supply chain issues impact manufacturing sector earnings,0,0,0,-3.68,461.81,56,7
2025-07-04,financial services stocks rally on strong profit margins,Business Standard,Market Rally,CAC 40,-3.23,133.32,negative,Transportation,High,Samsung Electronics,https://economictimes.indiatimes.com/news/transportation,financial services stocks rally on strong profit margins,3,0,3,-3.23,133.32,56,8
2025-02-06,crude oil prices drop to a multi-year low,The Economist,Stock Market Crash,Euro Stoxx 50,2.22,36.12,positive,Aerospace & Defense,Medium,Apple Inc.,https://www.reuters.com/business/energy/oil-market-update,crude oil prices drop to a multi-year low,0,1,-1,2.22,36.12,41,8
2025-06-08,geopolitical ceasefire prompts a broad market recovery,CNBC,Interest Rate Change,NSE Nifty,-0.52,25.93,positive,Media & Entertainment,Low,Samsung Electronics,https://www.wsj.com/europe/regulatory-changes,geopolitical ceasefire prompts a broad market recovery,1,0,1,-0.52,25.93,54,7
2025-03-17,banking stocks dip after a major scandal is revealed,MarketWatch,Economic Data Release,Russell 2000,0.8,387.74,negative,Energy,Low,Apple Inc.,https://www.ft.com/content/consumer-confidence-report,banking stocks dip after a major scandal is revealed,0,2,-2,0.8,387.74,52,9
2025-06-14,consumer confidence index reaches a decade high,Wall Street Journal,Currency Devaluation,Shanghai Composite,,130.02,positive,Agriculture,Low,Samsung Electronics,https://www.cnbc.com/2025/08/russia-ukraine-war-economic-impact,consumer confidence index reaches a decade high,1,0,1,,130.02,47,7
2025-02-24,consumer discretionary stocks outperform as spending increases,The Motley Fool,Supply Chain Disruption,Russell 2000,4.99,176.58,positive,Utilities,High,Reliance Industries,https://www.business-standard.com/international-business/trade-policy,consumer discretionary stocks outperform as spending increases,2,0,2,4.99,176.58,62,7
2025-07-19,crude oil prices drop to a multi-year low,Yahoo Finance,Central Bank Meeting,CAC 40,-4.24,220.4,negative,Materials,High,Boeing,https://www.business-standard.com/finance/corporate-earnings,crude oil prices drop to a multi-year low,0,1,-1,-4.24,220.4,41,8
2025-08-03,utilities sector remains stable during market fluctuations,Bloomberg,Trade Tariffs Announcement,NSE Nifty,-0.23,56.9,positive,Finance,Medium,JP Morgan Chase,,utilities sector remains stable during market fluctuations,0,0,0,-0.23,56.9,58,7
2025-02-02,utilities sector remains stable during market fluctuations,The Motley Fool,Unemployment Rate Announcement,Hang Seng,3.84,150.87,positive,Automotive,High,Microsoft,https://www.reuters.com/business/energy/oil-market-update,utilities sector remains stable during market fluctuations,0,0,0,3.84,150.87,58,7
2025-02-20,major oil spill sends energy stocks plummeting,Times of India,Government Policy Announcement,S&P/TSX Composite,3.55,152.03,negative,Consumer Goods,Low,Tata Motors,https://www.ft.com/content/consumer-confidence-report,major oil spill sends energy stocks plummeting,0,0,0,3.55,152.03,46,7
2025-03-02,financial sector bracing for new capital requirements,Mint,Consumer Confidence Report,Shanghai Composite,-2.17,496.78,positive,Materials,High,Goldman Sachs,https://www.reuters.com/markets/stocks/tech-rally,financial sector bracing for new capital requirements,0,0,0,-2.17,496.78,53,7
2025-02-04,major oil spill sends energy stocks plummeting,The Hindu Business Line,Economic Data Release,S&P 500,1.86,322.25,negative,Healthcare,Medium,Apple Inc.,https://www.wsj.com/japan/economic-data-release,major oil spill sends energy stocks plummeting,0,0,0,1.86,322.25,46,7
2025-07-23,real estate sector shows signs of overheating as interest rates fall,Mint,Economic Data Release,DAX,3.03,5.3,negative,Energy,Medium,Tata Motors,https://www.moneycontrol.com/us-markets/dow-jones-industrial,real estate sector shows signs of overheating as interest rates fall,0,1,-1,3.03,5.3,68,11
2025-03-08,semiconductor shortages weigh heavily on tech sector profits,Business Standard,Supply Chain Disruption,Shanghai Composite,,320.95,negative,Transportation,Medium,Goldman Sachs,https://www.business-standard.com/finance/corporate-earnings,semiconductor shortages weigh heavily on tech sector profits,1,0,1,,320.95,60,8
2025-06-09,federal reserve chairman s speech causes market volatility,Reuters,Consumer Confidence Report,TSX,-4.56,244.44,positive,Transportation,Low,Reliance Industries,https://economictimes.indiatimes.com/stocks/bse-sensex-plunges,federal reserve chairman s speech causes market volatility,0,0,0,-4.56,244.44,58,8
2025-06-28,energy company s dividend hike excites shareholders,Seeking Alpha,Government Policy Announcement,TSX,2.24,118.73,positive,Aerospace & Defense,Medium,Goldman Sachs,https://www.bloomberg.com/asia/telecommunications-news,energy company s dividend hike excites shareholders,0,0,0,2.24,118.73,51,7
2025-03-09,new ipo for a popular software firm is oversubscribed,Mint,Regulatory Changes,BSE Sensex,-2.37,112.34,positive,Aerospace & Defense,Low,Goldman Sachs,https://www.reuters.com/markets/stocks/tech-rally,new ipo for a popular software firm is oversubscribed,0,0,0,-2.37,112.34,53,9
2025-03-14,unexpected rise in unemployment fuels market pessimism,Yahoo Finance,Cryptocurrency Regulation,S&P/TSX Composite,1.78,182.32,positive,Construction,Low,Apple Inc.,https://www.reuters.com/markets/stocks/tech-rally,unexpected rise in unemployment fuels market pessimism,1,0,1,1.78,182.32,54,7
2025-07-18,government spending bill is expected to stimulate the economy,Forbes,Corporate Earnings Report,S&P 500,1.22,172.11,positive,Consumer Goods,High,Tesla,https://www.reuters.com/business/energy/oil-market-update,government spending bill is expected to stimulate the economy,0,0,0,1.22,172.11,61,9
2025-04-19,pharmaceutical company s drug approval drives stock upward,The Economist,Currency Devaluation,TSX,-2.29,385.77,positive,Technology,High,ExxonMobil,https://www.bloomberg.com/canada/tsunami-warnings,pharmaceutical company s drug approval drives stock upward,1,0,1,-2.29,385.77,58,8
2025-02-09,government subsidy program gives a lift to the agriculture sector,Mint,Unemployment Rate Announcement,DAX,0.88,177.9,negative,Telecommunications,Medium,ExxonMobil,https://timesofindia.indiatimes.com/business/finance/banking-sector-news,government subsidy program gives a lift to the agriculture sector,0,0,0,0.88,177.9,65,10
2025-04-09,merger talks between two banks fall through,Barron's,Commodity Price Shock,DAX,4.3,220.09,positive,Finance,Low,Boeing,https://www.moneycontrol.com/india/ipo-news/new-firm-launches,merger talks between two banks fall through,0,1,-1,4.3,220.09,43,7
2025-05-16,new housing data release shows a slowdown in market activity,MarketWatch,Cryptocurrency Regulation,S&P/TSX Composite,-1.23,396.52,positive,Construction,Low,Goldman Sachs,https://www.ft.com/content/geopolitical-summit,new housing data release shows a slowdown in market activity,0,1,-1,-1.23,396.52,60,10
2025-07-16,market sentiment turns positive on vaccine trial results,CNBC,Government Policy Announcement,CAC 40,2.45,123.21,negative,Real Estate,Low,Reliance Industries,https://www.business-standard.com/economy/trade-disputes-impact,market sentiment turns positive on vaccine trial results,1,0,1,2.45,123.21,56,8
2025-06-13,retail sales report surpasses all forecasts,Mint,Interest Rate Change,Shanghai Composite,1.71,50.57,negative,Pharmaceuticals,Medium,Tesla,https://www.business-standard.com/finance/corporate-earnings,retail sales report surpasses all forecasts,0,0,0,1.71,50.57,43,6
2025-02-18,asx 200 gains on strong export performance,Yahoo Finance,Inflation Data Release,S&P 500,2.65,3.62,negative,Energy,Low,Microsoft,https://www.reuters.com/business/retail-sector-earnings,asx 200 gains on strong export performance,2,0,2,2.65,3.62,42,7
2025-05-01,"global trade talks collapse, causing market turmoil",The Economist,Regulatory Changes,Shanghai Composite,-1.98,437.35,negative,Real Estate,Low,Reliance Industries,https://www.reuters.com/business/retail-sector-earnings,global trade talks collapse causing market turmoil,0,1,-1,-1.98,437.35,50,7
2025-03-01,central bank maintains status quo on interest rates,The Economist,Bond Market Fluctuation,IBOVESPA,-1.78,250.79,positive,Healthcare,Low,ExxonMobil,https://www.reuters.com/markets/indices/nikkei-225,central bank maintains status quo on interest rates,0,0,0,-1.78,250.79,51,8
2025-05-01,new housing data release shows a slowdown in market activity,Forbes,Supply Chain Disruption,Euro Stoxx 50,,317.45,positive,Finance,Low,Microsoft,https://www.forbes.com/finance/geopolitical-event-impact,new housing data release shows a slowdown in market activity,0,1,-1,,317.45,60,10
2025-03-13,dow jones plunges as market fears recession,Reuters,Market Rally,S&P/TSX Composite,2.25,15.3,negative,Automotive,Low,Boeing,https://www.wsj.com/europe/regulatory-changes,dow jones plunges as market fears recession,0,2,-2,2.25,15.3,43,7
2025-06-28,tech giant s new product launch sparks sector-wide gains,Economic Times,Unemployment Rate Announcement,FTSE 100,-2.62,416.49,positive,Industrials,High,Apple Inc.,https://www.reuters.com/business/retail-sector-earnings,tech giant s new product launch sparks sector-wide gains,1,0,1,-2.62,416.49,56,9
2025-06-26,government policy shift boosts renewable energy sector,CNBC,Economic Data Release,CAC 40,2.77,200.99,negative,Healthcare,Low,Apple Inc.,https://www.moneycontrol.com/us-markets/sp-500,government policy shift boosts renewable energy sector,1,0,1,2.77,200.99,54,7
2025-03-09,central bank s dovish tone hints at future rate cuts,The Motley Fool,Bond Market Fluctuation,S&P/TSX Composite,0.38,145.66,positive,Industrials,Medium,Microsoft,https://www.ft.com/content/geopolitical-summit,central bank s dovish tone hints at future rate cuts,0,0,0,0.38,145.66,52,10
2025-05-15,market sentiment turns positive on vaccine trial results,Seeking Alpha,Regulatory Changes,FTSE 100,-1.94,73.99,positive,Technology,High,Samsung Electronics,https://www.cnbc.com/2025/09/automotive-industry-trends,market sentiment turns positive on vaccine trial results,1,0,1,-1.94,73.99,56,8
2025-05-17,utilities sector remains stable during market fluctuations,Forbes,Inflation Data Release,ASX 200,3.51,402.06,positive,Finance,High,Boeing,https://www.marketwatch.com/story/consumer-goods-report,utilities sector remains stable during market fluctuations,0,0,0,3.51,402.06,58,7
2025-07-26,crude oil prices drop to a multi-year low,Mint,Government Policy Announcement,Euro Stoxx 50,-3.63,150.93,positive,Aerospace & Defense,Low,Tesla,https://www.ft.com/content/tech-sector-innovation,crude oil prices drop to a multi-year low,0,1,-1,-3.63,150.93,41,8
2025-08-06,media and entertainment companies report a surge in streaming revenue,Reuters,Market Rally,Shanghai Composite,-1.31,357.29,negative,Media & Entertainment,Medium,Reliance Industries,https://www.business-standard.com/economy/inflation-data,media and entertainment companies report a surge in streaming revenue,1,0,1,-1.31,357.29,69,10
2025-08-02,unexpected rise in unemployment fuels market pessimism,Mint,Bond Market Fluctuation,Nasdaq Composite,1.04,490.23,positive,Media & Entertainment,Medium,Apple Inc.,https://economictimes.indiatimes.com/news/economy/unemployment-rate,unexpected rise in unemployment fuels market pessimism,1,0,1,1.04,490.23,54,7
2025-06-24,utilities sector remains stable during market fluctuations,Business Standard,IPO Launch,Russell 2000,3.73,136.41,negative,Finance,Low,Apple Inc.,https://timesofindia.indiatimes.com/business/markets/stock-market-crash,utilities sector remains stable during market fluctuations,0,0,0,3.73,136.41,58,7
2025-05-28,automotive industry faces headwinds from rising material costs,Mint,Interest Rate Change,Hang Seng,1.51,98.41,negative,Healthcare,High,Reliance Industries,https://www.wsj.com/japan/economic-data-release,automotive industry faces headwinds from rising material costs,0,1,-1,1.51,98.41,62,8
2025-05-04,e-commerce earnings report beats all analyst expectations,Investopedia,Corporate Earnings Report,ASX 200,-2.26,151.71,negative,Retail,High,ExxonMobil,https://www.ft.com/content/geopolitical-summit,e-commerce earnings report beats all analyst expectations,1,0,1,-2.26,151.71,57,7
2025-06-12,e-commerce earnings report beats all analyst expectations,The Hindu Business Line,IPO Launch,Shanghai Composite,2.25,260.61,positive,Materials,Low,ExxonMobil,https://www.wsj.com/europe/regulatory-changes,e-commerce earnings report beats all analyst expectations,1,0,1,2.25,260.61,57,7
2025-05-13,"global trade talks collapse, causing market turmoil",Forbes,Unemployment Rate Announcement,Russell 2000,-2.74,185.15,positive,Pharmaceuticals,Medium,Samsung Electronics,https://www.bloomberg.com/asia/policy/central-bank-meeting,global trade talks collapse causing market turmoil,0,1,-1,-2.74,185.15,50,7
2025-02-01,mining company stock surges on commodity price boom,Bloomberg,Unemployment Rate Announcement,BSE Sensex,4.58,385.19,negative,Aerospace & Defense,High,Apple Inc.,https://economictimes.indiatimes.com/stocks/bse-sensex-plunges,mining company stock surges on commodity price boom,1,0,1,4.58,385.19,51,8
2025-03-03,utilities sector remains stable during market fluctuations,Financial Times,Supply Chain Disruption,Euro Stoxx 50,-2.45,334.6,negative,Materials,Medium,Tesla,https://www.business-standard.com/economy/inflation-data,utilities sector remains stable during market fluctuations,0,0,0,-2.45,334.6,58,7
2025-04-05,supply chain issues impact manufacturing sector earnings,CNBC,Government Policy Announcement,S&P/TSX Composite,1.58,348.2,negative,Energy,High,Boeing,https://www.cnbc.com/2025/10/real-estate-market-analysis,supply chain issues impact manufacturing sector earnings,0,0,0,1.58,348.2,56,7
2025-06-16,utilities sector remains stable during market fluctuations,Mint,Supply Chain Disruption,Russell 2000,-0.35,384.93,negative,Finance,High,Reliance Industries,https://www.reuters.com/markets/indices/nikkei-225,utilities sector remains stable during market fluctuations,0,0,0,-0.35,384.93,58,7
2025-06-25,government spending bill is expected to stimulate the economy,Forbes,Commodity Price Shock,S&P/TSX Composite,4.1,162.75,negative,Pharmaceuticals,Low,Boeing,https://www.bloomberg.com/canada/tsunami-warnings,government spending bill is expected to stimulate the economy,0,0,0,4.1,162.75,61,9
2025-08-10,crude oil prices drop to a multi-year low,Financial Times,Major Merger/Acquisition,TSX,-0.42,379.61,positive,Pharmaceuticals,High,Samsung Electronics,https://www.cnbc.com/2025/08/russia-ukraine-war-economic-impact,crude oil prices drop to a multi-year low,0,1,-1,-0.42,379.61,41,8
2025-04-02,unexpected rise in unemployment fuels market pessimism,CNBC,Inflation Data Release,DAX,3.94,453.16,positive,Agriculture,High,Microsoft,https://www.cnbc.com/2025/08/russia-ukraine-war-economic-impact,unexpected rise in unemployment fuels market pessimism,1,0,1,3.94,453.16,54,7
2025-06-26,major oil spill sends energy stocks plummeting,Seeking Alpha,Supply Chain Disruption,Russell 2000,-3.38,84.29,negative,Construction,High,Boeing,https://www.wsj.com/china/market-rally,major oil spill sends energy stocks plummeting,0,0,0,-3.38,84.29,46,7
2025-04-08,e-commerce earnings report beats all analyst expectations,Yahoo Finance,Economic Data Release,FTSE 100,,224.9,negative,Healthcare,Medium,Samsung Electronics,https://www.ft.com/content/geopolitical-summit,e-commerce earnings report beats all analyst expectations,1,0,1,,224.9,57,7
2025-07-02,pharmaceutical company s drug approval drives stock upward,The Economist,Market Rally,Shanghai Composite,1.48,472.13,negative,Media & Entertainment,Low,Reliance Industries,https://www.business-standard.com/economy/trade-disputes-impact,pharmaceutical company s drug approval drives stock upward,1,0,1,1.48,472.13,58,8
2025-04-03,"global trade talks collapse, causing market turmoil",Times of India,Consumer Confidence Report,Euro Stoxx 50,3.86,78.26,negative,Media & Entertainment,High,Tata Motors,https://www.ft.com/content/geopolitical-summit,global trade talks collapse causing market turmoil,0,1,-1,3.86,78.26,50,7
2025-05-24,mining company stock surges on commodity price boom,Wall Street Journal,Cryptocurrency Regulation,S&P/TSX Composite,4.72,233.38,positive,Transportation,Low,Microsoft,https://www.business-standard.com/economy/inflation-data,mining company stock surges on commodity price boom,1,0,1,4.72,233.38,51,8
2025-02-27,market braces for a major policy announcement from the eu,MarketWatch,Commodity Price Shock,Nikkei 225,1.16,218.92,positive,Construction,Low,Boeing,https://www.bloomberg.com/canada/tsunami-warnings,market braces for a major policy announcement from the eu,0,0,0,1.16,218.92,57,10
2025-07-13,automotive industry faces headwinds from rising material costs,MarketWatch,Major Merger/Acquisition,Shanghai Composite,-3.07,254.24,negative,Utilities,High,JP Morgan Chase,https://economictimes.indiatimes.com/news/economy/unemployment-rate,automotive industry faces headwinds from rising material costs,0,1,-1,-3.07,254.24,62,8
2025-07-16,financial services stocks rally on strong profit margins,The Motley Fool,Commodity Price Shock,KOSPI,3.21,222.28,negative,Transportation,Medium,Boeing,https://www.business-standard.com/economy/economic-stimulus,financial services stocks rally on strong profit margins,3,0,3,3.21,222.28,56,8
2025-02-16,"global trade talks collapse, causing market turmoil",Investopedia,Central Bank Meeting,S&P 500,-4.06,352.54,negative,Consumer Goods,High,Apple Inc.,https://economictimes.indiatimes.com/stocks/bse-sensex-plunges,global trade talks collapse causing market turmoil,0,1,-1,-4.06,352.54,50,7
2025-07-10,media and entertainment companies report a surge in streaming revenue,The Hindu Business Line,Government Policy Announcement,Hang Seng,,36.13,negative,Aerospace & Defense,Medium,Goldman Sachs,https://www.business-standard.com/economy/inflation-data,media and entertainment companies report a surge in streaming revenue,1,0,1,,36.13,69,10
2025-04-07,government subsidy program gives a lift to the agriculture sector,Wall Street Journal,Economic Data Release,Russell 2000,-2.37,221.77,positive,Industrials,Low,ExxonMobil,https://economictimes.indiatimes.com/stocks/bse-sensex-plunges,government subsidy program gives a lift to the agriculture sector,0,0,0,-2.37,221.77,65,10
2025-04-07,new housing data release shows a slowdown in market activity,Barron's,Major Merger/Acquisition,Hang Seng,-4.23,282.37,negative,Aerospace & Defense,Low,Tata Motors,https://www.theeconomist.com/finance-and-economics/trade-tariffs,new housing data release shows a slowdown in market activity,0,1,-1,-4.23,282.37,60,10
2025-03-16,financial services stocks rally on strong profit margins,Economic Times,Bond Market Fluctuation,ASX 200,-1.11,262.76,positive,Utilities,Medium,Boeing,https://timesofindia.indiatimes.com/business/finance/banking-sector-news,financial services stocks rally on strong profit margins,3,0,3,-1.11,262.76,56,8
2025-05-09,financial services stocks rally on strong profit margins,CNBC,Central Bank Meeting,BSE Sensex,0.42,398.15,positive,Finance,Low,JP Morgan Chase,https://www.ft.com/content/consumer-confidence-report,financial services stocks rally on strong profit margins,3,0,3,0.42,398.15,56,8
2025-06-02,new regulations on cryptocurrencies cause a market dip,The Hindu Business Line,Commodity Price Shock,Nasdaq Composite,2.4,358.72,negative,Construction,Medium,Goldman Sachs,https://www.wsj.com/europe/regulatory-changes,new regulations on cryptocurrencies cause a market dip,0,1,-1,2.4,358.72,54,8
2025-02-23,dow jones plunges as market fears recession,Investopedia,Geopolitical Event,Russell 2000,-4.77,474.03,negative,Healthcare,Low,Apple Inc.,https://economictimes.indiatimes.com/industry/industrials,dow jones plunges as market fears recession,0,2,-2,-4.77,474.03,43,7
2025-05-30,manufacturing pmi data signals economic expansion,Financial Times,Currency Devaluation,Euro Stoxx 50,2.67,404.86,positive,Healthcare,Medium,Apple Inc.,https://www.marketwatch.com/story/commodities-price-shock,manufacturing pmi data signals economic expansion,0,0,0,2.67,404.86,49,6
2025-04-23,market braces for a major policy announcement from the eu,MarketWatch,Major Merger/Acquisition,Russell 2000,-2.01,141.94,negative,Automotive,Medium,Tesla,https://www.reuters.com/business/energy/oil-market-update,market braces for a major policy announcement from the eu,0,0,0,-2.01,141.94,57,10
2025-04-03,central bank governor signals potential shift in policy,Mint,Unemployment Rate Announcement,S&P 500,-1.36,204.76,negative,Utilities,High,Tata Motors,https://timesofindia.indiatimes.com/business/finance/banking-sector-news,central bank governor signals potential shift in policy,0,0,0,-1.36,204.76,55,8
2025-03-13,government policy shift boosts renewable energy sector,Seeking Alpha,Commodity Price Shock,NSE Nifty,0.5,164.6,positive,Utilities,Low,Tesla,https://www.bloomberg.com/asia/telecommunications-news,government policy shift boosts renewable energy sector,1,0,1,0.5,164.6,54,7
2025-06-11,tech giant s new product launch sparks sector-wide gains,Investopedia,Central Bank Meeting,Russell 2000,2.06,480.73,positive,Retail,Low,Reliance Industries,https://www.forbes.com/finance/geopolitical-event-impact,tech giant s new product launch sparks sector-wide gains,1,0,1,2.06,480.73,56,9
2025-07-15,manufacturing pmi data signals economic expansion,Bloomberg,Central Bank Meeting,ASX 200,4.26,483.36,negative,Media & Entertainment,Low,JP Morgan Chase,https://www.business-standard.com/finance/corporate-earnings,manufacturing pmi data signals economic expansion,0,0,0,4.26,483.36,49,6
2025-06-14,uk s ftse 100 sees a boost from favorable trade data,Seeking Alpha,Consumer Confidence Report,IBOVESPA,-4.11,456.94,positive,Industrials,Low,JP Morgan Chase,https://www.cnbc.com/2025/08/russia-ukraine-war-economic-impact,uk s ftse 100 sees a boost from favorable trade data,2,0,2,-4.11,456.94,52,11
2025-03-27,gold prices surge as investors flee riskier assets,The Hindu Business Line,Commodity Price Shock,Shanghai Composite,3.64,108.63,negative,Energy,Low,Microsoft,https://www.reuters.com/business/retail-sector-earnings,gold prices surge as investors flee riskier assets,1,0,1,3.64,108.63,50,8
2025-06-05,nikkei 225 index benefits from a weaker yen,Forbes,Supply Chain Disruption,CAC 40,-1.47,454.01,positive,Media & Entertainment,Medium,Tesla,https://economictimes.indiatimes.com/industry/industrials,nikkei 225 index benefits from a weaker yen,0,1,-1,-1.47,454.01,43,8
2025-08-02,major technology firm acquires a smaller rival in a multi-billion dollar deal,The Motley Fool,Interest Rate Change,CAC 40,0.42,72.24,negative,Construction,Low,Reliance Industries,https://economictimes.indiatimes.com/stocks/bse-sensex-plunges,major technology firm acquires a smaller rival in a multi-billion dollar deal,0,0,0,0.42,72.24,77,12
2025-07-12,record-high inflation data rattles investors,Investopedia,Geopolitical Event,BSE Sensex,3.34,406.63,positive,Utilities,Medium,Boeing,https://www.bloomberg.com/australia/asx-200-performance,record-high inflation data rattles investors,1,0,1,3.34,406.63,44,5
2025-04-07,retail sales report surpasses all forecasts,Reuters,Inflation Data Release,NSE Nifty,3.42,48.36,positive,Automotive,Low,ExxonMobil,https://www.ft.com/content/consumer-confidence-report,retail sales report surpasses all forecasts,0,0,0,3.42,48.36,43,6
2025-07-12,new regulations on cryptocurrencies cause a market dip,Financial Times,IPO Launch,NSE Nifty,-1.23,421.3,positive,Utilities,Low,Microsoft,https://www.wsj.com/europe/dax-performance,new regulations on cryptocurrencies cause a market dip,0,1,-1,-1.23,421.3,54,8
2025-02-24,market braces for a major policy announcement from the eu,Forbes,Economic Data Release,CAC 40,-2.96,331.41,negative,Real Estate,Medium,ExxonMobil,https://www.wsj.com/china/market-regulation,market braces for a major policy announcement from the eu,0,0,0,-2.96,331.41,57,10
2025-08-10,crude oil prices drop to a multi-year low,Financial Times,Major Merger/Acquisition,TSX,-0.42,379.61,positive,Pharmaceuticals,High,Samsung Electronics,https://www.cnbc.com/2025/08/russia-ukraine-war-economic-impact,crude oil prices drop to a multi-year low,0,1,-1,-0.42,379.61,41,8
2025-07-12,geopolitical ceasefire prompts a broad market recovery,Economic Times,Corporate Earnings Report,BSE Sensex,3.65,394.62,negative,Utilities,Low,Goldman Sachs,https://www.theeconomist.com/world/government-policy-announcement,geopolitical ceasefire prompts a broad market recovery,1,0,1,3.65,394.62,54,7
2025-08-03,media and entertainment companies report a surge in streaming revenue,MarketWatch,Commodity Price Shock,BSE Sensex,-4.81,171.27,negative,Real Estate,Low,Samsung Electronics,https://www.forbes.com/crypto/cryptocurrency-regulation,media and entertainment companies report a surge in streaming revenue,1,0,1,-4.81,171.27,69,10
2025-06-21,massive stock buyback program announced by a consumer goods company,Financial Times,Consumer Confidence Report,Hang Seng,-1.93,115.99,positive,Retail,Low,Boeing,https://www.cnbc.com/2025/09/automotive-industry-trends,massive stock buyback program announced by a consumer goods company,0,0,0,-1.93,115.99,67,10
2025-07-19,quarterly report shows surprising losses for retail giants,Yahoo Finance,Major Merger/Acquisition,S&P 500,3.2,211.65,positive,Aerospace & Defense,Low,Apple Inc.,https://timesofindia.indiatimes.com/business/agriculture-sector,quarterly report shows surprising losses for retail giants,0,1,-1,3.2,211.65,58,8
2025-02-25,tech giant s new product launch sparks sector-wide gains,Economic Times,Commodity Price Shock,S&P/TSX Composite,-0.7,463.32,negative,Real Estate,Low,JP Morgan Chase,https://www.cnbc.com/2025/09/automotive-industry-trends,tech giant s new product launch sparks sector-wide gains,1,0,1,-0.7,463.32,56,9
2025-08-10,manufacturing pmi data signals economic expansion,Forbes,IPO Launch,IBOVESPA,-1.92,257.4,positive,Media & Entertainment,Low,JP Morgan Chase,https://www.bloomberg.com/asia/policy/central-bank-meeting,manufacturing pmi data signals economic expansion,0,0,0,-1.92,257.4,49,6
2025-03-01,government spending bill is expected to stimulate the economy,Yahoo Finance,Economic Data Release,Nasdaq Composite,3.88,184.99,positive,Aerospace & Defense,Medium,Tata Motors,https://www.marketwatch.com/story/consumer-goods-report,government spending bill is expected to stimulate the economy,0,0,0,3.88,184.99,61,9
2025-03-26,government policy shift boosts renewable energy sector,The Economist,Government Policy Announcement,Euro Stoxx 50,-2.01,204.61,negative,Automotive,Medium,Tata Motors,https://economictimes.indiatimes.com/industry/industrials,government policy shift boosts renewable energy sector,1,0,1,-2.01,204.61,54,7
2025-03-12,crude oil prices drop to a multi-year low,CNBC,Supply Chain Disruption,Hang Seng,3.98,299.93,negative,Materials,High,Boeing,https://www.investopedia.com/articles/government-policy-announcement,crude oil prices drop to a multi-year low,0,1,-1,3.98,299.93,41,8
2025-05-21,retail sales report surpasses all forecasts,The Hindu Business Line,Bond Market Fluctuation,FTSE 100,3.83,4.04,positive,Automotive,Medium,Reliance Industries,https://www.forbes.com/crypto/cryptocurrency-regulation,retail sales report surpasses all forecasts,0,0,0,3.83,4.04,43,6
2025-04-16,bond yields tumble as investors seek safe havens,The Hindu Business Line,Inflation Data Release,S&P 500,0.03,156.2,positive,Telecommunications,High,Tesla,https://www.cnbc.com/2025/11/major-merger-deal-approved,bond yields tumble as investors seek safe havens,0,1,-1,0.03,156.2,48,8
2025-05-26,government policy shift boosts renewable energy sector,Investopedia,Corporate Earnings Report,CAC 40,-1.67,328.16,negative,Real Estate,Low,Apple Inc.,https://www.reuters.com/markets/indices/nikkei-225,government policy shift boosts renewable energy sector,1,0,1,-1.67,328.16,54,7
2025-08-01,energy company s dividend hike excites shareholders,Barron's,Interest Rate Change,S&P 500,0.21,475.25,negative,Transportation,High,Tesla,https://www.ft.com/content/tech-sector-innovation,energy company s dividend hike excites shareholders,0,0,0,0.21,475.25,51,7
2025-05-21,semiconductor shortages weigh heavily on tech sector profits,Investopedia,Unemployment Rate Announcement,BSE Sensex,-0.0,33.11,negative,Finance,Medium,Boeing,https://www.cnbc.com/2025/08/russia-ukraine-war-economic-impact,semiconductor shortages weigh heavily on tech sector profits,1,0,1,-0.0,33.11,60,8
2025-04-06,market sentiment turns positive on vaccine trial results,Business Standard,Bond Market Fluctuation,Nasdaq Composite,-3.66,443.53,positive,Pharmaceuticals,Medium,Reliance Industries,https://economictimes.indiatimes.com/industry/industrials,market sentiment turns positive on vaccine trial results,1,0,1,-3.66,443.53,56,8
2025-04-16,central bank governor signals potential shift in policy,Yahoo Finance,IPO Launch,Russell 2000,-1.05,146.8,positive,Automotive,Low,Tata Motors,https://www.wsj.com/europe/regulatory-changes,central bank governor signals potential shift in policy,0,0,0,-1.05,146.8,55,8
2025-06-21,pharmaceutical company s drug approval drives stock upward,Yahoo Finance,Stock Market Crash,BSE Sensex,-3.41,427.46,negative,Pharmaceuticals,Low,Tata Motors,https://www.marketwatch.com/story/consumer-goods-report,pharmaceutical company s drug approval drives stock upward,1,0,1,-3.41,427.46,58,8
2025-07-04,dow jones plunges as market fears recession,Barron's,Consumer Confidence Report,S&P 500,0.12,380.68,negative,Media & Entertainment,Medium,ExxonMobil,https://timesofindia.indiatimes.com/business/markets/stock-market-crash,dow jones plunges as market fears recession,0,2,-2,0.12,380.68,43,7
2025-02-25,merger talks between two banks fall through,Business Standard,Regulatory Changes,Russell 2000,3.28,189.24,negative,Finance,Low,Reliance Industries,https://www.theeconomist.com/finance-and-economics/trade-tariffs,merger talks between two banks fall through,0,1,-1,3.28,189.24,43,7
2025-03-05,government policy shift boosts renewable energy sector,Barron's,Commodity Price Shock,Hang Seng,,180.27,positive,Finance,Low,Boeing,https://www.ft.com/content/media-entertainment-merger,government policy shift boosts renewable energy sector,1,0,1,,180.27,54,7
2025-02-02,gold prices surge as investors flee riskier assets,Seeking Alpha,Government Policy Announcement,Shanghai Composite,3.19,166.09,positive,Aerospace & Defense,Medium,JP Morgan Chase,https://www.ft.com/content/consumer-confidence-report,gold prices surge as investors flee riskier assets,1,0,1,3.19,166.09,50,8
2025-02-25,financial services stocks rally on strong profit margins,Barron's,IPO Launch,CAC 40,1.13,440.62,negative,Utilities,High,Apple Inc.,https://www.reuters.com/markets/indices/nikkei-225,financial services stocks rally on strong profit margins,3,0,3,1.13,440.62,56,8
2025-07-30,pharmaceutical company s drug approval drives stock upward,Seeking Alpha,Major Merger/Acquisition,NSE Nifty,2.33,159.38,positive,Materials,High,Samsung Electronics,https://timesofindia.indiatimes.com/business/corporate-governance,pharmaceutical company s drug approval drives stock upward,1,0,1,2.33,159.38,58,8
2025-08-07,new regulations on cryptocurrencies cause a market dip,Financial Times,Government Policy Announcement,Shanghai Composite,,389.28,negative,Construction,Low,Apple Inc.,https://www.cnbc.com/2025/08/russia-ukraine-war-economic-impact,new regulations on cryptocurrencies cause a market dip,0,1,-1,,389.28,54,8
2025-06-15,bond yields tumble as investors seek safe havens,Mint,Geopolitical Event,FTSE 100,4.11,30.24,positive,Industrials,Low,ExxonMobil,https://www.ft.com/content/consumer-confidence-report,bond yields tumble as investors seek safe havens,0,1,-1,4.11,30.24,48,8
2025-08-12,massive stock buyback program announced by a consumer goods company,The Economist,Unemployment Rate Announcement,CAC 40,-4.49,229.61,negative,Retail,Low,Samsung Electronics,https://www.ft.com/content/currency-devaluation,massive stock buyback program announced by a consumer goods company,0,0,0,-4.49,229.61,67,10
2025-04-29,major technology firm acquires a smaller rival in a multi-billion dollar deal,Financial Times,Market Rally,Euro Stoxx 50,-1.8,243.49,positive,Energy,Medium,Boeing,https://www.wsj.com/europe/dax-performance,major technology firm acquires a smaller rival in a multi-billion dollar deal,0,0,0,-1.8,243.49,77,12
2025-07-21,tech giant s new product launch sparks sector-wide gains,Economic Times,Consumer Confidence Report,Hang Seng,1.96,415.11,positive,Real Estate,Medium,Tesla,,tech giant s new product launch sparks sector-wide gains,1,0,1,1.96,415.11,56,9
2025-04-04,crude oil prices drop to a multi-year low,Wall Street Journal,Market Rally,IBOVESPA,2.77,440.55,negative,Pharmaceuticals,Medium,ExxonMobil,https://www.business-standard.com/international-business/trade-policy,crude oil prices drop to a multi-year low,0,1,-1,2.77,440.55,41,8
2025-08-02,financial services stocks rally on strong profit margins,Forbes,Inflation Data Release,KOSPI,1.03,486.58,positive,Pharmaceuticals,Low,Tesla,https://www.wsj.com/japan/economic-data-release,financial services stocks rally on strong profit margins,3,0,3,1.03,486.58,56,8
2025-08-14,energy company s dividend hike excites shareholders,Forbes,Central Bank Meeting,DAX,-2.4,76.17,negative,Industrials,High,Goldman Sachs,https://www.bloomberg.com/asia/policy/central-bank-meeting,energy company s dividend hike excites shareholders,0,0,0,-2.4,76.17,51,7
2025-06-25,healthcare stocks gain on robust demand and strong outlook,Wall Street Journal,Regulatory Changes,DAX,-2.95,382.12,positive,Real Estate,Low,Apple Inc.,https://www.investopedia.com/articles/supply-chain-disruption,healthcare stocks gain on robust demand and strong outlook,2,0,2,-2.95,382.12,58,9
2025-03-01,consumer discretionary stocks outperform as spending increases,Seeking Alpha,Economic Data Release,CAC 40,2.43,158.15,positive,Telecommunications,Medium,ExxonMobil,https://www.theeconomist.com/world/government-policy-announcement,consumer discretionary stocks outperform as spending increases,2,0,2,2.43,158.15,62,7
2025-06-19,uk s ftse 100 sees a boost from favorable trade data,CNBC,Regulatory Changes,Nasdaq Composite,0.14,216.05,negative,Construction,High,Boeing,https://www.bloomberg.com/middle-east/news/bond-market-fluctuation,uk s ftse 100 sees a boost from favorable trade data,2,0,2,0.14,216.05,52,11
2025-05-18,central bank governor signals potential shift in policy,Business Standard,Economic Data Release,Russell 2000,,185.71,negative,Pharmaceuticals,Medium,Tesla,https://www.marketwatch.com/story/consumer-goods-report,central bank governor signals potential shift in policy,0,0,0,,185.71,55,8
2025-03-21,semiconductor shortages weigh heavily on tech sector profits,Seeking Alpha,Inflation Data Release,ASX 200,-1.93,474.49,positive,Telecommunications,High,Tata Motors,https://www.theeconomist.com/world/government-policy-announcement,semiconductor shortages weigh heavily on tech sector profits,1,0,1,-1.93,474.49,60,8
2025-02-01,geopolitical ceasefire prompts a broad market recovery,The Motley Fool,Regulatory Changes,DAX,2.92,228.21,negative,Aerospace & Defense,High,Reliance Industries,https://www.moneycontrol.com/us-markets/nasdaq-composite,geopolitical ceasefire prompts a broad market recovery,1,0,1,2.92,228.21,54,7
2025-02-24,consumer discretionary stocks outperform as spending increases,Investopedia,Cryptocurrency Regulation,Euro Stoxx 50,-3.33,440.38,negative,Energy,Medium,ExxonMobil,https://www.moneycontrol.com/us-markets/nasdaq-composite,consumer discretionary stocks outperform as spending increases,2,0,2,-3.33,440.38,62,7
2025-04-29,central bank governor signals potential shift in policy,Business Standard,Regulatory Changes,BSE Sensex,4.6,177.54,positive,Healthcare,Low,Tesla,https://www.cnbc.com/2025/08/russia-ukraine-war-economic-impact,central bank governor signals potential shift in policy,0,0,0,4.6,177.54,55,8
2025-02-16,financial services stocks rally on strong profit margins,The Economist,Geopolitical Event,S&P 500,-3.56,470.44,negative,Utilities,High,Tesla,https://www.wsj.com/europe/regulatory-changes,financial services stocks rally on strong profit margins,3,0,3,-3.56,470.44,56,8
2025-02-05,crude oil prices drop to a multi-year low,The Motley Fool,Government Policy Announcement,Hang Seng,0.74,39.3,negative,Industrials,High,Microsoft,https://www.business-standard.com/economy/trade-disputes-impact,crude oil prices drop to a multi-year low,0,1,-1,0.74,39.3,41,8
2025-06-17,bond yields tumble as investors seek safe havens,Wall Street Journal,Cryptocurrency Regulation,ASX 200,-2.36,182.47,positive,Automotive,Medium,ExxonMobil,https://economictimes.indiatimes.com/stocks/bse-sensex-plunges,bond yields tumble as investors seek safe havens,0,1,-1,-2.36,182.47,48,8
2025-06-24,consumer discretionary stocks outperform as spending increases,Forbes,Market Rally,NSE Nifty,-1.77,483.49,positive,Agriculture,Low,Samsung Electronics,https://timesofindia.indiatimes.com/business/finance/banking-sector-news,consumer discretionary stocks outperform as spending increases,2,0,2,-1.77,483.49,62,7
2025-06-03,china s shanghai composite falls after new trade restrictions,Business Standard,Government Policy Announcement,Shanghai Composite,2.43,125.05,positive,Automotive,Low,Microsoft,https://www.wsj.com/japan/economic-data-release,china s shanghai composite falls after new trade restrictions,0,1,-1,2.43,125.05,61,9
2025-03-21,geopolitical ceasefire prompts a broad market recovery,Mint,IPO Launch,Nikkei 225,-1.56,170.85,positive,Healthcare,High,Tata Motors,https://www.reuters.com/markets/indices/nikkei-225,geopolitical ceasefire prompts a broad market recovery,1,0,1,-1.56,170.85,54,7
2025-04-04,new regulations on cryptocurrencies cause a market dip,CNBC,Central Bank Meeting,KOSPI,-0.11,275.69,positive,Finance,Low,JP Morgan Chase,https://www.ft.com/content/currency-devaluation,new regulations on cryptocurrencies cause a market dip,0,1,-1,-0.11,275.69,54,8
2025-06-10,central bank s dovish tone hints at future rate cuts,Wall Street Journal,Geopolitical Event,Dow Jones,-2.69,490.52,positive,Telecommunications,Low,Boeing,https://www.ft.com/content/tech-sector-innovation,central bank s dovish tone hints at future rate cuts,0,0,0,-2.69,490.52,52,10
2025-02-20,consumer confidence index reaches a decade high,The Motley Fool,Currency Devaluation,S&P/TSX Composite,-0.9,175.54,positive,Industrials,Low,Microsoft,https://www.cnbc.com/2025/08/russia-ukraine-war-economic-impact,consumer confidence index reaches a decade high,1,0,1,-0.9,175.54,47,7
2025-05-19,"global trade talks collapse, causing market turmoil",Forbes,Corporate Earnings Report,ASX 200,,134.77,negative,Retail,Medium,Tesla,https://www.cnbc.com/2025/12/healthcare-sector-outlook,global trade talks collapse causing market turmoil,0,1,-1,,134.77,50,7
2025-03-19,quarterly report shows surprising losses for retail giants,The Hindu Business Line,IPO Launch,TSX,3.12,413.11,positive,Media & Entertainment,High,Tesla,https://www.wsj.com/europe/dax-performance,quarterly report shows surprising losses for retail giants,0,1,-1,3.12,413.11,58,8
2025-03-06,uk s ftse 100 sees a boost from favorable trade data,Mint,Major Merger/Acquisition,S&P/TSX Composite,4.95,103.7,negative,Aerospace & Defense,High,ExxonMobil,https://www.bloomberg.com/asia/policy/central-bank-meeting,uk s ftse 100 sees a boost from favorable trade data,2,0,2,4.95,103.7,52,11
2025-03-06,government subsidy program gives a lift to the agriculture sector,Business Standard,Commodity Price Shock,Russell 2000,-0.05,204.89,positive,Transportation,High,Apple Inc.,https://www.forbes.com/finance/geopolitical-event-impact,government subsidy program gives a lift to the agriculture sector,0,0,0,-0.05,204.89,65,10
2025-05-15,government subsidy program gives a lift to the agriculture sector,Bloomberg,Central Bank Meeting,Nikkei 225,-3.31,225.09,positive,Agriculture,Low,Microsoft,https://www.investopedia.com/articles/government-policy-announcement,government subsidy program gives a lift to the agriculture sector,0,0,0,-3.31,225.09,65,10
2025-02-26,retail sales report surpasses all forecasts,MarketWatch,Major Merger/Acquisition,Nikkei 225,-2.04,399.29,negative,Real Estate,Low,Goldman Sachs,https://www.cnbc.com/2025/09/automotive-industry-trends,retail sales report surpasses all forecasts,0,0,0,-2.04,399.29,43,6
2025-03-17,dow jones plunges as market fears recession,Times of India,Inflation Data Release,Dow Jones,4.06,245.25,negative,Materials,Medium,Apple Inc.,https://www.reuters.com/business/energy/oil-market-update,dow jones plunges as market fears recession,0,2,-2,4.06,245.25,43,7
2025-03-10,new ipo for a popular software firm is oversubscribed,Wall Street Journal,Stock Market Crash,Nasdaq Composite,-4.23,119.57,negative,Healthcare,Low,Tesla,https://timesofindia.indiatimes.com/business/markets/stock-market-crash,new ipo for a popular software firm is oversubscribed,0,0,0,-4.23,119.57,53,9
2025-02-01,manufacturing pmi data signals economic expansion,Investopedia,Economic Data Release,Nasdaq Composite,-1.29,247.98,negative,Telecommunications,High,ExxonMobil,https://economictimes.indiatimes.com/news/economy/unemployment-rate,manufacturing pmi data signals economic expansion,0,0,0,-1.29,247.98,49,6
2025-05-19,geopolitical ceasefire prompts a broad market recovery,Mint,Government Policy Announcement,Nasdaq Composite,-1.73,339.17,negative,Consumer Goods,High,JP Morgan Chase,https://www.reuters.com/markets/indices/nikkei-225,geopolitical ceasefire prompts a broad market recovery,1,0,1,-1.73,339.17,54,7
2025-06-28,retail sales report surpasses all forecasts,Investopedia,Geopolitical Event,S&P 500,3.66,140.88,negative,Media & Entertainment,Medium,Microsoft,https://www.cnbc.com/2025/10/real-estate-market-analysis,retail sales report surpasses all forecasts,0,0,0,3.66,140.88,43,6
2025-02-20,banking stocks dip after a major scandal is revealed,Times of India,Market Rally,Nikkei 225,-2.55,470.97,positive,Technology,High,JP Morgan Chase,https://www.reuters.com/business/energy/oil-market-update,banking stocks dip after a major scandal is revealed,0,2,-2,-2.55,470.97,52,9
2025-03-01,retail sales report surpasses all forecasts,Financial Times,Inflation Data Release,Hang Seng,3.21,56.73,negative,Consumer Goods,High,Reliance Industries,https://economictimes.indiatimes.com/industry/industrials,retail sales report surpasses all forecasts,0,0,0,3.21,56.73,43,6
2025-07-05,consumer discretionary stocks outperform as spending increases,Bloomberg,Cryptocurrency Regulation,KOSPI,4.57,376.31,positive,Utilities,High,Samsung Electronics,https://www.cnbc.com/2025/08/russia-ukraine-war-economic-impact,consumer discretionary stocks outperform as spending increases,2,0,2,4.57,376.31,62,7
2025-05-15,crude oil prices drop to a multi-year low,Wall Street Journal,Major Merger/Acquisition,Dow Jones,2.71,42.41,negative,Utilities,High,Apple Inc.,https://timesofindia.indiatimes.com/business/finance/banking-sector-news,crude oil prices drop to a multi-year low,0,1,-1,2.71,42.41,41,8
2025-06-19,pharmaceutical company s drug approval drives stock upward,Investopedia,IPO Launch,Russell 2000,-1.63,129.35,positive,Consumer Goods,High,Samsung Electronics,https://www.reuters.com/markets/indices/nikkei-225,pharmaceutical company s drug approval drives stock upward,1,0,1,-1.63,129.35,58,8
2025-07-26,banking stocks dip after a major scandal is revealed,Times of India,Economic Data Release,DAX,-1.41,44.43,negative,Finance,High,Tata Motors,https://economictimes.indiatimes.com/news/transportation,banking stocks dip after a major scandal is revealed,0,2,-2,-1.41,44.43,52,9
2025-05-04,healthcare stocks gain on robust demand and strong outlook,The Motley Fool,Commodity Price Shock,CAC 40,-2.9,191.45,positive,Telecommunications,High,Goldman Sachs,https://www.wsj.com/china/market-rally,healthcare stocks gain on robust demand and strong outlook,2,0,2,-2.9,191.45,58,9
2025-07-14,uk s ftse 100 sees a boost from favorable trade data,Bloomberg,Unemployment Rate Announcement,Euro Stoxx 50,2.37,154.47,negative,Technology,High,ExxonMobil,https://www.cnbc.com/2025/08/russia-ukraine-war-economic-impact,uk s ftse 100 sees a boost from favorable trade data,2,0,2,2.37,154.47,52,11
2025-05-14,media and entertainment companies report a surge in streaming revenue,Seeking Alpha,Economic Data Release,ASX 200,3.13,229.39,positive,Construction,Low,Reliance Industries,https://www.business-standard.com/finance/corporate-earnings,media and entertainment companies report a surge in streaming revenue,1,0,1,3.13,229.39,69,10
2025-05-26,consumer confidence index reaches a decade high,The Motley Fool,Corporate Earnings Report,S&P 500,2.1,387.49,positive,Real Estate,High,Tesla,https://economictimes.indiatimes.com/stocks/bse-sensex-plunges,consumer confidence index reaches a decade high,1,0,1,2.1,387.49,47,7
2025-06-09,federal reserve chairman s speech causes market volatility,Reuters,Consumer Confidence Report,TSX,-4.56,244.44,positive,Transportation,Low,Reliance Industries,https://economictimes.indiatimes.com/stocks/bse-sensex-plunges,federal reserve chairman s speech causes market volatility,0,0,0,-4.56,244.44,58,8
2025-03-19,government policy shift boosts renewable energy sector,The Hindu Business Line,Interest Rate Change,Nikkei 225,4.53,219.87,positive,Retail,High,Apple Inc.,https://www.bloomberg.com/canada/tsunami-warnings,government policy shift boosts renewable energy sector,1,0,1,4.53,219.87,54,7
2025-05-28,uk s ftse 100 sees a boost from favorable trade data,Mint,Interest Rate Change,S&P 500,2.3,459.91,positive,Transportation,Medium,Microsoft,https://www.ft.com/content/media-entertainment-merger,uk s ftse 100 sees a boost from favorable trade data,2,0,2,2.3,459.91,52,11
2025-05-27,tech giant s new product launch sparks sector-wide gains,Barron's,Stock Market Crash,Shanghai Composite,-4.9,51.07,negative,Utilities,High,Apple Inc.,https://www.business-standard.com/economy/trade-disputes-impact,tech giant s new product launch sparks sector-wide gains,1,0,1,-4.9,51.07,56,9
2025-03-16,e-commerce earnings report beats all analyst expectations,The Economist,Unemployment Rate Announcement,ASX 200,1.57,3.16,positive,Finance,High,ExxonMobil,https://www.cnbc.com/2025/08/russia-ukraine-war-economic-impact,e-commerce earnings report beats all analyst expectations,1,0,1,1.57,3.16,57,7
2025-06-04,"global trade talks collapse, causing market turmoil",Forbes,Inflation Data Release,S&P/TSX Composite,-4.01,280.19,positive,Automotive,Medium,Apple Inc.,https://www.business-standard.com/economy/economic-stimulus,global trade talks collapse causing market turmoil,0,1,-1,-4.01,280.19,50,7
2025-07-08,gold prices surge as investors flee riskier assets,The Economist,Cryptocurrency Regulation,ASX 200,-2.77,206.42,positive,Aerospace & Defense,Medium,Tata Motors,https://economictimes.indiatimes.com/news/transportation,gold prices surge as investors flee riskier assets,1,0,1,-2.77,206.42,50,8
2025-04-13,mining company stock surges on commodity price boom,Financial Times,Central Bank Meeting,Russell 2000,-4.79,168.76,negative,Technology,Low,Microsoft,https://www.cnbc.com/2025/11/major-merger-deal-approved,mining company stock surges on commodity price boom,1,0,1,-4.79,168.76,51,8
2025-08-12,real estate sector shows signs of overheating as interest rates fall,MarketWatch,Unemployment Rate Announcement,S&P/TSX Composite,-3.92,74.54,positive,Construction,High,Goldman Sachs,https://www.investopedia.com/articles/government-policy-announcement,real estate sector shows signs of overheating as interest rates fall,0,1,-1,-3.92,74.54,68,11
2025-02-24,federal reserve chairman s speech causes market volatility,Seeking Alpha,Supply Chain Disruption,IBOVESPA,,342.7,negative,Utilities,Medium,Samsung Electronics,https://www.business-standard.com/economy/trade-disputes-impact,federal reserve chairman s speech causes market volatility,0,0,0,,342.7,58,8
2025-07-28,geopolitical ceasefire prompts a broad market recovery,Forbes,Economic Data Release,Russell 2000,-2.25,185.73,negative,Consumer Goods,Medium,Apple Inc.,https://www.moneycontrol.com/us-markets/sp-500,geopolitical ceasefire prompts a broad market recovery,1,0,1,-2.25,185.73,54,7
2025-06-23,china s shanghai composite falls after new trade restrictions,MarketWatch,Economic Data Release,CAC 40,-4.16,470.01,positive,Technology,High,Reliance Industries,https://www.ft.com/content/consumer-confidence-report,china s shanghai composite falls after new trade restrictions,0,1,-1,-4.16,470.01,61,9
2025-07-07,new ipo for a popular software firm is oversubscribed,Times of India,Corporate Earnings Report,Shanghai Composite,-1.26,359.28,positive,Transportation,Medium,Tesla,https://timesofindia.indiatimes.com/business/finance/banking-sector-news,new ipo for a popular software firm is oversubscribed,0,0,0,-1.26,359.28,53,9
2025-05-28,retail sales report surpasses all forecasts,Financial Times,Geopolitical Event,NSE Nifty,4.09,272.7,negative,Consumer Goods,Low,Tesla,https://www.cnbc.com/2025/10/real-estate-market-analysis,retail sales report surpasses all forecasts,0,0,0,4.09,272.7,43,6
2025-05-09,retail sales report surpasses all forecasts,Times of India,Commodity Price Shock,KOSPI,-3.27,118.23,negative,Finance,Low,Apple Inc.,https://www.ft.com/content/currency-devaluation,retail sales report surpasses all forecasts,0,0,0,-3.27,118.23,43,6
2025-04-12,federal reserve chairman s speech causes market volatility,Economic Times,Corporate Earnings Report,Shanghai Composite,0.71,312.79,positive,Real Estate,High,Reliance Industries,https://timesofindia.indiatimes.com/business/markets/stock-market-crash,federal reserve chairman s speech causes market volatility,0,0,0,0.71,312.79,58,8
2025-04-21,geopolitical ceasefire prompts a broad market recovery,Barron's,Stock Market Crash,S&P 500,2.72,329.55,negative,Retail,Low,Apple Inc.,https://www.reuters.com/business/retail-sector-earnings,geopolitical ceasefire prompts a broad market recovery,1,0,1,2.72,329.55,54,7
2025-04-08,consumer discretionary stocks outperform as spending increases,Investopedia,Corporate Earnings Report,KOSPI,,9.3,negative,Utilities,High,Reliance Industries,https://www.reuters.com/business/retail-sector-earnings,consumer discretionary stocks outperform as spending increases,2,0,2,,9.3,62,7
2025-03-29,mining company stock surges on commodity price boom,Investopedia,Unemployment Rate Announcement,IBOVESPA,-1.33,324.43,negative,Construction,Low,ExxonMobil,https://www.investopedia.com/articles/government-policy-announcement,mining company stock surges on commodity price boom,1,0,1,-1.33,324.43,51,8
2025-02-13,a massive data breach sends a tech company s stock tumbling,Seeking Alpha,Bond Market Fluctuation,FTSE 100,-1.11,394.24,negative,Retail,Medium,Samsung Electronics,https://www.investopedia.com/articles/government-policy-announcement,a massive data breach sends a tech company s stock tumbling,0,1,-1,-1.11,394.24,59,11
2025-03-25,banking stocks dip after a major scandal is revealed,Investopedia,Government Policy Announcement,DAX,-2.71,197.68,positive,Construction,Medium,Apple Inc.,https://www.cnbc.com/2025/10/real-estate-market-analysis,banking stocks dip after a major scandal is revealed,0,2,-2,-2.71,197.68,52,9
2025-04-17,consumer confidence index reaches a decade high,Bloomberg,Corporate Earnings Report,S&P/TSX Composite,2.02,440.1,positive,Pharmaceuticals,Low,Boeing,https://www.marketwatch.com/story/commodities-price-shock,consumer confidence index reaches a decade high,1,0,1,2.02,440.1,47,7
2025-05-24,supply chain issues impact manufacturing sector earnings,Mint,Stock Market Crash,Nikkei 225,4.13,57.89,negative,Technology,Low,ExxonMobil,https://www.moneycontrol.com/us-markets/nasdaq-composite,supply chain issues impact manufacturing sector earnings,0,0,0,4.13,57.89,56,7
2025-05-02,financial services stocks rally on strong profit margins,Business Standard,Commodity Price Shock,CAC 40,4.94,405.23,positive,Agriculture,High,Samsung Electronics,https://www.investopedia.com/articles/supply-chain-disruption,financial services stocks rally on strong profit margins,3,0,3,4.94,405.23,56,8
2025-05-17,automotive industry faces headwinds from rising material costs,Investopedia,Currency Devaluation,FTSE 100,0.82,409.75,negative,Retail,High,Microsoft,https://www.reuters.com/markets/stocks/tech-rally,automotive industry faces headwinds from rising material costs,0,1,-1,0.82,409.75,62,8
2025-04-28,new housing data release shows a slowdown in market activity,Financial Times,Commodity Price Shock,Nikkei 225,-0.46,120.11,positive,Materials,Medium,Microsoft,https://www.bloomberg.com/canada/tsunami-warnings,new housing data release shows a slowdown in market activity,0,1,-1,-0.46,120.11,60,10
2025-05-22,retail sales report surpasses all forecasts,Business Standard,Bond Market Fluctuation,Shanghai Composite,2.93,304.01,negative,Real Estate,Low,Tesla,https://www.moneycontrol.com/us-markets/nasdaq-composite,retail sales report surpasses all forecasts,0,0,0,2.93,304.01,43,6
2025-06-06,government policy shift boosts renewable energy sector,The Motley Fool,Government Policy Announcement,DAX,3.98,115.61,negative,Technology,High,Tata Motors,https://www.business-standard.com/economy/trade-disputes-impact,government policy shift boosts renewable energy sector,1,0,1,3.98,115.61,54,7
2025-04-15,tech giant s new product launch sparks sector-wide gains,Seeking Alpha,Inflation Data Release,IBOVESPA,0.17,362.71,negative,Finance,High,Reliance Industries,https://www.cnbc.com/2025/12/healthcare-sector-outlook,tech giant s new product launch sparks sector-wide gains,1,0,1,0.17,362.71,56,9
2025-07-09,financial services stocks rally on strong profit margins,Business Standard,Cryptocurrency Regulation,Dow Jones,1.52,336.72,negative,Automotive,High,Microsoft,https://www.moneycontrol.com/us-markets/dow-jones-industrial,financial services stocks rally on strong profit margins,3,0,3,1.52,336.72,56,8
2025-05-04,central bank governor signals potential shift in policy,Barron's,IPO Launch,Hang Seng,-4.7,467.91,negative,Telecommunications,Medium,Tesla,https://www.reuters.com/markets/indices/nikkei-225,central bank governor signals potential shift in policy,0,0,0,-4.7,467.91,55,8
2025-06-25,central bank s dovish tone hints at future rate cuts,Financial Times,Government Policy Announcement,ASX 200,-3.45,405.97,negative,Retail,Low,ExxonMobil,https://www.reuters.com/business/energy/oil-market-update,central bank s dovish tone hints at future rate cuts,0,0,0,-3.45,405.97,52,10
2025-08-04,tech giant s new product launch sparks sector-wide gains,Seeking Alpha,Interest Rate Change,FTSE 100,,159.43,positive,Automotive,Low,Goldman Sachs,https://www.business-standard.com/finance/corporate-earnings,tech giant s new product launch sparks sector-wide gains,1,0,1,,159.43,56,9
2025-05-14,central bank governor signals potential shift in policy,The Motley Fool,Trade Tariffs Announcement,Dow Jones,0.22,282.99,positive,Pharmaceuticals,Low,Goldman Sachs,https://www.wsj.com/europe/regulatory-changes,central bank governor signals potential shift in policy,0,0,0,0.22,282.99,55,8
2025-06-27,a massive data breach sends a tech company s stock tumbling,MarketWatch,Bond Market Fluctuation,KOSPI,3.21,157.99,negative,Finance,High,Tata Motors,https://www.investopedia.com/articles/government-policy-announcement,a massive data breach sends a tech company s stock tumbling,0,1,-1,3.21,157.99,59,11
2025-03-17,"global trade talks collapse, causing market turmoil",Investopedia,Central Bank Meeting,S&P/TSX Composite,4.49,454.97,positive,Real Estate,Low,Tata Motors,https://www.wsj.com/china/market-rally,global trade talks collapse causing market turmoil,0,1,-1,4.49,454.97,50,7
2025-04-06,market sentiment turns positive on vaccine trial results,Business Standard,Bond Market Fluctuation,Nasdaq Composite,-3.66,443.53,positive,Pharmaceuticals,Medium,Reliance Industries,https://economictimes.indiatimes.com/industry/industrials,market sentiment turns positive on vaccine trial results,1,0,1,-3.66,443.53,56,8
2025-02-15,e-commerce earnings report beats all analyst expectations,Barron's,Supply Chain Disruption,Euro Stoxx 50,-3.79,71.75,negative,Finance,High,Microsoft,https://economictimes.indiatimes.com/industry/industrials,e-commerce earnings report beats all analyst expectations,1,0,1,-3.79,71.75,57,7
2025-02-07,uk s ftse 100 sees a boost from favorable trade data,Mint,Trade Tariffs Announcement,FTSE 100,-3.86,272.62,negative,Consumer Goods,Medium,Samsung Electronics,https://www.business-standard.com/economy/economic-stimulus,uk s ftse 100 sees a boost from favorable trade data,2,0,2,-3.86,272.62,52,11
2025-02-22,financial services stocks rally on strong profit margins,Wall Street Journal,Consumer Confidence Report,S&P 500,0.95,157.86,negative,Real Estate,Medium,Microsoft,https://timesofindia.indiatimes.com/business/finance/banking-sector-news,financial services stocks rally on strong profit margins,3,0,3,0.95,157.86,56,8
2025-03-03,semiconductor shortages weigh heavily on tech sector profits,Yahoo Finance,Major Merger/Acquisition,Shanghai Composite,3.31,256.94,negative,Materials,High,Samsung Electronics,https://www.reuters.com/markets/stocks/tech-rally,semiconductor shortages weigh heavily on tech sector profits,1,0,1,3.31,256.94,60,8
2025-02-18,major oil spill sends energy stocks plummeting,The Motley Fool,Central Bank Meeting,S&P 500,1.73,261.37,positive,Industrials,Low,Microsoft,https://www.bloomberg.com/australia/asx-200-performance,major oil spill sends energy stocks plummeting,0,0,0,1.73,261.37,46,7
2025-08-11,automotive industry faces headwinds from rising material costs,MarketWatch,Market Rally,CAC 40,-1.43,298.71,negative,Agriculture,Medium,Reliance Industries,https://www.moneycontrol.com/india/ipo-news/new-firm-launches,automotive industry faces headwinds from rising material costs,0,1,-1,-1.43,298.71,62,8
2025-05-27,merger talks between two banks fall through,Financial Times,Supply Chain Disruption,NSE Nifty,0.44,405.71,positive,Pharmaceuticals,Low,Reliance Industries,https://timesofindia.indiatimes.com/business/agriculture-sector,merger talks between two banks fall through,0,1,-1,0.44,405.71,43,7
2025-05-16,automotive industry faces headwinds from rising material costs,Business Standard,Central Bank Meeting,DAX,-0.85,364.62,positive,Automotive,Low,Microsoft,https://www.business-standard.com/economy/trade-disputes-impact,automotive industry faces headwinds from rising material costs,0,1,-1,-0.85,364.62,62,8
2025-06-16,new regulations on cryptocurrencies cause a market dip,The Motley Fool,Inflation Data Release,S&P 500,-4.54,58.89,positive,Technology,High,Boeing,https://www.moneycontrol.com/india/ipo-news/new-firm-launches,new regulations on cryptocurrencies cause a market dip,0,1,-1,-4.54,58.89,54,8
2025-07-23,central bank maintains status quo on interest rates,CNBC,Market Rally,Euro Stoxx 50,4.35,274.79,positive,Energy,Medium,Microsoft,https://economictimes.indiatimes.com/stocks/bse-sensex-plunges,central bank maintains status quo on interest rates,0,0,0,4.35,274.79,51,8
2025-07-07,government policy shift boosts renewable energy sector,Forbes,Government Policy Announcement,IBOVESPA,3.76,241.26,negative,Automotive,Low,Microsoft,https://www.cnbc.com/2025/10/real-estate-market-analysis,government policy shift boosts renewable energy sector,1,0,1,3.76,241.26,54,7
2025-04-13,media and entertainment companies report a surge in streaming revenue,Forbes,Cryptocurrency Regulation,KOSPI,-4.03,252.5,positive,Retail,Low,JP Morgan Chase,https://www.ft.com/content/consumer-confidence-report,media and entertainment companies report a surge in streaming revenue,1,0,1,-4.03,252.5,69,10
2025-03-19,a massive data breach sends a tech company s stock tumbling,Financial Times,Currency Devaluation,CAC 40,-3.24,180.81,positive,Energy,Low,Apple Inc.,https://www.investopedia.com/articles/government-policy-announcement,a massive data breach sends a tech company s stock tumbling,0,1,-1,-3.24,180.81,59,11
2025-03-12,federal reserve chairman s speech causes market volatility,Forbes,IPO Launch,S&P 500,0.89,312.06,positive,Energy,Medium,Goldman Sachs,https://www.ft.com/content/geopolitical-summit,federal reserve chairman s speech causes market volatility,0,0,0,0.89,312.06,58,8
2025-03-03,uk s ftse 100 sees a boost from favorable trade data,Reuters,Economic Data Release,Dow Jones,2.36,173.1,negative,Materials,Low,Samsung Electronics,https://www.moneycontrol.com/us-markets/dow-jones-industrial,uk s ftse 100 sees a boost from favorable trade data,2,0,2,2.36,173.1,52,11
2025-04-03,e-commerce earnings report beats all analyst expectations,The Hindu Business Line,IPO Launch,Dow Jones,-4.12,105.02,negative,Construction,Low,Samsung Electronics,https://www.ft.com/content/media-entertainment-merger,e-commerce earnings report beats all analyst expectations,1,0,1,-4.12,105.02,57,7
2025-05-19,financial sector bracing for new capital requirements,Forbes,Inflation Data Release,NSE Nifty,4.7,474.23,positive,Transportation,High,JP Morgan Chase,https://www.ft.com/content/consumer-confidence-report,financial sector bracing for new capital requirements,0,0,0,4.7,474.23,53,7
2025-07-13,government spending bill is expected to stimulate the economy,Financial Times,Cryptocurrency Regulation,CAC 40,0.02,215.73,negative,Agriculture,Low,Apple Inc.,https://www.cnbc.com/2025/08/russia-ukraine-war-economic-impact,government spending bill is expected to stimulate the economy,0,0,0,0.02,215.73,61,9
2025-04-02,major technology firm acquires a smaller rival in a multi-billion dollar deal,Barron's,Inflation Data Release,Shanghai Composite,4.41,448.6,positive,Aerospace & Defense,High,Samsung Electronics,https://www.bloomberg.com/australia/asx-200-performance,major technology firm acquires a smaller rival in a multi-billion dollar deal,0,0,0,4.41,448.6,77,12
2025-06-14,china s shanghai composite falls after new trade restrictions,Mint,Consumer Confidence Report,Russell 2000,-0.09,237.51,negative,Healthcare,Low,Apple Inc.,https://www.forbes.com/crypto/cryptocurrency-regulation,china s shanghai composite falls after new trade restrictions,0,1,-1,-0.09,237.51,61,9
2025-05-31,new ipo for a popular software firm is oversubscribed,Investopedia,Market Rally,Hang Seng,,222.33,negative,Materials,Low,Apple Inc.,https://www.bloomberg.com/middle-east/news/bond-market-fluctuation,new ipo for a popular software firm is oversubscribed,0,0,0,,222.33,53,9
2025-04-10,merger talks between two banks fall through,Bloomberg,Regulatory Changes,Shanghai Composite,-2.33,61.78,negative,Construction,Low,Microsoft,https://www.ft.com/content/media-entertainment-merger,merger talks between two banks fall through,0,1,-1,-2.33,61.78,43,7
2025-06-11,bond yields tumble as investors seek safe havens,Bloomberg,Geopolitical Event,Nikkei 225,2.53,1.63,positive,Agriculture,High,Microsoft,https://www.bloomberg.com/middle-east/news/bond-market-fluctuation,bond yields tumble as investors seek safe havens,0,1,-1,2.53,1.63,48,8
2025-08-14,e-commerce earnings report beats all analyst expectations,Economic Times,Stock Market Crash,Nikkei 225,4.89,437.1,negative,Automotive,Medium,Boeing,https://www.business-standard.com/economy/trade-disputes-impact,e-commerce earnings report beats all analyst expectations,1,0,1,4.89,437.1,57,7
2025-02-20,banking stocks dip after a major scandal is revealed,Times of India,Market Rally,Nikkei 225,-2.55,470.97,positive,Technology,High,JP Morgan Chase,https://www.reuters.com/business/energy/oil-market-update,banking stocks dip after a major scandal is revealed,0,2,-2,-2.55,470.97,52,9
2025-05-31,central bank maintains status quo on interest rates,Forbes,Major Merger/Acquisition,NSE Nifty,,421.17,positive,Aerospace & Defense,Medium,Tata Motors,https://www.bloomberg.com/canada/tsunami-warnings,central bank maintains status quo on interest rates,0,0,0,,421.17,51,8
2025-04-13,media and entertainment companies report a surge in streaming revenue,Forbes,Cryptocurrency Regulation,KOSPI,-4.03,252.5,positive,Retail,Low,JP Morgan Chase,https://www.ft.com/content/consumer-confidence-report,media and entertainment companies report a surge in streaming revenue,1,0,1,-4.03,252.5,69,10
2025-07-06,federal reserve chairman s speech causes market volatility,Yahoo Finance,Stock Market Crash,Dow Jones,-0.76,44.74,negative,Transportation,High,JP Morgan Chase,https://www.cnbc.com/2025/09/automotive-industry-trends,federal reserve chairman s speech causes market volatility,0,0,0,-0.76,44.74,58,8
2025-07-26,new ipo for a popular software firm is oversubscribed,The Hindu Business Line,Interest Rate Change,Shanghai Composite,-1.32,376.78,positive,Energy,Medium,ExxonMobil,https://timesofindia.indiatimes.com/business/agriculture-sector,new ipo for a popular software firm is oversubscribed,0,0,0,-1.32,376.78,53,9
2025-05-23,healthcare stocks gain on robust demand and strong outlook,Mint,Geopolitical Event,TSX,-3.64,142.03,positive,Media & Entertainment,Low,Microsoft,https://www.forbes.com/finance/geopolitical-event-impact,healthcare stocks gain on robust demand and strong outlook,2,0,2,-3.64,142.03,58,9
2025-04-29,record-high inflation data rattles investors,Mint,Corporate Earnings Report,KOSPI,0.14,198.32,positive,Energy,High,Apple Inc.,https://www.marketwatch.com/story/consumer-goods-report,record-high inflation data rattles investors,1,0,1,0.14,198.32,44,5
2025-06-28,major oil spill sends energy stocks plummeting,Business Standard,Market Rally,IBOVESPA,0.6,311.53,positive,Utilities,Medium,ExxonMobil,https://timesofindia.indiatimes.com/business/markets/stock-market-crash,major oil spill sends energy stocks plummeting,0,0,0,0.6,311.53,46,7
2025-07-19,gold prices surge as investors flee riskier assets,MarketWatch,Government Policy Announcement,Nikkei 225,-1.12,494.46,negative,Media & Entertainment,Low,Boeing,https://www.business-standard.com/economy/economic-stimulus,gold prices surge as investors flee riskier assets,1,0,1,-1.12,494.46,50,8
2025-07-19,real estate sector shows signs of overheating as interest rates fall,The Motley Fool,Central Bank Meeting,S&P/TSX Composite,-4.28,381.69,negative,Healthcare,Low,Goldman Sachs,https://www.wsj.com/japan/economic-data-release,real estate sector shows signs of overheating as interest rates fall,0,1,-1,-4.28,381.69,68,11
2025-02-08,"global trade talks collapse, causing market turmoil",Wall Street Journal,Interest Rate Change,S&P/TSX Composite,-4.69,266.48,negative,Technology,Medium,Samsung Electronics,https://timesofindia.indiatimes.com/business/finance/banking-sector-news,global trade talks collapse causing market turmoil,0,1,-1,-4.69,266.48,50,7
2025-03-25,central bank s dovish tone hints at future rate cuts,Wall Street Journal,Market Rally,Nasdaq Composite,-0.99,143.46,positive,Healthcare,Low,JP Morgan Chase,https://www.reuters.com/markets/indices/nikkei-225,central bank s dovish tone hints at future rate cuts,0,0,0,-0.99,143.46,52,10
2025-05-25,financial services stocks rally on strong profit margins,CNBC,Commodity Price Shock,DAX,1.02,74.49,positive,Materials,High,JP Morgan Chase,https://www.business-standard.com/economy/inflation-data,financial services stocks rally on strong profit margins,3,0,3,1.02,74.49,56,8
2025-04-09,market braces for a major policy announcement from the eu,Reuters,Bond Market Fluctuation,KOSPI,3.17,344.74,negative,Utilities,Low,Microsoft,https://www.bloomberg.com/asia/policy/central-bank-meeting,market braces for a major policy announcement from the eu,0,0,0,3.17,344.74,57,10
2025-05-28,e-commerce earnings report beats all analyst expectations,Business Standard,Corporate Earnings Report,Euro Stoxx 50,-0.49,491.62,negative,Retail,Low,Reliance Industries,https://timesofindia.indiatimes.com/business/corporate-governance,e-commerce earnings report beats all analyst expectations,1,0,1,-0.49,491.62,57,7
2025-07-18,bond yields tumble as investors seek safe havens,The Motley Fool,Geopolitical Event,Nasdaq Composite,-1.81,312.4,positive,Consumer Goods,High,JP Morgan Chase,https://www.reuters.com/business/retail-sector-earnings,bond yields tumble as investors seek safe havens,0,1,-1,-1.81,312.4,48,8
2025-03-24,retail sales report surpasses all forecasts,The Hindu Business Line,Regulatory Changes,KOSPI,-3.64,211.59,positive,Automotive,Low,Tesla,https://www.ft.com/content/geopolitical-summit,retail sales report surpasses all forecasts,0,0,0,-3.64,211.59,43,6
2025-05-08,real estate sector shows signs of overheating as interest rates fall,Yahoo Finance,Market Rally,FTSE 100,,383.78,positive,Retail,Low,JP Morgan Chase,https://www.reuters.com/markets/indices/ftse-100,real estate sector shows signs of overheating as interest rates fall,0,1,-1,,383.78,68,11
2025-05-12,pharmaceutical company s drug approval drives stock upward,The Motley Fool,Bond Market Fluctuation,Russell 2000,-1.61,499.83,positive,Agriculture,Low,Boeing,,pharmaceutical company s drug approval drives stock upward,1,0,1,-1.61,499.83,58,8
2025-04-06,record-high inflation data rattles investors,Investopedia,Commodity Price Shock,FTSE 100,4.5,40.84,negative,Construction,Low,Tata Motors,https://www.business-standard.com/finance/corporate-earnings,record-high inflation data rattles investors,1,0,1,4.5,40.84,44,5
2025-07-27,market sentiment turns positive on vaccine trial results,The Motley Fool,Economic Data Release,S&P/TSX Composite,1.91,73.24,negative,Agriculture,High,Apple Inc.,https://www.forbes.com/finance/geopolitical-event-impact,market sentiment turns positive on vaccine trial results,1,0,1,1.91,73.24,56,8
2025-04-08,healthcare stocks gain on robust demand and strong outlook,Economic Times,Cryptocurrency Regulation,Euro Stoxx 50,2.35,364.51,negative,Retail,High,JP Morgan Chase,https://www.ft.com/content/geopolitical-summit,healthcare stocks gain on robust demand and strong outlook,2,0,2,2.35,364.51,58,9
2025-04-14,federal reserve chairman s speech causes market volatility,Reuters,Corporate Earnings Report,BSE Sensex,-0.21,252.89,negative,Agriculture,Medium,Samsung Electronics,https://www.business-standard.com/international-business/trade-policy,federal reserve chairman s speech causes market volatility,0,0,0,-0.21,252.89,58,8
2025-03-30,market braces for a major policy announcement from the eu,Forbes,Stock Market Crash,S&P/TSX Composite,-0.58,301.43,positive,Energy,High,Reliance Industries,,market braces for a major policy announcement from the eu,0,0,0,-0.58,301.43,57,10
2025-04-09,healthcare stocks gain on robust demand and strong outlook,Bloomberg,Government Policy Announcement,FTSE 100,2.88,331.13,negative,Consumer Goods,Medium,ExxonMobil,https://economictimes.indiatimes.com/industry/industrials,healthcare stocks gain on robust demand and strong outlook,2,0,2,2.88,331.13,58,9
2025-03-08,massive stock buyback program announced by a consumer goods company,Business Standard,Major Merger/Acquisition,KOSPI,4.51,97.41,positive,Construction,High,Apple Inc.,https://www.business-standard.com/economy/economic-stimulus,massive stock buyback program announced by a consumer goods company,0,0,0,4.51,97.41,67,10
2025-05-30,crude oil prices drop to a multi-year low,Barron's,Government Policy Announcement,KOSPI,,306.8,positive,Construction,High,Apple Inc.,https://www.wsj.com/europe/dax-performance,crude oil prices drop to a multi-year low,0,1,-1,,306.8,41,8
2025-07-21,banking stocks dip after a major scandal is revealed,Seeking Alpha,Stock Market Crash,TSX,-2.18,383.45,positive,Automotive,Medium,Tata Motors,https://timesofindia.indiatimes.com/business/finance/banking-sector-news,banking stocks dip after a major scandal is revealed,0,2,-2,-2.18,383.45,52,9
2025-07-16,utilities sector remains stable during market fluctuations,MarketWatch,Corporate Earnings Report,S&P 500,-1.81,456.62,negative,Real Estate,High,Samsung Electronics,https://www.business-standard.com/economy/inflation-data,utilities sector remains stable during market fluctuations,0,0,0,-1.81,456.62,58,7
2025-05-14,consumer confidence index reaches a decade high,Times of India,Central Bank Meeting,Euro Stoxx 50,-4.67,59.35,negative,Pharmaceuticals,Medium,Apple Inc.,https://www.reuters.com/markets/indices/nikkei-225,consumer confidence index reaches a decade high,1,0,1,-4.67,59.35,47,7
2025-07-30,market braces for a major policy announcement from the eu,Bloomberg,Geopolitical Event,NSE Nifty,-2.58,393.59,negative,Media & Entertainment,Medium,Goldman Sachs,https://www.wsj.com/europe/regulatory-changes,market braces for a major policy announcement from the eu,0,0,0,-2.58,393.59,57,10
2025-08-06,consumer confidence index reaches a decade high,MarketWatch,Economic Data Release,CAC 40,2.46,358.46,positive,Media & Entertainment,High,ExxonMobil,https://www.moneycontrol.com/us-markets/nasdaq-composite,consumer confidence index reaches a decade high,1,0,1,2.46,358.46,47,7
2025-07-17,media and entertainment companies report a surge in streaming revenue,Times of India,Central Bank Meeting,NSE Nifty,-2.3,351.67,negative,Industrials,High,Tata Motors,https://www.investopedia.com/articles/government-policy-announcement,media and entertainment companies report a surge in streaming revenue,1,0,1,-2.3,351.67,69,10
2025-04-30,market sentiment turns positive on vaccine trial results,MarketWatch,Geopolitical Event,BSE Sensex,-0.7,75.6,positive,Retail,Medium,Reliance Industries,https://www.wsj.com/china/market-regulation,market sentiment turns positive on vaccine trial results,1,0,1,-0.7,75.6,56,8
2025-06-14,government policy shift boosts renewable energy sector,Times of India,Market Rally,Russell 2000,-4.19,411.02,negative,Utilities,Low,Apple Inc.,https://timesofindia.indiatimes.com/business/markets/stock-market-crash,government policy shift boosts renewable energy sector,1,0,1,-4.19,411.02,54,7
2025-04-23,new ipo for a popular software firm is oversubscribed,Times of India,Commodity Price Shock,DAX,-2.18,462.33,negative,Energy,High,JP Morgan Chase,https://timesofindia.indiatimes.com/business/corporate-governance,new ipo for a popular software firm is oversubscribed,0,0,0,-2.18,462.33,53,9
2025-08-07,consumer confidence index reaches a decade high,The Economist,Inflation Data Release,Dow Jones,-1.42,9.97,negative,Utilities,Low,ExxonMobil,https://www.business-standard.com/economy/inflation-data,consumer confidence index reaches a decade high,1,0,1,-1.42,9.97,47,7
2025-04-19,china s shanghai composite falls after new trade restrictions,Financial Times,Unemployment Rate Announcement,IBOVESPA,-3.81,295.17,negative,Healthcare,Medium,Apple Inc.,https://www.business-standard.com/economy/trade-disputes-impact,china s shanghai composite falls after new trade restrictions,0,1,-1,-3.81,295.17,61,9
2025-04-09,semiconductor shortages weigh heavily on tech sector profits,MarketWatch,Corporate Earnings Report,Dow Jones,-2.2,470.15,positive,Pharmaceuticals,Low,Tesla,https://www.bloomberg.com/asia/telecommunications-news,semiconductor shortages weigh heavily on tech sector profits,1,0,1,-2.2,470.15,60,8
2025-06-11,quarterly report shows surprising losses for retail giants,The Motley Fool,Inflation Data Release,Shanghai Composite,2.44,68.82,negative,Real Estate,High,Goldman Sachs,https://www.wsj.com/europe/regulatory-changes,quarterly report shows surprising losses for retail giants,0,1,-1,2.44,68.82,58,8
2025-04-13,real estate sector shows signs of overheating as interest rates fall,Investopedia,Geopolitical Event,CAC 40,1.83,263.54,negative,Technology,Medium,Boeing,https://www.investopedia.com/articles/government-policy-announcement,real estate sector shows signs of overheating as interest rates fall,0,1,-1,1.83,263.54,68,11
2025-02-01,consumer confidence index reaches a decade high,Times of India,Cryptocurrency Regulation,NSE Nifty,0.35,113.41,negative,Retail,Medium,Goldman Sachs,https://www.wsj.com/china/market-rally,consumer confidence index reaches a decade high,1,0,1,0.35,113.41,47,7
2025-03-28,manufacturing pmi data signals economic expansion,Barron's,Currency Devaluation,NSE Nifty,-2.94,173.05,positive,Agriculture,Medium,ExxonMobil,https://www.business-standard.com/finance/corporate-earnings,manufacturing pmi data signals economic expansion,0,0,0,-2.94,173.05,49,6
2025-03-08,media and entertainment companies report a surge in streaming revenue,Reuters,Market Rally,Hang Seng,-3.58,488.85,negative,Media & Entertainment,High,Boeing,https://www.reuters.com/business/energy/oil-market-update,media and entertainment companies report a surge in streaming revenue,1,0,1,-3.58,488.85,69,10
2025-06-17,dow jones plunges as market fears recession,MarketWatch,Central Bank Meeting,S&P/TSX Composite,-1.33,112.62,positive,Automotive,High,Goldman Sachs,https://www.cnbc.com/2025/11/major-merger-deal-approved,dow jones plunges as market fears recession,0,2,-2,-1.33,112.62,43,7
2025-06-28,"global trade talks collapse, causing market turmoil",Investopedia,Stock Market Crash,DAX,0.16,471.76,negative,Energy,High,Apple Inc.,https://www.marketwatch.com/story/commodities-price-shock,global trade talks collapse causing market turmoil,0,1,-1,0.16,471.76,50,7
2025-06-05,bond yields tumble as investors seek safe havens,CNBC,Central Bank Meeting,Nikkei 225,-0.05,251.63,positive,Telecommunications,Medium,ExxonMobil,https://www.ft.com/content/currency-devaluation,bond yields tumble as investors seek safe havens,0,1,-1,-0.05,251.63,48,8
2025-04-29,major technology firm acquires a smaller rival in a multi-billion dollar deal,Financial Times,Market Rally,Euro Stoxx 50,-1.8,243.49,positive,Energy,Medium,Boeing,https://www.wsj.com/europe/dax-performance,major technology firm acquires a smaller rival in a multi-billion dollar deal,0,0,0,-1.8,243.49,77,12
2025-07-12,pharmaceutical company s drug approval drives stock upward,Wall Street Journal,Inflation Data Release,TSX,-3.13,76.63,negative,Automotive,Low,Tata Motors,https://timesofindia.indiatimes.com/business/finance/banking-sector-news,pharmaceutical company s drug approval drives stock upward,1,0,1,-3.13,76.63,58,8
2025-02-27,consumer discretionary stocks outperform as spending increases,Seeking Alpha,Interest Rate Change,Shanghai Composite,-4.56,86.15,positive,Utilities,High,Boeing,https://www.reuters.com/business/retail-sector-earnings,consumer discretionary stocks outperform as spending increases,2,0,2,-4.56,86.15,62,7
2025-04-03,e-commerce earnings report beats all analyst expectations,The Economist,Inflation Data Release,KOSPI,-3.02,101.73,positive,Materials,High,ExxonMobil,https://www.bloomberg.com/middle-east/news/bond-market-fluctuation,e-commerce earnings report beats all analyst expectations,1,0,1,-3.02,101.73,57,7
2025-07-18,bond yields tumble as investors seek safe havens,The Motley Fool,Geopolitical Event,Nasdaq Composite,-1.81,312.4,positive,Consumer Goods,High,JP Morgan Chase,https://www.reuters.com/business/retail-sector-earnings,bond yields tumble as investors seek safe havens,0,1,-1,-1.81,312.4,48,8
2025-08-14,major oil spill sends energy stocks plummeting,Mint,Cryptocurrency Regulation,FTSE 100,3.02,41.56,positive,Agriculture,Medium,Samsung Electronics,https://www.reuters.com/business/energy/oil-market-update,major oil spill sends energy stocks plummeting,0,0,0,3.02,41.56,46,7
2025-06-05,record-high inflation data rattles investors,Financial Times,Unemployment Rate Announcement,Hang Seng,3.99,193.51,negative,Pharmaceuticals,High,JP Morgan Chase,https://www.marketwatch.com/story/commodities-price-shock,record-high inflation data rattles investors,1,0,1,3.99,193.51,44,5
2025-03-24,retail sales report surpasses all forecasts,The Hindu Business Line,Regulatory Changes,KOSPI,-3.64,211.59,positive,Automotive,Low,Tesla,https://www.ft.com/content/geopolitical-summit,retail sales report surpasses all forecasts,0,0,0,-3.64,211.59,43,6
2025-03-03,nikkei 225 index benefits from a weaker yen,Times of India,Commodity Price Shock,Dow Jones,3.64,141.52,negative,Agriculture,High,Samsung Electronics,https://economictimes.indiatimes.com/news/economy/unemployment-rate,nikkei 225 index benefits from a weaker yen,0,1,-1,3.64,141.52,43,8
2025-06-30,tech giant s new product launch sparks sector-wide gains,MarketWatch,Government Policy Announcement,CAC 40,-2.65,37.26,positive,Agriculture,Medium,Tesla,https://www.investopedia.com/articles/government-policy-announcement,tech giant s new product launch sparks sector-wide gains,1,0,1,-2.65,37.26,56,9
2025-05-23,central bank s dovish tone hints at future rate cuts,Wall Street Journal,Cryptocurrency Regulation,Hang Seng,-1.33,194.31,positive,Retail,Low,ExxonMobil,https://www.investopedia.com/articles/government-policy-announcement,central bank s dovish tone hints at future rate cuts,0,0,0,-1.33,194.31,52,10
2025-02-10,new housing data release shows a slowdown in market activity,Mint,Bond Market Fluctuation,Dow Jones,-2.67,316.83,positive,Healthcare,Medium,Microsoft,https://www.theeconomist.com/finance-and-economics/trade-tariffs,new housing data release shows a slowdown in market activity,0,1,-1,-2.67,316.83,60,10
2025-02-19,gold prices surge as investors flee riskier assets,MarketWatch,Commodity Price Shock,Dow Jones,4.22,309.02,positive,Utilities,High,Microsoft,https://www.wsj.com/china/market-rally,gold prices surge as investors flee riskier assets,1,0,1,4.22,309.02,50,8
2025-04-28,central bank governor signals potential shift in policy,MarketWatch,Unemployment Rate Announcement,Shanghai Composite,0.96,210.56,negative,Real Estate,Medium,Samsung Electronics,https://www.wsj.com/china/market-regulation,central bank governor signals potential shift in policy,0,0,0,0.96,210.56,55,8
2025-07-29,financial services stocks rally on strong profit margins,Reuters,Corporate Earnings Report,Nikkei 225,0.94,446.1,negative,Transportation,Low,Tesla,https://www.reuters.com/markets/stocks/tech-rally,financial services stocks rally on strong profit margins,3,0,3,0.94,446.1,56,8
2025-06-22,a massive data breach sends a tech company s stock tumbling,Yahoo Finance,IPO Launch,Nasdaq Composite,1.41,141.37,positive,Materials,Medium,Boeing,https://economictimes.indiatimes.com/news/transportation,a massive data breach sends a tech company s stock tumbling,0,1,-1,1.41,141.37,59,11
2025-05-26,tech giant s new product launch sparks sector-wide gains,Reuters,Major Merger/Acquisition,Nikkei 225,-4.97,114.57,negative,Finance,Low,Boeing,https://www.ft.com/content/currency-devaluation,tech giant s new product launch sparks sector-wide gains,1,0,1,-4.97,114.57,56,9
2025-05-11,real estate sector shows signs of overheating as interest rates fall,Investopedia,Major Merger/Acquisition,NSE Nifty,-3.86,242.03,positive,Technology,High,Tata Motors,https://www.cnbc.com/2025/10/real-estate-market-analysis,real estate sector shows signs of overheating as interest rates fall,0,1,-1,-3.86,242.03,68,11
2025-08-08,government spending bill is expected to stimulate the economy,Yahoo Finance,Consumer Confidence Report,Nikkei 225,0.77,158.9,positive,Telecommunications,Medium,Boeing,https://www.bloomberg.com/canada/tsunami-warnings,government spending bill is expected to stimulate the economy,0,0,0,0.77,158.9,61,9
2025-04-17,banking stocks dip after a major scandal is revealed,MarketWatch,Trade Tariffs Announcement,ASX 200,-4.57,169.79,negative,Media & Entertainment,High,JP Morgan Chase,,banking stocks dip after a major scandal is revealed,0,2,-2,-4.57,169.79,52,9
2025-04-14,a massive data breach sends a tech company s stock tumbling,Economic Times,Central Bank Meeting,Euro Stoxx 50,-1.55,61.87,negative,Agriculture,Low,Tata Motors,https://www.business-standard.com/finance/corporate-earnings,a massive data breach sends a tech company s stock tumbling,0,1,-1,-1.55,61.87,59,11
2025-02-27,new regulations on cryptocurrencies cause a market dip,Yahoo Finance,Trade Tariffs Announcement,ASX 200,2.79,278.46,positive,Telecommunications,Low,Microsoft,https://www.reuters.com/business/energy/oil-market-update,new regulations on cryptocurrencies cause a market dip,0,1,-1,2.79,278.46,54,8
2025-04-13,quarterly report shows surprising losses for retail giants,Reuters,Trade Tariffs Announcement,FTSE 100,-4.1,457.19,negative,Pharmaceuticals,High,Samsung Electronics,https://www.ft.com/content/currency-devaluation,quarterly report shows surprising losses for retail giants,0,1,-1,-4.1,457.19,58,8
2025-04-06,government spending bill is expected to stimulate the economy,Financial Times,Inflation Data Release,FTSE 100,-2.77,264.55,positive,Telecommunications,Low,Microsoft,https://www.ft.com/content/geopolitical-summit,government spending bill is expected to stimulate the economy,0,0,0,-2.77,264.55,61,9
2025-05-01,healthcare stocks gain on robust demand and strong outlook,CNBC,Major Merger/Acquisition,FTSE 100,0.34,117.82,negative,Utilities,Low,ExxonMobil,https://www.forbes.com/crypto/cryptocurrency-regulation,healthcare stocks gain on robust demand and strong outlook,2,0,2,0.34,117.82,58,9
2025-06-29,unexpected rise in unemployment fuels market pessimism,Mint,Government Policy Announcement,Euro Stoxx 50,-2.11,330.66,negative,Construction,Low,Tesla,https://www.moneycontrol.com/us-markets/dow-jones-industrial,unexpected rise in unemployment fuels market pessimism,1,0,1,-2.11,330.66,54,7
2025-05-11,real estate sector shows signs of overheating as interest rates fall,Investopedia,Major Merger/Acquisition,NSE Nifty,-3.86,242.03,positive,Technology,High,Tata Motors,https://www.cnbc.com/2025/10/real-estate-market-analysis,real estate sector shows signs of overheating as interest rates fall,0,1,-1,-3.86,242.03,68,11
2025-06-13,government policy shift boosts renewable energy sector,Financial Times,Economic Data Release,TSX,,17.0,positive,Transportation,Low,Apple Inc.,https://www.bloomberg.com/asia/telecommunications-news,government policy shift boosts renewable energy sector,1,0,1,,17.0,54,7
2025-08-02,banking stocks dip after a major scandal is revealed,CNBC,Cryptocurrency Regulation,Euro Stoxx 50,-2.35,112.23,positive,Media & Entertainment,Low,Reliance Industries,https://www.bloomberg.com/canada/tsunami-warnings,banking stocks dip after a major scandal is revealed,0,2,-2,-2.35,112.23,52,9
2025-05-10,uk s ftse 100 sees a boost from favorable trade data,Business Standard,Geopolitical Event,Shanghai Composite,-1.22,157.77,negative,Utilities,Low,Reliance Industries,https://www.ft.com/content/geopolitical-summit,uk s ftse 100 sees a boost from favorable trade data,2,0,2,-1.22,157.77,52,11
2025-07-12,new regulations on cryptocurrencies cause a market dip,Financial Times,IPO Launch,NSE Nifty,-1.23,421.3,positive,Utilities,Low,Microsoft,https://www.wsj.com/europe/dax-performance,new regulations on cryptocurrencies cause a market dip,0,1,-1,-1.23,421.3,54,8
2025-07-22,government spending bill is expected to stimulate the economy,Forbes,Major Merger/Acquisition,CAC 40,,237.86,negative,Automotive,High,JP Morgan Chase,https://www.business-standard.com/finance/corporate-earnings,government spending bill is expected to stimulate the economy,0,0,0,,237.86,61,9
2025-08-05,major technology firm acquires a smaller rival in a multi-billion dollar deal,Barron's,Currency Devaluation,DAX,3.58,469.67,negative,Automotive,Low,ExxonMobil,https://www.moneycontrol.com/us-markets/sp-500,major technology firm acquires a smaller rival in a multi-billion dollar deal,0,0,0,3.58,469.67,77,12
2025-08-14,geopolitical ceasefire prompts a broad market recovery,Forbes,Corporate Earnings Report,Euro Stoxx 50,,255.04,negative,Automotive,Medium,Tesla,https://www.business-standard.com/economy/economic-stimulus,geopolitical ceasefire prompts a broad market recovery,1,0,1,,255.04,54,7
2025-06-23,government spending bill is expected to stimulate the economy,Forbes,Government Policy Announcement,S&P/TSX Composite,0.91,353.92,negative,Aerospace & Defense,High,Reliance Industries,https://www.cnbc.com/2025/08/russia-ukraine-war-economic-impact,government spending bill is expected to stimulate the economy,0,0,0,0.91,353.92,61,9
2025-02-26,dow jones plunges as market fears recession,Seeking Alpha,Trade Tariffs Announcement,TSX,-4.22,219.31,negative,Finance,High,Goldman Sachs,https://economictimes.indiatimes.com/news/economy/unemployment-rate,dow jones plunges as market fears recession,0,2,-2,-4.22,219.31,43,7
2025-03-01,dow jones plunges as market fears recession,Mint,Corporate Earnings Report,Shanghai Composite,4.09,358.39,negative,Telecommunications,High,Samsung Electronics,https://www.wsj.com/japan/economic-data-release,dow jones plunges as market fears recession,0,2,-2,4.09,358.39,43,7
2025-04-05,consumer confidence index reaches a decade high,Business Standard,Bond Market Fluctuation,ASX 200,-0.28,239.26,positive,Media & Entertainment,Low,Tata Motors,https://www.theeconomist.com/world/government-policy-announcement,consumer confidence index reaches a decade high,1,0,1,-0.28,239.26,47,7
2025-04-13,manufacturing pmi data signals economic expansion,Financial Times,Corporate Earnings Report,CAC 40,-2.46,214.35,negative,Finance,Medium,Tata Motors,https://www.business-standard.com/international-business/trade-policy,manufacturing pmi data signals economic expansion,0,0,0,-2.46,214.35,49,6
2025-03-22,automotive industry faces headwinds from rising material costs,Economic Times,Supply Chain Disruption,TSX,-2.98,218.71,negative,Agriculture,High,Tata Motors,https://www.ft.com/content/tech-sector-innovation,automotive industry faces headwinds from rising material costs,0,1,-1,-2.98,218.71,62,8
2025-06-22,utilities sector remains stable during market fluctuations,Reuters,Interest Rate Change,CAC 40,2.09,57.07,negative,Healthcare,High,ExxonMobil,https://www.moneycontrol.com/us-markets/dow-jones-industrial,utilities sector remains stable during market fluctuations,0,0,0,2.09,57.07,58,7
2025-04-04,new regulations on cryptocurrencies cause a market dip,CNBC,Central Bank Meeting,KOSPI,-0.11,275.69,positive,Finance,Low,JP Morgan Chase,https://www.ft.com/content/currency-devaluation,new regulations on cryptocurrencies cause a market dip,0,1,-1,-0.11,275.69,54,8
2025-05-09,consumer confidence index reaches a decade high,CNBC,Unemployment Rate Announcement,IBOVESPA,-2.51,498.49,positive,Technology,Low,Boeing,https://www.bloomberg.com/australia/asx-200-performance,consumer confidence index reaches a decade high,1,0,1,-2.51,498.49,47,7
2025-02-08,record-high inflation data rattles investors,Wall Street Journal,IPO Launch,Shanghai Composite,-3.8,61.67,positive,Industrials,Medium,Samsung Electronics,https://www.business-standard.com/economy/inflation-data,record-high inflation data rattles investors,1,0,1,-3.8,61.67,44,5
2025-06-06,central bank maintains status quo on interest rates,MarketWatch,Unemployment Rate Announcement,FTSE 100,1.18,105.97,negative,Automotive,Medium,Samsung Electronics,https://www.bloomberg.com/australia/asx-200-performance,central bank maintains status quo on interest rates,0,0,0,1.18,105.97,51,8
2025-04-16,media and entertainment companies report a surge in streaming revenue,The Hindu Business Line,IPO Launch,ASX 200,-2.52,492.04,negative,Healthcare,Low,Samsung Electronics,https://www.wsj.com/europe/regulatory-changes,media and entertainment companies report a surge in streaming revenue,1,0,1,-2.52,492.04,69,10
2025-06-19,pharmaceutical company s drug approval drives stock upward,Investopedia,IPO Launch,Russell 2000,-1.63,129.35,positive,Consumer Goods,High,Samsung Electronics,https://www.reuters.com/markets/indices/nikkei-225,pharmaceutical company s drug approval drives stock upward,1,0,1,-1.63,129.35,58,8
2025-03-04,financial sector bracing for new capital requirements,Reuters,Market Rally,NSE Nifty,-0.37,364.94,positive,Transportation,Low,Tata Motors,https://www.moneycontrol.com/us-markets/nasdaq-composite,financial sector bracing for new capital requirements,0,0,0,-0.37,364.94,53,7
2025-03-30,consumer discretionary stocks outperform as spending increases,Economic Times,Stock Market Crash,NSE Nifty,-2.18,49.51,negative,Finance,Medium,ExxonMobil,https://www.reuters.com/business/retail-sector-earnings,consumer discretionary stocks outperform as spending increases,2,0,2,-2.18,49.51,62,7
2025-05-05,supply chain issues impact manufacturing sector earnings,Investopedia,Commodity Price Shock,Russell 2000,0.08,398.95,negative,Industrials,Low,ExxonMobil,https://www.business-standard.com/economy/trade-disputes-impact,supply chain issues impact manufacturing sector earnings,0,0,0,0.08,398.95,56,7
2025-05-23,central bank maintains status quo on interest rates,Economic Times,Trade Tariffs Announcement,Dow Jones,0.79,423.64,positive,Transportation,Medium,Microsoft,https://www.ft.com/content/consumer-confidence-report,central bank maintains status quo on interest rates,0,0,0,0.79,423.64,51,8
2025-04-22,real estate sector shows signs of overheating as interest rates fall,Investopedia,IPO Launch,ASX 200,2.81,462.68,positive,Automotive,High,Reliance Industries,https://www.moneycontrol.com/us-markets/sp-500,real estate sector shows signs of overheating as interest rates fall,0,1,-1,2.81,462.68,68,11
2025-07-24,supply chain issues impact manufacturing sector earnings,The Hindu Business Line,Consumer Confidence Report,Hang Seng,-0.97,347.64,positive,Agriculture,Medium,ExxonMobil,,supply chain issues impact manufacturing sector earnings,0,0,0,-0.97,347.64,56,7
2025-02-14,central bank governor signals potential shift in policy,Reuters,Geopolitical Event,Nikkei 225,4.24,302.07,negative,Telecommunications,Medium,Goldman Sachs,https://www.cnbc.com/2025/08/russia-ukraine-war-economic-impact,central bank governor signals potential shift in policy,0,0,0,4.24,302.07,55,8
2025-07-22,china s shanghai composite falls after new trade restrictions,Business Standard,Supply Chain Disruption,Shanghai Composite,-4.13,194.81,positive,Transportation,Medium,ExxonMobil,https://www.investopedia.com/articles/government-policy-announcement,china s shanghai composite falls after new trade restrictions,0,1,-1,-4.13,194.81,61,9
2025-07-07,utilities sector remains stable during market fluctuations,The Motley Fool,Market Rally,KOSPI,-0.83,313.21,positive,Materials,Medium,ExxonMobil,https://www.bloomberg.com/asia/telecommunications-news,utilities sector remains stable during market fluctuations,0,0,0,-0.83,313.21,58,7
2025-05-27,crude oil prices drop to a multi-year low,Financial Times,Government Policy Announcement,TSX,,302.93,positive,Healthcare,Low,Samsung Electronics,https://www.moneycontrol.com/us-markets/nasdaq-composite,crude oil prices drop to a multi-year low,0,1,-1,,302.93,41,8
2025-04-22,real estate sector shows signs of overheating as interest rates fall,Investopedia,IPO Launch,ASX 200,2.81,462.68,positive,Automotive,High,Reliance Industries,https://www.moneycontrol.com/us-markets/sp-500,real estate sector shows signs of overheating as interest rates fall,0,1,-1,2.81,462.68,68,11
2025-07-04,semiconductor shortages weigh heavily on tech sector profits,Business Standard,Interest Rate Change,Russell 2000,2.91,335.87,negative,Retail,Low,Boeing,https://www.reuters.com/business/retail-sector-earnings,semiconductor shortages weigh heavily on tech sector profits,1,0,1,2.91,335.87,60,8
2025-02-02,consumer discretionary stocks outperform as spending increases,Bloomberg,Currency Devaluation,BSE Sensex,-0.87,330.27,positive,Pharmaceuticals,High,ExxonMobil,https://www.investopedia.com/articles/supply-chain-disruption,consumer discretionary stocks outperform as spending increases,2,0,2,-0.87,330.27,62,7
2025-03-02,a massive data breach sends a tech company s stock tumbling,Barron's,IPO Launch,IBOVESPA,-4.21,193.1,negative,Agriculture,Medium,Boeing,https://www.ft.com/content/consumer-confidence-report,a massive data breach sends a tech company s stock tumbling,0,1,-1,-4.21,193.1,59,11
2025-07-21,major oil spill sends energy stocks plummeting,Barron's,Unemployment Rate Announcement,Shanghai Composite,3.25,457.22,negative,Materials,High,Tata Motors,https://www.business-standard.com/international-business/trade-policy,major oil spill sends energy stocks plummeting,0,0,0,3.25,457.22,46,7
2025-07-27,government policy shift boosts renewable energy sector,Business Standard,Interest Rate Change,Dow Jones,3.76,114.42,negative,Finance,Medium,JP Morgan Chase,https://www.investopedia.com/articles/government-policy-announcement,government policy shift boosts renewable energy sector,1,0,1,3.76,114.42,54,7
2025-03-12,federal reserve chairman s speech causes market volatility,Forbes,IPO Launch,S&P 500,0.89,312.06,positive,Energy,Medium,Goldman Sachs,https://www.ft.com/content/geopolitical-summit,federal reserve chairman s speech causes market volatility,0,0,0,0.89,312.06,58,8
2025-06-23,government spending bill is expected to stimulate the economy,Seeking Alpha,IPO Launch,DAX,2.33,249.28,positive,Materials,Low,Goldman Sachs,https://www.moneycontrol.com/us-markets/nasdaq-composite,government spending bill is expected to stimulate the economy,0,0,0,2.33,249.28,61,9
2025-07-19,federal reserve chairman s speech causes market volatility,Forbes,Inflation Data Release,BSE Sensex,-2.35,267.42,positive,Finance,Medium,Apple Inc.,https://www.cnbc.com/2025/11/major-merger-deal-approved,federal reserve chairman s speech causes market volatility,0,0,0,-2.35,267.42,58,8
2025-06-06,dow jones plunges as market fears recession,The Hindu Business Line,Economic Data Release,IBOVESPA,3.59,31.7,negative,Telecommunications,Medium,ExxonMobil,https://economictimes.indiatimes.com/news/transportation,dow jones plunges as market fears recession,0,2,-2,3.59,31.7,43,7
2025-08-13,merger talks between two banks fall through,Yahoo Finance,Trade Tariffs Announcement,CAC 40,,61.58,positive,Industrials,Low,Tata Motors,https://www.bloomberg.com/middle-east/news/bond-market-fluctuation,merger talks between two banks fall through,0,1,-1,,61.58,43,7
2025-04-24,automotive industry faces headwinds from rising material costs,Wall Street Journal,Geopolitical Event,TSX,-1.7,386.22,negative,Real Estate,High,Apple Inc.,https://economictimes.indiatimes.com/news/transportation,automotive industry faces headwinds from rising material costs,0,1,-1,-1.7,386.22,62,8
2025-03-14,massive stock buyback program announced by a consumer goods company,Wall Street Journal,Government Policy Announcement,Euro Stoxx 50,-2.97,69.84,positive,Agriculture,Medium,Tesla,https://economictimes.indiatimes.com/stocks/bse-sensex-plunges,massive stock buyback program announced by a consumer goods company,0,0,0,-2.97,69.84,67,10
2025-05-16,new housing data release shows a slowdown in market activity,MarketWatch,Cryptocurrency Regulation,S&P/TSX Composite,-1.23,396.52,positive,Construction,Low,Goldman Sachs,https://www.ft.com/content/geopolitical-summit,new housing data release shows a slowdown in market activity,0,1,-1,-1.23,396.52,60,10
2025-07-23,utilities sector remains stable during market fluctuations,CNBC,Interest Rate Change,Nikkei 225,-1.4,112.99,positive,Industrials,Medium,ExxonMobil,https://timesofindia.indiatimes.com/business/finance/banking-sector-news,utilities sector remains stable during market fluctuations,0,0,0,-1.4,112.99,58,7
2025-04-07,retail sales report surpasses all forecasts,Reuters,Inflation Data Release,NSE Nifty,3.42,48.36,positive,Automotive,Low,ExxonMobil,https://www.ft.com/content/consumer-confidence-report,retail sales report surpasses all forecasts,0,0,0,3.42,48.36,43,6
2025-04-30,new housing data release shows a slowdown in market activity,Times of India,Market Rally,Nikkei 225,-0.42,438.46,positive,Telecommunications,Low,Tesla,https://www.reuters.com/markets/indices/nikkei-225,new housing data release shows a slowdown in market activity,0,1,-1,-0.42,438.46,60,10
2025-04-05,gold prices surge as investors flee riskier assets,CNBC,Government Policy Announcement,Nikkei 225,,114.3,negative,Consumer Goods,Low,Goldman Sachs,https://www.bloomberg.com/asia/policy/central-bank-meeting,gold prices surge as investors flee riskier assets,1,0,1,,114.3,50,8
2025-03-18,bond yields tumble as investors seek safe havens,Reuters,Cryptocurrency Regulation,CAC 40,-2.89,23.03,negative,Transportation,Medium,Tata Motors,https://www.cnbc.com/2025/10/real-estate-market-analysis,bond yields tumble as investors seek safe havens,0,1,-1,-2.89,23.03,48,8
2025-06-18,new housing data release shows a slowdown in market activity,The Economist,Central Bank Meeting,Shanghai Composite,-2.71,452.66,negative,Telecommunications,High,Goldman Sachs,https://www.investopedia.com/articles/supply-chain-disruption,new housing data release shows a slowdown in market activity,0,1,-1,-2.71,452.66,60,10
2025-06-07,unexpected rise in unemployment fuels market pessimism,Economic Times,Inflation Data Release,FTSE 100,1.03,316.72,positive,Healthcare,Medium,Tata Motors,https://www.forbes.com/finance/geopolitical-event-impact,unexpected rise in unemployment fuels market pessimism,1,0,1,1.03,316.72,54,7
2025-03-01,e-commerce earnings report beats all analyst expectations,Business Standard,Economic Data Release,FTSE 100,-1.82,474.83,positive,Finance,High,Samsung Electronics,https://economictimes.indiatimes.com/news/economy/unemployment-rate,e-commerce earnings report beats all analyst expectations,1,0,1,-1.82,474.83,57,7
2025-02-11,federal reserve chairman s speech causes market volatility,The Economist,Inflation Data Release,TSX,0.95,470.1,negative,Agriculture,High,JP Morgan Chase,https://economictimes.indiatimes.com/industry/industrials,federal reserve chairman s speech causes market volatility,0,0,0,0.95,470.1,58,8
2025-06-21,nikkei 225 index benefits from a weaker yen,Wall Street Journal,Economic Data Release,Dow Jones,4.39,225.59,negative,Telecommunications,High,Apple Inc.,https://www.business-standard.com/international-business/trade-policy,nikkei 225 index benefits from a weaker yen,0,1,-1,4.39,225.59,43,8
2025-03-26,geopolitical ceasefire prompts a broad market recovery,The Economist,Interest Rate Change,ASX 200,-2.47,377.79,negative,Materials,High,Goldman Sachs,https://www.reuters.com/business/energy/oil-market-update,geopolitical ceasefire prompts a broad market recovery,1,0,1,-2.47,377.79,54,7
2025-07-18,automotive industry faces headwinds from rising material costs,Yahoo Finance,Stock Market Crash,Russell 2000,2.28,177.01,positive,Construction,Medium,Tata Motors,https://www.reuters.com/business/energy/oil-market-update,automotive industry faces headwinds from rising material costs,0,1,-1,2.28,177.01,62,8
2025-08-12,financial services stocks rally on strong profit margins,Bloomberg,Regulatory Changes,NSE Nifty,2.18,356.38,negative,Utilities,Low,Boeing,https://economictimes.indiatimes.com/news/economy/unemployment-rate,financial services stocks rally on strong profit margins,3,0,3,2.18,356.38,56,8
2025-05-31,tech giant s new product launch sparks sector-wide gains,CNBC,Consumer Confidence Report,Nasdaq Composite,-3.65,249.29,positive,Media & Entertainment,High,Microsoft,https://www.bloomberg.com/middle-east/news/bond-market-fluctuation,tech giant s new product launch sparks sector-wide gains,1,0,1,-3.65,249.29,56,9
2025-07-06,aerospace and defense sector sees rally amid geopolitical tensions,Yahoo Finance,Consumer Confidence Report,S&P 500,3.71,458.07,negative,Pharmaceuticals,Medium,Reliance Industries,https://www.reuters.com/markets/stocks/tech-rally,aerospace and defense sector sees rally amid geopolitical tensions,1,0,1,3.71,458.07,66,9
2025-04-09,consumer confidence index reaches a decade high,Mint,Government Policy Announcement,ASX 200,1.2,312.51,positive,Finance,Low,Tesla,https://www.reuters.com/markets/stocks/tech-rally,consumer confidence index reaches a decade high,1,0,1,1.2,312.51,47,7
2025-04-02,major technology firm acquires a smaller rival in a multi-billion dollar deal,Barron's,Inflation Data Release,Shanghai Composite,4.41,448.6,positive,Aerospace & Defense,High,Samsung Electronics,https://www.bloomberg.com/australia/asx-200-performance,major technology firm acquires a smaller rival in a multi-billion dollar deal,0,0,0,4.41,448.6,77,12
2025-03-07,major oil spill sends energy stocks plummeting,Yahoo Finance,Consumer Confidence Report,IBOVESPA,-1.07,246.34,negative,Utilities,Medium,Apple Inc.,https://www.forbes.com/finance/geopolitical-event-impact,major oil spill sends energy stocks plummeting,0,0,0,-1.07,246.34,46,7
2025-04-08,semiconductor shortages weigh heavily on tech sector profits,Reuters,Regulatory Changes,CAC 40,1.36,440.83,negative,Agriculture,Medium,Microsoft,,semiconductor shortages weigh heavily on tech sector profits,1,0,1,1.36,440.83,60,8
2025-04-29,financial sector bracing for new capital requirements,Investopedia,Consumer Confidence Report,Euro Stoxx 50,-4.91,231.85,negative,Healthcare,Medium,Samsung Electronics,https://www.wsj.com/china/market-regulation,financial sector bracing for new capital requirements,0,0,0,-4.91,231.85,53,7
2025-05-16,healthcare stocks gain on robust demand and strong outlook,Forbes,Bond Market Fluctuation,S&P/TSX Composite,-2.16,416.62,positive,Industrials,Medium,Apple Inc.,https://timesofindia.indiatimes.com/business/markets/stock-market-crash,healthcare stocks gain on robust demand and strong outlook,2,0,2,-2.16,416.62,58,9
2025-02-28,automotive industry faces headwinds from rising material costs,Reuters,Stock Market Crash,CAC 40,-2.36,183.44,negative,Materials,Medium,Boeing,https://www.reuters.com/business/energy/oil-market-update,automotive industry faces headwinds from rising material costs,0,1,-1,-2.36,183.44,62,8
2025-04-21,financial sector bracing for new capital requirements,Business Standard,Major Merger/Acquisition,Russell 2000,-2.11,234.75,negative,Industrials,Medium,Samsung Electronics,https://timesofindia.indiatimes.com/business/agriculture-sector,financial sector bracing for new capital requirements,0,0,0,-2.11,234.75,53,7
2025-05-18,geopolitical ceasefire prompts a broad market recovery,Yahoo Finance,Geopolitical Event,TSX,0.44,477.28,positive,Technology,High,JP Morgan Chase,https://economictimes.indiatimes.com/news/economy/unemployment-rate,geopolitical ceasefire prompts a broad market recovery,1,0,1,0.44,477.28,54,7
2025-05-12,new ipo for a popular software firm is oversubscribed,Business Standard,Regulatory Changes,BSE Sensex,3.0,274.07,positive,Pharmaceuticals,Medium,Microsoft,https://www.moneycontrol.com/us-markets/sp-500,new ipo for a popular software firm is oversubscribed,0,0,0,3.0,274.07,53,9
2025-02-26,federal reserve chairman s speech causes market volatility,The Economist,Cryptocurrency Regulation,Nikkei 225,4.26,45.94,positive,Energy,Medium,Boeing,https://www.wsj.com/europe/dax-performance,federal reserve chairman s speech causes market volatility,0,0,0,4.26,45.94,58,8
2025-05-23,record-high inflation data rattles investors,Times of India,Interest Rate Change,Nikkei 225,-3.43,484.69,negative,Energy,Low,Reliance Industries,https://www.cnbc.com/2025/10/real-estate-market-analysis,record-high inflation data rattles investors,1,0,1,-3.43,484.69,44,5
2025-04-14,market braces for a major policy announcement from the eu,Business Standard,IPO Launch,Dow Jones,4.29,33.76,positive,Technology,High,Apple Inc.,https://www.cnbc.com/2025/08/russia-ukraine-war-economic-impact,market braces for a major policy announcement from the eu,0,0,0,4.29,33.76,57,10
2025-06-20,consumer discretionary stocks outperform as spending increases,Reuters,Market Rally,KOSPI,-1.0,123.26,negative,Technology,Low,Goldman Sachs,https://www.wsj.com/japan/economic-data-release,consumer discretionary stocks outperform as spending increases,2,0,2,-1.0,123.26,62,7
2025-06-04,record-high inflation data rattles investors,Financial Times,Inflation Data Release,S&P/TSX Composite,4.67,39.55,negative,Consumer Goods,Medium,Goldman Sachs,https://www.bloomberg.com/asia/policy/central-bank-meeting,record-high inflation data rattles investors,1,0,1,4.67,39.55,44,5
2025-03-03,new regulations on cryptocurrencies cause a market dip,Yahoo Finance,Unemployment Rate Announcement,NSE Nifty,4.08,306.55,positive,Pharmaceuticals,Medium,Apple Inc.,https://economictimes.indiatimes.com/industry/industrials,new regulations on cryptocurrencies cause a market dip,0,1,-1,4.08,306.55,54,8
2025-03-09,media and entertainment companies report a surge in streaming revenue,The Motley Fool,Corporate Earnings Report,CAC 40,0.03,4.24,positive,Automotive,Low,ExxonMobil,https://www.moneycontrol.com/us-markets/dow-jones-industrial,media and entertainment companies report a surge in streaming revenue,1,0,1,0.03,4.24,69,10
2025-08-06,government policy shift boosts renewable energy sector,Business Standard,Regulatory Changes,Shanghai Composite,-2.48,167.01,positive,Materials,High,Tata Motors,https://www.wsj.com/europe/regulatory-changes,government policy shift boosts renewable energy sector,1,0,1,-2.48,167.01,54,7
2025-08-08,uk s ftse 100 sees a boost from favorable trade data,Financial Times,Central Bank Meeting,S&P/TSX Composite,4.44,448.75,positive,Retail,Medium,Goldman Sachs,https://www.forbes.com/finance/geopolitical-event-impact,uk s ftse 100 sees a boost from favorable trade data,2,0,2,4.44,448.75,52,11
2025-06-26,a massive data breach sends a tech company s stock tumbling,Mint,Major Merger/Acquisition,Euro Stoxx 50,3.83,312.88,positive,Consumer Goods,Low,Goldman Sachs,https://economictimes.indiatimes.com/industry/industrials,a massive data breach sends a tech company s stock tumbling,0,1,-1,3.83,312.88,59,11
2025-02-23,real estate sector shows signs of overheating as interest rates fall,Reuters,Corporate Earnings Report,BSE Sensex,-2.84,208.77,negative,Technology,Medium,Samsung Electronics,https://www.wsj.com/china/market-rally,real estate sector shows signs of overheating as interest rates fall,0,1,-1,-2.84,208.77,68,11
2025-02-02,consumer discretionary stocks outperform as spending increases,Bloomberg,Currency Devaluation,BSE Sensex,-0.87,330.27,positive,Pharmaceuticals,High,ExxonMobil,https://www.investopedia.com/articles/supply-chain-disruption,consumer discretionary stocks outperform as spending increases,2,0,2,-0.87,330.27,62,7
2025-03-22,china s shanghai composite falls after new trade restrictions,The Economist,Economic Data Release,Nikkei 225,-3.44,329.44,positive,Utilities,Low,Tata Motors,https://timesofindia.indiatimes.com/business/markets/stock-market-crash,china s shanghai composite falls after new trade restrictions,0,1,-1,-3.44,329.44,61,9
2025-05-27,consumer confidence index reaches a decade high,Reuters,Bond Market Fluctuation,ASX 200,,416.71,positive,Industrials,Medium,JP Morgan Chase,https://www.bloomberg.com/asia/policy/central-bank-meeting,consumer confidence index reaches a decade high,1,0,1,,416.71,47,7
2025-08-02,banking stocks dip after a major scandal is revealed,CNBC,Cryptocurrency Regulation,Euro Stoxx 50,-2.35,112.23,positive,Media & Entertainment,Low,Reliance Industries,https://www.bloomberg.com/canada/tsunami-warnings,banking stocks dip after a major scandal is revealed,0,2,-2,-2.35,112.23,52,9
2025-07-23,central bank s dovish tone hints at future rate cuts,Seeking Alpha,Corporate Earnings Report,Nasdaq Composite,-3.37,259.98,negative,Media & Entertainment,Low,Tata Motors,https://www.reuters.com/markets/stocks/tech-rally,central bank s dovish tone hints at future rate cuts,0,0,0,-3.37,259.98,52,10
2025-07-27,asx 200 gains on strong export performance,Economic Times,Cryptocurrency Regulation,Dow Jones,-4.41,184.07,negative,Consumer Goods,Low,JP Morgan Chase,https://www.business-standard.com/economy/inflation-data,asx 200 gains on strong export performance,2,0,2,-4.41,184.07,42,7
2025-05-26,market braces for a major policy announcement from the eu,Mint,Bond Market Fluctuation,Shanghai Composite,-3.33,417.97,negative,Transportation,High,Samsung Electronics,https://www.business-standard.com/economy/trade-disputes-impact,market braces for a major policy announcement from the eu,0,0,0,-3.33,417.97,57,10
2025-05-26,crude oil prices drop to a multi-year low,Forbes,Interest Rate Change,Shanghai Composite,-1.04,175.61,negative,Construction,High,Boeing,https://www.reuters.com/business/retail-sector-earnings,crude oil prices drop to a multi-year low,0,1,-1,-1.04,175.61,41,8
2025-07-24,gold prices surge as investors flee riskier assets,Barron's,IPO Launch,Nasdaq Composite,3.99,102.78,negative,Industrials,Low,Tesla,https://www.reuters.com/markets/indices/ftse-100,gold prices surge as investors flee riskier assets,1,0,1,3.99,102.78,50,8
2025-06-27,a massive data breach sends a tech company s stock tumbling,Wall Street Journal,Interest Rate Change,Dow Jones,-4.0,246.33,negative,Technology,High,JP Morgan Chase,https://www.reuters.com/markets/stocks/tech-rally,a massive data breach sends a tech company s stock tumbling,0,1,-1,-4.0,246.33,59,11
2025-06-12,major technology firm acquires a smaller rival in a multi-billion dollar deal,The Motley Fool,Supply Chain Disruption,DAX,4.12,80.18,positive,Technology,Medium,Boeing,https://www.marketwatch.com/story/commodities-price-shock,major technology firm acquires a smaller rival in a multi-billion dollar deal,0,0,0,4.12,80.18,77,12
2025-06-18,market sentiment turns positive on vaccine trial results,Investopedia,Trade Tariffs Announcement,Nikkei 225,3.35,76.55,negative,Energy,Low,JP Morgan Chase,https://www.wsj.com/europe/dax-performance,market sentiment turns positive on vaccine trial results,1,0,1,3.35,76.55,56,8
2025-02-26,central bank governor signals potential shift in policy,Financial Times,Currency Devaluation,KOSPI,-3.03,313.25,negative,Transportation,High,ExxonMobil,,central bank governor signals potential shift in policy,0,0,0,-3.03,313.25,55,8
2025-03-27,energy company s dividend hike excites shareholders,Times of India,Unemployment Rate Announcement,Nasdaq Composite,-3.83,68.53,positive,Utilities,Low,Microsoft,https://timesofindia.indiatimes.com/business/agriculture-sector,energy company s dividend hike excites shareholders,0,0,0,-3.83,68.53,51,7
2025-04-24,utilities sector remains stable during market fluctuations,Barron's,Regulatory Changes,Shanghai Composite,1.91,245.93,negative,Materials,Low,Boeing,https://www.wsj.com/china/market-regulation,utilities sector remains stable during market fluctuations,0,0,0,1.91,245.93,58,7
2025-03-07,real estate sector shows signs of overheating as interest rates fall,Times of India,Interest Rate Change,Nasdaq Composite,-1.76,469.95,negative,Automotive,Medium,Samsung Electronics,https://www.reuters.com/business/retail-sector-earnings,real estate sector shows signs of overheating as interest rates fall,0,1,-1,-1.76,469.95,68,11
2025-06-05,gold prices surge as investors flee riskier assets,The Economist,Geopolitical Event,IBOVESPA,-0.59,314.76,negative,Utilities,High,Samsung Electronics,https://www.theeconomist.com/finance-and-economics/trade-tariffs,gold prices surge as investors flee riskier assets,1,0,1,-0.59,314.76,50,8
2025-07-20,gold prices surge as investors flee riskier assets,Financial Times,IPO Launch,S&P 500,1.21,384.75,negative,Materials,Medium,Apple Inc.,https://www.forbes.com/crypto/cryptocurrency-regulation,gold prices surge as investors flee riskier assets,1,0,1,1.21,384.75,50,8
2025-04-27,supply chain issues impact manufacturing sector earnings,Barron's,Government Policy Announcement,S&P/TSX Composite,-1.29,133.2,positive,Pharmaceuticals,Medium,Samsung Electronics,https://www.reuters.com/markets/stocks/tech-rally,supply chain issues impact manufacturing sector earnings,0,0,0,-1.29,133.2,56,7
2025-05-29,central bank governor signals potential shift in policy,Yahoo Finance,Central Bank Meeting,BSE Sensex,2.23,193.0,negative,Industrials,High,Boeing,https://www.cnbc.com/2025/11/major-merger-deal-approved,central bank governor signals potential shift in policy,0,0,0,2.23,193.0,55,8
2025-05-29,mining company stock surges on commodity price boom,Mint,Unemployment Rate Announcement,Hang Seng,2.79,260.03,negative,Aerospace & Defense,Low,Tesla,https://www.ft.com/content/consumer-confidence-report,mining company stock surges on commodity price boom,1,0,1,2.79,260.03,51,8
2025-04-20,semiconductor shortages weigh heavily on tech sector profits,Wall Street Journal,Geopolitical Event,Russell 2000,3.38,143.83,positive,Retail,Medium,JP Morgan Chase,https://www.wsj.com/europe/regulatory-changes,semiconductor shortages weigh heavily on tech sector profits,1,0,1,3.38,143.83,60,8
2025-04-17,market sentiment turns positive on vaccine trial results,Reuters,Commodity Price Shock,Shanghai Composite,-0.15,110.04,negative,Energy,Medium,Goldman Sachs,https://www.bloomberg.com/middle-east/news/bond-market-fluctuation,market sentiment turns positive on vaccine trial results,1,0,1,-0.15,110.04,56,8
2025-07-09,aerospace and defense sector sees rally amid geopolitical tensions,The Motley Fool,Commodity Price Shock,Euro Stoxx 50,-0.44,379.18,positive,Automotive,Medium,Tata Motors,https://www.cnbc.com/2025/11/major-merger-deal-approved,aerospace and defense sector sees rally amid geopolitical tensions,1,0,1,-0.44,379.18,66,9
2025-06-26,pharmaceutical company s drug approval drives stock upward,Bloomberg,Regulatory Changes,Shanghai Composite,1.72,342.98,negative,Retail,Low,Goldman Sachs,https://www.forbes.com/finance/geopolitical-event-impact,pharmaceutical company s drug approval drives stock upward,1,0,1,1.72,342.98,58,8
2025-04-05,automotive industry faces headwinds from rising material costs,Economic Times,Currency Devaluation,Nasdaq Composite,-2.55,99.7,positive,Utilities,High,Tata Motors,https://www.wsj.com/europe/regulatory-changes,automotive industry faces headwinds from rising material costs,0,1,-1,-2.55,99.7,62,8
2025-08-09,government policy shift boosts renewable energy sector,Financial Times,Unemployment Rate Announcement,TSX,-0.7,437.87,positive,Automotive,Low,Boeing,https://economictimes.indiatimes.com/news/economy/unemployment-rate,government policy shift boosts renewable energy sector,1,0,1,-0.7,437.87,54,7
2025-03-13,utilities sector remains stable during market fluctuations,Business Standard,Cryptocurrency Regulation,DAX,-4.95,253.53,positive,Aerospace & Defense,Medium,Tesla,https://www.moneycontrol.com/us-markets/dow-jones-industrial,utilities sector remains stable during market fluctuations,0,0,0,-4.95,253.53,58,7
2025-06-10,retail sales report surpasses all forecasts,The Economist,Inflation Data Release,TSX,4.29,493.81,negative,Transportation,Low,JP Morgan Chase,https://www.marketwatch.com/story/commodities-price-shock,retail sales report surpasses all forecasts,0,0,0,4.29,493.81,43,6
2025-03-13,new regulations on cryptocurrencies cause a market dip,Business Standard,Interest Rate Change,Shanghai Composite,4.38,403.36,negative,Energy,Low,Apple Inc.,https://www.business-standard.com/economy/inflation-data,new regulations on cryptocurrencies cause a market dip,0,1,-1,4.38,403.36,54,8
2025-08-06,massive stock buyback program announced by a consumer goods company,Reuters,Consumer Confidence Report,ASX 200,-2.0,194.94,negative,Technology,Medium,Tata Motors,https://www.reuters.com/markets/stocks/tech-rally,massive stock buyback program announced by a consumer goods company,0,0,0,-2.0,194.94,67,10
2025-06-03,china s shanghai composite falls after new trade restrictions,Business Standard,Government Policy Announcement,Shanghai Composite,2.43,125.05,positive,Automotive,Low,Microsoft,https://www.wsj.com/japan/economic-data-release,china s shanghai composite falls after new trade restrictions,0,1,-1,2.43,125.05,61,9
2025-02-24,central bank maintains status quo on interest rates,Financial Times,Commodity Price Shock,S&P 500,4.92,63.86,negative,Media & Entertainment,High,ExxonMobil,https://www.bloomberg.com/asia/telecommunications-news,central bank maintains status quo on interest rates,0,0,0,4.92,63.86,51,8
2025-08-10,unexpected rise in unemployment fuels market pessimism,The Motley Fool,Consumer Confidence Report,Hang Seng,-1.64,490.45,negative,Finance,High,Apple Inc.,https://www.marketwatch.com/story/consumer-goods-report,unexpected rise in unemployment fuels market pessimism,1,0,1,-1.64,490.45,54,7
2025-03-22,china s shanghai composite falls after new trade restrictions,The Economist,Economic Data Release,Nikkei 225,-3.44,329.44,positive,Utilities,Low,Tata Motors,https://timesofindia.indiatimes.com/business/markets/stock-market-crash,china s shanghai composite falls after new trade restrictions,0,1,-1,-3.44,329.44,61,9
2025-06-05,geopolitical ceasefire prompts a broad market recovery,Yahoo Finance,Interest Rate Change,DAX,-1.33,197.01,negative,Finance,High,Reliance Industries,https://www.ft.com/content/consumer-confidence-report,geopolitical ceasefire prompts a broad market recovery,1,0,1,-1.33,197.01,54,7
2025-06-28,crude oil prices drop to a multi-year low,Yahoo Finance,Stock Market Crash,DAX,-3.29,56.27,positive,Materials,High,Tata Motors,https://www.ft.com/content/consumer-confidence-report,crude oil prices drop to a multi-year low,0,1,-1,-3.29,56.27,41,8
2025-07-07,healthcare stocks gain on robust demand and strong outlook,Financial Times,Currency Devaluation,CAC 40,4.7,489.3,negative,Telecommunications,Low,ExxonMobil,https://www.wsj.com/china/market-regulation,healthcare stocks gain on robust demand and strong outlook,2,0,2,4.7,489.3,58,9
2025-08-08,market braces for a major policy announcement from the eu,Seeking Alpha,IPO Launch,Russell 2000,-3.32,487.63,positive,Aerospace & Defense,Medium,Tata Motors,https://www.ft.com/content/tech-sector-innovation,market braces for a major policy announcement from the eu,0,0,0,-3.32,487.63,57,10
2025-08-02,major oil spill sends energy stocks plummeting,The Motley Fool,Consumer Confidence Report,NSE Nifty,2.74,263.38,positive,Construction,Low,Boeing,https://www.wsj.com/europe/regulatory-changes,major oil spill sends energy stocks plummeting,0,0,0,2.74,263.38,46,7
2025-03-06,government subsidy program gives a lift to the agriculture sector,Business Standard,Commodity Price Shock,Russell 2000,-0.05,204.89,positive,Transportation,High,Apple Inc.,https://www.forbes.com/finance/geopolitical-event-impact,government subsidy program gives a lift to the agriculture sector,0,0,0,-0.05,204.89,65,10
2025-02-17,gold prices surge as investors flee riskier assets,Barron's,Regulatory Changes,IBOVESPA,2.24,369.48,negative,Construction,High,Apple Inc.,https://www.ft.com/content/consumer-confidence-report,gold prices surge as investors flee riskier assets,1,0,1,2.24,369.48,50,8
2025-08-11,supply chain issues impact manufacturing sector earnings,Mint,Currency Devaluation,ASX 200,1.31,56.48,negative,Industrials,Low,JP Morgan Chase,https://www.bloomberg.com/asia/telecommunications-news,supply chain issues impact manufacturing sector earnings,0,0,0,1.31,56.48,56,7
2025-06-14,consumer confidence index reaches a decade high,Wall Street Journal,Currency Devaluation,Shanghai Composite,,130.02,positive,Agriculture,Low,Samsung Electronics,https://www.cnbc.com/2025/08/russia-ukraine-war-economic-impact,consumer confidence index reaches a decade high,1,0,1,,130.02,47,7
2025-03-24,gold prices surge as investors flee riskier assets,Financial Times,Trade Tariffs Announcement,Nikkei 225,-4.25,23.34,negative,Materials,Low,Samsung Electronics,https://timesofindia.indiatimes.com/business/finance/banking-sector-news,gold prices surge as investors flee riskier assets,1,0,1,-4.25,23.34,50,8
2025-04-06,federal reserve chairman s speech causes market volatility,The Motley Fool,Market Rally,IBOVESPA,-3.4,65.43,negative,Automotive,High,Samsung Electronics,https://timesofindia.indiatimes.com/business/agriculture-sector,federal reserve chairman s speech causes market volatility,0,0,0,-3.4,65.43,58,8
2025-05-15,new housing data release shows a slowdown in market activity,Wall Street Journal,Government Policy Announcement,CAC 40,3.92,254.04,positive,Real Estate,Medium,Boeing,https://www.reuters.com/markets/indices/ftse-100,new housing data release shows a slowdown in market activity,0,1,-1,3.92,254.04,60,10
2025-02-24,market sentiment turns positive on vaccine trial results,Yahoo Finance,Market Rally,Shanghai Composite,1.33,344.69,positive,Pharmaceuticals,Medium,Tata Motors,https://www.investopedia.com/articles/government-policy-announcement,market sentiment turns positive on vaccine trial results,1,0,1,1.33,344.69,56,8
2025-07-25,massive stock buyback program announced by a consumer goods company,Barron's,Inflation Data Release,Nikkei 225,1.28,98.5,negative,Industrials,Low,Microsoft,https://www.ft.com/content/consumer-confidence-report,massive stock buyback program announced by a consumer goods company,0,0,0,1.28,98.5,67,10
2025-06-22,a massive data breach sends a tech company s stock tumbling,Yahoo Finance,IPO Launch,Nasdaq Composite,1.41,141.37,positive,Materials,Medium,Boeing,https://economictimes.indiatimes.com/news/transportation,a massive data breach sends a tech company s stock tumbling,0,1,-1,1.41,141.37,59,11
2025-05-10,media and entertainment companies report a surge in streaming revenue,CNBC,Commodity Price Shock,Dow Jones,0.66,284.53,negative,Energy,Low,Goldman Sachs,https://economictimes.indiatimes.com/stocks/bse-sensex-plunges,media and entertainment companies report a surge in streaming revenue,1,0,1,0.66,284.53,69,10
2025-05-28,geopolitical ceasefire prompts a broad market recovery,The Hindu Business Line,Bond Market Fluctuation,Russell 2000,2.89,146.48,positive,Media & Entertainment,Low,Microsoft,,geopolitical ceasefire prompts a broad market recovery,1,0,1,2.89,146.48,54,7
2025-02-10,gold prices surge as investors flee riskier assets,Forbes,Market Rally,Russell 2000,4.2,167.2,negative,Media & Entertainment,Low,Tesla,https://www.cnbc.com/2025/08/russia-ukraine-war-economic-impact,gold prices surge as investors flee riskier assets,1,0,1,4.2,167.2,50,8
2025-07-09,record-high inflation data rattles investors,Forbes,Currency Devaluation,Nasdaq Composite,4.79,232.86,negative,Transportation,Low,Boeing,https://timesofindia.indiatimes.com/business/finance/banking-sector-news,record-high inflation data rattles investors,1,0,1,4.79,232.86,44,5
2025-06-02,market sentiment turns positive on vaccine trial results,The Hindu Business Line,Supply Chain Disruption,CAC 40,0.64,99.76,negative,Automotive,High,Samsung Electronics,https://economictimes.indiatimes.com/stocks/bse-sensex-plunges,market sentiment turns positive on vaccine trial results,1,0,1,0.64,99.76,56,8
2025-03-01,major technology firm acquires a smaller rival in a multi-billion dollar deal,Reuters,Market Rally,IBOVESPA,,1.6,negative,Aerospace & Defense,Low,JP Morgan Chase,https://economictimes.indiatimes.com/news/economy/unemployment-rate,major technology firm acquires a smaller rival in a multi-billion dollar deal,0,0,0,,1.6,77,12
2025-05-02,central bank s dovish tone hints at future rate cuts,Times of India,Central Bank Meeting,ASX 200,-4.64,199.38,positive,Retail,Low,Apple Inc.,https://www.reuters.com/business/energy/oil-market-update,central bank s dovish tone hints at future rate cuts,0,0,0,-4.64,199.38,52,10
2025-06-01,financial sector bracing for new capital requirements,Economic Times,Economic Data Release,Hang Seng,2.59,308.52,negative,Technology,High,Boeing,,financial sector bracing for new capital requirements,0,0,0,2.59,308.52,53,7
2025-05-26,record-high inflation data rattles investors,Financial Times,Bond Market Fluctuation,KOSPI,-2.15,312.23,negative,Healthcare,High,Apple Inc.,https://www.wsj.com/china/market-regulation,record-high inflation data rattles investors,1,0,1,-2.15,312.23,44,5
2025-05-29,major technology firm acquires a smaller rival in a multi-billion dollar deal,Forbes,Central Bank Meeting,KOSPI,-1.03,194.11,negative,Consumer Goods,Low,JP Morgan Chase,https://www.ft.com/content/tech-sector-innovation,major technology firm acquires a smaller rival in a multi-billion dollar deal,0,0,0,-1.03,194.11,77,12
2025-05-09,consumer confidence index reaches a decade high,The Economist,Supply Chain Disruption,Hang Seng,1.4,45.16,positive,Pharmaceuticals,High,Boeing,https://www.cnbc.com/2025/12/healthcare-sector-outlook,consumer confidence index reaches a decade high,1,0,1,1.4,45.16,47,7
2025-07-09,market sentiment turns positive on vaccine trial results,The Hindu Business Line,Geopolitical Event,IBOVESPA,-4.67,241.5,positive,Consumer Goods,Low,Reliance Industries,https://economictimes.indiatimes.com/news/transportation,market sentiment turns positive on vaccine trial results,1,0,1,-4.67,241.5,56,8
2025-02-28,geopolitical ceasefire prompts a broad market recovery,CNBC,Consumer Confidence Report,Shanghai Composite,2.57,141.37,negative,Automotive,High,Microsoft,https://www.wsj.com/china/market-regulation,geopolitical ceasefire prompts a broad market recovery,1,0,1,2.57,141.37,54,7
2025-04-20,quarterly report shows surprising losses for retail giants,The Hindu Business Line,Unemployment Rate Announcement,ASX 200,3.47,320.8,positive,Finance,High,Samsung Electronics,https://www.bloomberg.com/australia/asx-200-performance,quarterly report shows surprising losses for retail giants,0,1,-1,3.47,320.8,58,8
2025-03-24,financial services stocks rally on strong profit margins,Reuters,Market Rally,Russell 2000,-0.8,359.16,positive,Telecommunications,Low,ExxonMobil,https://www.marketwatch.com/story/commodities-price-shock,financial services stocks rally on strong profit margins,3,0,3,-0.8,359.16,56,8
2025-04-09,consumer discretionary stocks outperform as spending increases,Seeking Alpha,Supply Chain Disruption,Hang Seng,-3.53,450.1,negative,Utilities,High,Reliance Industries,https://www.marketwatch.com/story/commodities-price-shock,consumer discretionary stocks outperform as spending increases,2,0,2,-3.53,450.1,62,7
2025-03-24,e-commerce earnings report beats all analyst expectations,Investopedia,Commodity Price Shock,Euro Stoxx 50,-3.19,112.77,positive,Energy,High,JP Morgan Chase,https://economictimes.indiatimes.com/industry/industrials,e-commerce earnings report beats all analyst expectations,1,0,1,-3.19,112.77,57,7
2025-04-12,energy company s dividend hike excites shareholders,Reuters,Market Rally,Shanghai Composite,2.71,204.29,positive,Transportation,High,Tesla,https://economictimes.indiatimes.com/industry/industrials,energy company s dividend hike excites shareholders,0,0,0,2.71,204.29,51,7
2025-06-10,semiconductor shortages weigh heavily on tech sector profits,Economic Times,Interest Rate Change,TSX,,241.36,positive,Agriculture,Medium,Microsoft,https://www.ft.com/content/currency-devaluation,semiconductor shortages weigh heavily on tech sector profits,1,0,1,,241.36,60,8
2025-05-31,dow jones plunges as market fears recession,Wall Street Journal,Cryptocurrency Regulation,TSX,,147.76,negative,Industrials,High,Microsoft,https://www.business-standard.com/economy/inflation-data,dow jones plunges as market fears recession,0,2,-2,,147.76,43,7
2025-07-14,federal reserve chairman s speech causes market volatility,The Hindu Business Line,Consumer Confidence Report,Shanghai Composite,1.28,49.17,positive,Telecommunications,High,Apple Inc.,https://www.reuters.com/markets/indices/ftse-100,federal reserve chairman s speech causes market volatility,0,0,0,1.28,49.17,58,8
2025-05-14,energy company s dividend hike excites shareholders,The Hindu Business Line,Consumer Confidence Report,Dow Jones,-2.64,461.4,positive,Pharmaceuticals,High,ExxonMobil,https://www.business-standard.com/finance/corporate-earnings,energy company s dividend hike excites shareholders,0,0,0,-2.64,461.4,51,7
2025-03-12,new ipo for a popular software firm is oversubscribed,MarketWatch,Corporate Earnings Report,Nikkei 225,1.45,343.87,negative,Construction,Low,Microsoft,https://www.cnbc.com/2025/10/real-estate-market-analysis,new ipo for a popular software firm is oversubscribed,0,0,0,1.45,343.87,53,9
2025-02-14,massive stock buyback program announced by a consumer goods company,Forbes,Unemployment Rate Announcement,S&P/TSX Composite,-3.6,158.36,negative,Pharmaceuticals,Medium,Apple Inc.,https://www.business-standard.com/economy/inflation-data,massive stock buyback program announced by a consumer goods company,0,0,0,-3.6,158.36,67,10
2025-06-09,china s shanghai composite falls after new trade restrictions,Reuters,Trade Tariffs Announcement,IBOVESPA,1.62,389.81,positive,Energy,Medium,Reliance Industries,https://www.moneycontrol.com/us-markets/dow-jones-industrial,china s shanghai composite falls after new trade restrictions,0,1,-1,1.62,389.81,61,9
2025-04-05,mining company stock surges on commodity price boom,Forbes,Trade Tariffs Announcement,S&P/TSX Composite,-4.57,365.93,negative,Telecommunications,Medium,Goldman Sachs,https://www.investopedia.com/articles/government-policy-announcement,mining company stock surges on commodity price boom,1,0,1,-4.57,365.93,51,8
2025-02-10,bond yields tumble as investors seek safe havens,Seeking Alpha,Interest Rate Change,IBOVESPA,-2.79,28.62,negative,Energy,High,Apple Inc.,https://www.ft.com/content/consumer-confidence-report,bond yields tumble as investors seek safe havens,0,1,-1,-2.79,28.62,48,8
2025-06-27,banking stocks dip after a major scandal is revealed,CNBC,Supply Chain Disruption,Euro Stoxx 50,-1.79,140.57,positive,Agriculture,High,Boeing,https://www.business-standard.com/international-business/trade-policy,banking stocks dip after a major scandal is revealed,0,2,-2,-1.79,140.57,52,9
2025-06-04,new housing data release shows a slowdown in market activity,Financial Times,Market Rally,Hang Seng,-0.52,176.05,negative,Pharmaceuticals,Medium,Tesla,https://www.business-standard.com/economy/economic-stimulus,new housing data release shows a slowdown in market activity,0,1,-1,-0.52,176.05,60,10
2025-07-02,asx 200 gains on strong export performance,Seeking Alpha,Inflation Data Release,Russell 2000,-3.81,367.06,positive,Finance,Low,Samsung Electronics,,asx 200 gains on strong export performance,2,0,2,-3.81,367.06,42,7
2025-06-25,healthcare stocks gain on robust demand and strong outlook,MarketWatch,Interest Rate Change,IBOVESPA,,477.42,positive,Transportation,Low,Samsung Electronics,https://www.investopedia.com/articles/government-policy-announcement,healthcare stocks gain on robust demand and strong outlook,2,0,2,,477.42,58,9
2025-07-07,new ipo for a popular software firm is oversubscribed,Times of India,Corporate Earnings Report,Shanghai Composite,-1.26,359.28,positive,Transportation,Medium,Tesla,https://timesofindia.indiatimes.com/business/finance/banking-sector-news,new ipo for a popular software firm is oversubscribed,0,0,0,-1.26,359.28,53,9
2025-07-20,uk s ftse 100 sees a boost from favorable trade data,Investopedia,Commodity Price Shock,Nikkei 225,0.21,179.99,positive,Materials,Medium,Reliance Industries,https://www.reuters.com/business/retail-sector-earnings,uk s ftse 100 sees a boost from favorable trade data,2,0,2,0.21,179.99,52,11
2025-05-24,federal reserve chairman s speech causes market volatility,Bloomberg,Market Rally,Dow Jones,3.65,215.24,negative,Finance,Low,Goldman Sachs,https://www.moneycontrol.com/us-markets/nasdaq-composite,federal reserve chairman s speech causes market volatility,0,0,0,3.65,215.24,58,8
2025-02-03,real estate sector shows signs of overheating as interest rates fall,Reuters,Supply Chain Disruption,Nasdaq Composite,-3.74,331.77,negative,Transportation,Medium,Goldman Sachs,https://www.business-standard.com/finance/corporate-earnings,real estate sector shows signs of overheating as interest rates fall,0,1,-1,-3.74,331.77,68,11
2025-04-11,market sentiment turns positive on vaccine trial results,CNBC,Inflation Data Release,KOSPI,3.49,319.12,positive,Healthcare,High,JP Morgan Chase,https://www.reuters.com/markets/indices/ftse-100,market sentiment turns positive on vaccine trial results,1,0,1,3.49,319.12,56,8
2025-02-11,uk s ftse 100 sees a boost from favorable trade data,Forbes,Geopolitical Event,Russell 2000,-0.78,223.88,positive,Industrials,High,Tata Motors,https://www.wsj.com/europe/regulatory-changes,uk s ftse 100 sees a boost from favorable trade data,2,0,2,-0.78,223.88,52,11
2025-03-14,unexpected rise in unemployment fuels market pessimism,Seeking Alpha,Stock Market Crash,NSE Nifty,3.23,342.96,negative,Materials,High,Tesla,https://www.business-standard.com/economy/trade-disputes-impact,unexpected rise in unemployment fuels market pessimism,1,0,1,3.23,342.96,54,7
2025-07-06,consumer confidence index reaches a decade high,Yahoo Finance,Central Bank Meeting,FTSE 100,0.38,335.2,positive,Transportation,High,Goldman Sachs,https://www.ft.com/content/tech-sector-innovation,consumer confidence index reaches a decade high,1,0,1,0.38,335.2,47,7
2025-04-24,central bank governor signals potential shift in policy,The Motley Fool,Interest Rate Change,IBOVESPA,1.46,317.87,positive,Industrials,Medium,Goldman Sachs,https://www.reuters.com/markets/stocks/tech-rally,central bank governor signals potential shift in policy,0,0,0,1.46,317.87,55,8
2025-06-01,new housing data release shows a slowdown in market activity,Yahoo Finance,Commodity Price Shock,Euro Stoxx 50,-1.74,310.89,positive,Telecommunications,Medium,Tata Motors,https://www.moneycontrol.com/india/ipo-news/new-firm-launches,new housing data release shows a slowdown in market activity,0,1,-1,-1.74,310.89,60,10
2025-07-02,asx 200 gains on strong export performance,Seeking Alpha,Inflation Data Release,Russell 2000,-3.81,367.06,positive,Finance,Low,Samsung Electronics,,asx 200 gains on strong export performance,2,0,2,-3.81,367.06,42,7
2025-06-24,china s shanghai composite falls after new trade restrictions,Investopedia,Supply Chain Disruption,Euro Stoxx 50,-1.64,123.41,positive,Media & Entertainment,High,Boeing,https://www.theeconomist.com/world/government-policy-announcement,china s shanghai composite falls after new trade restrictions,0,1,-1,-1.64,123.41,61,9
2025-07-25,unexpected rise in unemployment fuels market pessimism,Financial Times,Central Bank Meeting,IBOVESPA,-0.46,146.03,positive,Finance,High,JP Morgan Chase,https://www.business-standard.com/finance/corporate-earnings,unexpected rise in unemployment fuels market pessimism,1,0,1,-0.46,146.03,54,7
2025-07-11,consumer discretionary stocks outperform as spending increases,Yahoo Finance,Interest Rate Change,Hang Seng,0.7,339.83,negative,Transportation,Medium,JP Morgan Chase,https://www.reuters.com/markets/indices/ftse-100,consumer discretionary stocks outperform as spending increases,2,0,2,0.7,339.83,62,7
2025-06-11,record-high inflation data rattles investors,Financial Times,Government Policy Announcement,DAX,-3.89,365.89,negative,Finance,Low,Microsoft,https://www.moneycontrol.com/us-markets/sp-500,record-high inflation data rattles investors,1,0,1,-3.89,365.89,44,5
2025-02-20,banking stocks dip after a major scandal is revealed,Times of India,Market Rally,Nikkei 225,-2.55,470.97,positive,Technology,High,JP Morgan Chase,https://www.reuters.com/business/energy/oil-market-update,banking stocks dip after a major scandal is revealed,0,2,-2,-2.55,470.97,52,9
2025-07-20,gold prices surge as investors flee riskier assets,Seeking Alpha,Government Policy Announcement,KOSPI,-2.65,403.63,positive,Telecommunications,Medium,ExxonMobil,https://www.forbes.com/finance/geopolitical-event-impact,gold prices surge as investors flee riskier assets,1,0,1,-2.65,403.63,50,8
2025-04-21,government policy shift boosts renewable energy sector,Times of India,Bond Market Fluctuation,BSE Sensex,-1.52,246.22,positive,Healthcare,High,Microsoft,https://www.ft.com/content/currency-devaluation,government policy shift boosts renewable energy sector,1,0,1,-1.52,246.22,54,7
2025-05-13,nikkei 225 index benefits from a weaker yen,Business Standard,Consumer Confidence Report,Nikkei 225,0.02,4.19,negative,Telecommunications,Low,Samsung Electronics,https://www.cnbc.com/2025/10/real-estate-market-analysis,nikkei 225 index benefits from a weaker yen,0,1,-1,0.02,4.19,43,8
2025-02-04,merger talks between two banks fall through,Bloomberg,Unemployment Rate Announcement,Euro Stoxx 50,-4.82,309.6,positive,Media & Entertainment,High,Tesla,https://www.reuters.com/markets/stocks/tech-rally,merger talks between two banks fall through,0,1,-1,-4.82,309.6,43,7
2025-06-10,central bank maintains status quo on interest rates,The Motley Fool,Geopolitical Event,ASX 200,3.34,90.39,negative,Media & Entertainment,High,Goldman Sachs,https://economictimes.indiatimes.com/news/transportation,central bank maintains status quo on interest rates,0,0,0,3.34,90.39,51,8
2025-04-06,mining company stock surges on commodity price boom,Barron's,Supply Chain Disruption,NSE Nifty,-4.96,281.52,negative,Industrials,Medium,JP Morgan Chase,https://www.theeconomist.com/finance-and-economics/trade-tariffs,mining company stock surges on commodity price boom,1,0,1,-4.96,281.52,51,8
2025-07-18,bond yields tumble as investors seek safe havens,The Motley Fool,Geopolitical Event,Nasdaq Composite,-1.81,312.4,positive,Consumer Goods,High,JP Morgan Chase,https://www.reuters.com/business/retail-sector-earnings,bond yields tumble as investors seek safe havens,0,1,-1,-1.81,312.4,48,8
2025-02-27,financial sector bracing for new capital requirements,Mint,Economic Data Release,S&P/TSX Composite,-2.84,308.88,positive,Automotive,Low,Samsung Electronics,https://www.cnbc.com/2025/08/russia-ukraine-war-economic-impact,financial sector bracing for new capital requirements,0,0,0,-2.84,308.88,53,7
2025-06-10,quarterly report shows surprising losses for retail giants,The Hindu Business Line,Bond Market Fluctuation,Nasdaq Composite,-4.89,240.08,positive,Telecommunications,High,Reliance Industries,https://www.moneycontrol.com/us-markets/sp-500,quarterly report shows surprising losses for retail giants,0,1,-1,-4.89,240.08,58,8
2025-05-26,"global trade talks collapse, causing market turmoil",The Hindu Business Line,Currency Devaluation,Dow Jones,,3.07,negative,Retail,Low,Boeing,https://www.bloomberg.com/asia/policy/central-bank-meeting,global trade talks collapse causing market turmoil,0,1,-1,,3.07,50,7
2025-04-16,central bank governor signals potential shift in policy,Yahoo Finance,IPO Launch,Russell 2000,-1.05,146.8,positive,Automotive,Low,Tata Motors,https://www.wsj.com/europe/regulatory-changes,central bank governor signals potential shift in policy,0,0,0,-1.05,146.8,55,8
2025-06-13,government subsidy program gives a lift to the agriculture sector,Mint,Central Bank Meeting,Nasdaq Composite,-2.72,374.47,negative,Industrials,Medium,Goldman Sachs,https://www.reuters.com/business/retail-sector-earnings,government subsidy program gives a lift to the agriculture sector,0,0,0,-2.72,374.47,65,10
2025-06-25,media and entertainment companies report a surge in streaming revenue,Investopedia,Stock Market Crash,ASX 200,0.42,323.15,negative,Real Estate,Low,Boeing,https://www.reuters.com/markets/stocks/tech-rally,media and entertainment companies report a surge in streaming revenue,1,0,1,0.42,323.15,69,10
2025-08-07,automotive industry faces headwinds from rising material costs,Reuters,Stock Market Crash,TSX,-2.57,131.5,positive,Transportation,Medium,Microsoft,https://economictimes.indiatimes.com/stocks/bse-sensex-plunges,automotive industry faces headwinds from rising material costs,0,1,-1,-2.57,131.5,62,8
2025-05-27,record-high inflation data rattles investors,Yahoo Finance,Government Policy Announcement,Nikkei 225,2.99,108.41,positive,Telecommunications,Low,Boeing,https://www.reuters.com/business/energy/oil-market-update,record-high inflation data rattles investors,1,0,1,2.99,108.41,44,5
2025-06-14,supply chain issues impact manufacturing sector earnings,Investopedia,IPO Launch,BSE Sensex,-4.39,81.56,negative,Pharmaceuticals,Low,JP Morgan Chase,https://www.cnbc.com/2025/09/automotive-industry-trends,supply chain issues impact manufacturing sector earnings,0,0,0,-4.39,81.56,56,7
2025-03-01,consumer discretionary stocks outperform as spending increases,Seeking Alpha,Economic Data Release,CAC 40,2.43,158.15,positive,Telecommunications,Medium,ExxonMobil,https://www.theeconomist.com/world/government-policy-announcement,consumer discretionary stocks outperform as spending increases,2,0,2,2.43,158.15,62,7
2025-06-16,semiconductor shortages weigh heavily on tech sector profits,Business Standard,Currency Devaluation,BSE Sensex,-4.97,147.46,negative,Healthcare,Medium,Samsung Electronics,https://www.investopedia.com/articles/supply-chain-disruption,semiconductor shortages weigh heavily on tech sector profits,1,0,1,-4.97,147.46,60,8
2025-02-05,geopolitical ceasefire prompts a broad market recovery,Yahoo Finance,Government Policy Announcement,FTSE 100,2.12,352.72,negative,Energy,Low,ExxonMobil,https://timesofindia.indiatimes.com/business/finance/banking-sector-news,geopolitical ceasefire prompts a broad market recovery,1,0,1,2.12,352.72,54,7
2025-05-29,healthcare stocks gain on robust demand and strong outlook,Times of India,Major Merger/Acquisition,TSX,-1.09,498.08,negative,Consumer Goods,Medium,Tesla,https://economictimes.indiatimes.com/news/economy/unemployment-rate,healthcare stocks gain on robust demand and strong outlook,2,0,2,-1.09,498.08,58,9
2025-03-31,automotive industry faces headwinds from rising material costs,The Hindu Business Line,Bond Market Fluctuation,S&P 500,4.2,334.44,positive,Agriculture,High,Reliance Industries,https://www.business-standard.com/economy/inflation-data,automotive industry faces headwinds from rising material costs,0,1,-1,4.2,334.44,62,8
2025-02-13,dow jones plunges as market fears recession,Economic Times,Regulatory Changes,DAX,4.09,108.39,positive,Energy,Medium,JP Morgan Chase,https://www.forbes.com/crypto/cryptocurrency-regulation,dow jones plunges as market fears recession,0,2,-2,4.09,108.39,43,7
2025-05-03,new ipo for a popular software firm is oversubscribed,MarketWatch,Government Policy Announcement,Euro Stoxx 50,-1.5,6.11,negative,Automotive,High,Microsoft,https://www.bloomberg.com/asia/telecommunications-news,new ipo for a popular software firm is oversubscribed,0,0,0,-1.5,6.11,53,9
2025-05-02,financial sector bracing for new capital requirements,Financial Times,Stock Market Crash,TSX,,198.91,negative,Finance,High,Boeing,https://www.reuters.com/markets/stocks/tech-rally,financial sector bracing for new capital requirements,0,0,0,,198.91,53,7
2025-06-19,geopolitical ceasefire prompts a broad market recovery,Business Standard,Trade Tariffs Announcement,S&P/TSX Composite,3.78,309.67,positive,Finance,Medium,Tata Motors,https://www.wsj.com/japan/economic-data-release,geopolitical ceasefire prompts a broad market recovery,1,0,1,3.78,309.67,54,7
2025-03-18,e-commerce earnings report beats all analyst expectations,Times of India,Commodity Price Shock,S&P 500,2.71,342.38,negative,Materials,High,Microsoft,https://www.cnbc.com/2025/09/automotive-industry-trends,e-commerce earnings report beats all analyst expectations,1,0,1,2.71,342.38,57,7
2025-07-25,e-commerce earnings report beats all analyst expectations,Seeking Alpha,Major Merger/Acquisition,TSX,0.18,257.73,positive,Real Estate,Low,Reliance Industries,https://economictimes.indiatimes.com/news/economy/unemployment-rate,e-commerce earnings report beats all analyst expectations,1,0,1,0.18,257.73,57,7
2025-04-10,major oil spill sends energy stocks plummeting,The Motley Fool,Economic Data Release,Euro Stoxx 50,0.49,68.44,positive,Materials,Medium,Tesla,https://www.business-standard.com/economy/trade-disputes-impact,major oil spill sends energy stocks plummeting,0,0,0,0.49,68.44,46,7
2025-03-18,market sentiment turns positive on vaccine trial results,Barron's,Stock Market Crash,S&P 500,0.8,478.93,positive,Real Estate,High,Boeing,https://www.investopedia.com/articles/supply-chain-disruption,market sentiment turns positive on vaccine trial results,1,0,1,0.8,478.93,56,8
2025-07-07,consumer confidence index reaches a decade high,Wall Street Journal,Geopolitical Event,S&P/TSX Composite,0.64,257.72,positive,Pharmaceuticals,Low,Goldman Sachs,https://www.marketwatch.com/story/commodities-price-shock,consumer confidence index reaches a decade high,1,0,1,0.64,257.72,47,7
2025-07-05,utilities sector remains stable during market fluctuations,Reuters,IPO Launch,Hang Seng,-3.51,467.02,negative,Technology,Low,Apple Inc.,https://www.ft.com/content/tech-sector-innovation,utilities sector remains stable during market fluctuations,0,0,0,-3.51,467.02,58,7
2025-04-23,financial services stocks rally on strong profit margins,The Motley Fool,Trade Tariffs Announcement,ASX 200,,428.77,positive,Automotive,High,Goldman Sachs,https://timesofindia.indiatimes.com/business/corporate-governance,financial services stocks rally on strong profit margins,3,0,3,,428.77,56,8
2025-07-24,central bank s dovish tone hints at future rate cuts,The Motley Fool,IPO Launch,Nasdaq Composite,,478.88,positive,Agriculture,Low,Samsung Electronics,https://www.cnbc.com/2025/09/automotive-industry-trends,central bank s dovish tone hints at future rate cuts,0,0,0,,478.88,52,10
2025-02-06,supply chain issues impact manufacturing sector earnings,The Motley Fool,Cryptocurrency Regulation,S&P/TSX Composite,-4.44,44.07,positive,Retail,Medium,Apple Inc.,https://www.moneycontrol.com/india/ipo-news/new-firm-launches,supply chain issues impact manufacturing sector earnings,0,0,0,-4.44,44.07,56,7
2025-05-27,semiconductor shortages weigh heavily on tech sector profits,Forbes,Corporate Earnings Report,Shanghai Composite,,85.19,negative,Transportation,Medium,Tata Motors,,semiconductor shortages weigh heavily on tech sector profits,1,0,1,,85.19,60,8
2025-04-04,supply chain issues impact manufacturing sector earnings,Seeking Alpha,Unemployment Rate Announcement,BSE Sensex,-3.65,169.96,negative,Healthcare,Low,Apple Inc.,https://economictimes.indiatimes.com/stocks/bse-sensex-plunges,supply chain issues impact manufacturing sector earnings,0,0,0,-3.65,169.96,56,7
2025-04-29,consumer confidence index reaches a decade high,Yahoo Finance,Central Bank Meeting,Hang Seng,-4.11,433.56,negative,Materials,High,Reliance Industries,https://www.forbes.com/finance/geopolitical-event-impact,consumer confidence index reaches a decade high,1,0,1,-4.11,433.56,47,7
2025-02-23,dow jones plunges as market fears recession,CNBC,Commodity Price Shock,TSX,2.08,56.24,positive,Transportation,High,Tata Motors,https://timesofindia.indiatimes.com/business/finance/banking-sector-news,dow jones plunges as market fears recession,0,2,-2,2.08,56.24,43,7
2025-05-09,massive stock buyback program announced by a consumer goods company,Times of India,Market Rally,Nasdaq Composite,3.6,417.3,negative,Consumer Goods,Low,ExxonMobil,https://www.wsj.com/china/market-rally,massive stock buyback program announced by a consumer goods company,0,0,0,3.6,417.3,67,10
2025-06-01,mining company stock surges on commodity price boom,CNBC,Central Bank Meeting,NSE Nifty,,71.21,positive,Consumer Goods,High,JP Morgan Chase,https://www.wsj.com/europe/regulatory-changes,mining company stock surges on commodity price boom,1,0,1,,71.21,51,8
2025-04-02,geopolitical ceasefire prompts a broad market recovery,Financial Times,Stock Market Crash,CAC 40,-4.94,191.08,negative,Telecommunications,Low,ExxonMobil,https://www.moneycontrol.com/us-markets/dow-jones-industrial,geopolitical ceasefire prompts a broad market recovery,1,0,1,-4.94,191.08,54,7
2025-08-01,retail sales report surpasses all forecasts,CNBC,Geopolitical Event,ASX 200,-4.76,466.43,negative,Telecommunications,Low,Microsoft,https://www.bloomberg.com/asia/telecommunications-news,retail sales report surpasses all forecasts,0,0,0,-4.76,466.43,43,6
2025-02-19,tech giant s new product launch sparks sector-wide gains,Barron's,Government Policy Announcement,KOSPI,-3.78,257.44,negative,Telecommunications,High,Boeing,https://www.business-standard.com/economy/trade-disputes-impact,tech giant s new product launch sparks sector-wide gains,1,0,1,-3.78,257.44,56,9
2025-02-01,semiconductor shortages weigh heavily on tech sector profits,Seeking Alpha,Stock Market Crash,Hang Seng,2.62,225.9,positive,Industrials,High,JP Morgan Chase,https://www.cnbc.com/2025/10/real-estate-market-analysis,semiconductor shortages weigh heavily on tech sector profits,1,0,1,2.62,225.9,60,8
2025-03-08,bond yields tumble as investors seek safe havens,Yahoo Finance,Government Policy Announcement,Euro Stoxx 50,3.95,199.68,negative,Energy,Medium,Samsung Electronics,https://www.ft.com/content/media-entertainment-merger,bond yields tumble as investors seek safe havens,0,1,-1,3.95,199.68,48,8
2025-03-08,major technology firm acquires a smaller rival in a multi-billion dollar deal,Times of India,Cryptocurrency Regulation,Nikkei 225,3.37,296.22,negative,Energy,High,Goldman Sachs,https://www.bloomberg.com/canada/tsunami-warnings,major technology firm acquires a smaller rival in a multi-billion dollar deal,0,0,0,3.37,296.22,77,12
2025-07-15,utilities sector remains stable during market fluctuations,The Economist,Consumer Confidence Report,Hang Seng,3.47,368.29,positive,Automotive,Low,ExxonMobil,https://www.business-standard.com/economy/economic-stimulus,utilities sector remains stable during market fluctuations,0,0,0,3.47,368.29,58,7
2025-03-02,new regulations on cryptocurrencies cause a market dip,The Economist,Major Merger/Acquisition,DAX,4.47,395.1,negative,Industrials,High,JP Morgan Chase,https://www.business-standard.com/economy/economic-stimulus,new regulations on cryptocurrencies cause a market dip,0,1,-1,4.47,395.1,54,8
2025-07-19,bond yields tumble as investors seek safe havens,Barron's,Supply Chain Disruption,KOSPI,-2.33,110.35,negative,Finance,Low,Microsoft,https://www.wsj.com/china/market-rally,bond yields tumble as investors seek safe havens,0,1,-1,-2.33,110.35,48,8
2025-04-16,china s shanghai composite falls after new trade restrictions,The Motley Fool,Consumer Confidence Report,KOSPI,3.27,383.29,positive,Technology,High,Boeing,https://www.moneycontrol.com/us-markets/sp-500,china s shanghai composite falls after new trade restrictions,0,1,-1,3.27,383.29,61,9
2025-05-01,central bank maintains status quo on interest rates,Reuters,Market Rally,Euro Stoxx 50,2.75,387.89,negative,Healthcare,Medium,Apple Inc.,https://economictimes.indiatimes.com/stocks/bse-sensex-plunges,central bank maintains status quo on interest rates,0,0,0,2.75,387.89,51,8
2025-04-20,government spending bill is expected to stimulate the economy,The Motley Fool,Cryptocurrency Regulation,ASX 200,0.07,29.08,positive,Real Estate,Low,Boeing,https://www.moneycontrol.com/us-markets/dow-jones-industrial,government spending bill is expected to stimulate the economy,0,0,0,0.07,29.08,61,9
2025-03-09,media and entertainment companies report a surge in streaming revenue,The Motley Fool,Corporate Earnings Report,CAC 40,0.03,4.24,positive,Automotive,Low,ExxonMobil,https://www.moneycontrol.com/us-markets/dow-jones-industrial,media and entertainment companies report a surge in streaming revenue,1,0,1,0.03,4.24,69,10
2025-06-05,bond yields tumble as investors seek safe havens,CNBC,Central Bank Meeting,Nikkei 225,-0.05,251.63,positive,Telecommunications,Medium,ExxonMobil,https://www.ft.com/content/currency-devaluation,bond yields tumble as investors seek safe havens,0,1,-1,-0.05,251.63,48,8
2025-06-27,healthcare stocks gain on robust demand and strong outlook,Wall Street Journal,Trade Tariffs Announcement,NSE Nifty,-1.44,248.29,positive,Construction,Low,Goldman Sachs,https://www.reuters.com/markets/indices/nikkei-225,healthcare stocks gain on robust demand and strong outlook,2,0,2,-1.44,248.29,58,9
2025-07-28,gold prices surge as investors flee riskier assets,Bloomberg,IPO Launch,CAC 40,-1.01,84.48,negative,Agriculture,Low,Samsung Electronics,https://www.bloomberg.com/canada/tsunami-warnings,gold prices surge as investors flee riskier assets,1,0,1,-1.01,84.48,50,8
2025-08-01,uk s ftse 100 sees a boost from favorable trade data,Bloomberg,Major Merger/Acquisition,S&P 500,-4.97,136.67,positive,Materials,Low,JP Morgan Chase,,uk s ftse 100 sees a boost from favorable trade data,2,0,2,-4.97,136.67,52,11
2025-07-27,government spending bill is expected to stimulate the economy,Mint,Cryptocurrency Regulation,Russell 2000,-1.35,226.13,positive,Healthcare,Medium,Samsung Electronics,https://economictimes.indiatimes.com/industry/industrials,government spending bill is expected to stimulate the economy,0,0,0,-1.35,226.13,61,9
2025-02-14,new ipo for a popular software firm is oversubscribed,Yahoo Finance,Interest Rate Change,BSE Sensex,3.56,487.14,positive,Energy,Low,Samsung Electronics,https://www.business-standard.com/economy/inflation-data,new ipo for a popular software firm is oversubscribed,0,0,0,3.56,487.14,53,9
2025-08-12,utilities sector remains stable during market fluctuations,MarketWatch,Regulatory Changes,Russell 2000,0.49,24.27,positive,Energy,Low,ExxonMobil,https://www.moneycontrol.com/us-markets/sp-500,utilities sector remains stable during market fluctuations,0,0,0,0.49,24.27,58,7
2025-06-08,market braces for a major policy announcement from the eu,The Motley Fool,Central Bank Meeting,Hang Seng,-0.49,361.02,positive,Real Estate,High,Samsung Electronics,https://timesofindia.indiatimes.com/business/finance/banking-sector-news,market braces for a major policy announcement from the eu,0,0,0,-0.49,361.02,57,10
2025-05-30,manufacturing pmi data signals economic expansion,Financial Times,Currency Devaluation,Euro Stoxx 50,2.67,404.86,positive,Healthcare,Medium,Apple Inc.,https://www.marketwatch.com/story/commodities-price-shock,manufacturing pmi data signals economic expansion,0,0,0,2.67,404.86,49,6
2025-07-25,market braces for a major policy announcement from the eu,Times of India,Bond Market Fluctuation,Russell 2000,2.04,297.86,negative,Pharmaceuticals,Low,JP Morgan Chase,https://www.moneycontrol.com/us-markets/nasdaq-composite,market braces for a major policy announcement from the eu,0,0,0,2.04,297.86,57,10
2025-06-25,healthcare stocks gain on robust demand and strong outlook,Wall Street Journal,Regulatory Changes,DAX,-2.95,382.12,positive,Real Estate,Low,Apple Inc.,https://www.investopedia.com/articles/supply-chain-disruption,healthcare stocks gain on robust demand and strong outlook,2,0,2,-2.95,382.12,58,9
2025-07-04,semiconductor shortages weigh heavily on tech sector profits,Barron's,Inflation Data Release,Dow Jones,-2.71,499.6,negative,Telecommunications,Medium,Microsoft,,semiconductor shortages weigh heavily on tech sector profits,1,0,1,-2.71,499.6,60,8
2025-07-21,tech giant s new product launch sparks sector-wide gains,Economic Times,Consumer Confidence Report,Hang Seng,1.96,415.11,positive,Real Estate,Medium,Tesla,,tech giant s new product launch sparks sector-wide gains,1,0,1,1.96,415.11,56,9
2025-02-15,central bank maintains status quo on interest rates,Business Standard,Major Merger/Acquisition,IBOVESPA,3.47,40.12,negative,Transportation,Low,Microsoft,,central bank maintains status quo on interest rates,0,0,0,3.47,40.12,51,8
2025-04-26,merger talks between two banks fall through,Reuters,Central Bank Meeting,NSE Nifty,-1.29,303.78,negative,Transportation,Low,Reliance Industries,https://economictimes.indiatimes.com/stocks/bse-sensex-plunges,merger talks between two banks fall through,0,1,-1,-1.29,303.78,43,7
2025-07-07,consumer confidence index reaches a decade high,Wall Street Journal,Geopolitical Event,S&P/TSX Composite,0.64,257.72,positive,Pharmaceuticals,Low,Goldman Sachs,https://www.marketwatch.com/story/commodities-price-shock,consumer confidence index reaches a decade high,1,0,1,0.64,257.72,47,7
2025-05-08,massive stock buyback program announced by a consumer goods company,The Hindu Business Line,IPO Launch,Nikkei 225,-1.43,146.7,positive,Aerospace & Defense,Low,Boeing,https://www.theeconomist.com/finance-and-economics/trade-tariffs,massive stock buyback program announced by a consumer goods company,0,0,0,-1.43,146.7,67,10
2025-03-09,semiconductor shortages weigh heavily on tech sector profits,Forbes,Government Policy Announcement,Shanghai Composite,4.17,433.17,negative,Telecommunications,High,JP Morgan Chase,,semiconductor shortages weigh heavily on tech sector profits,1,0,1,4.17,433.17,60,8
2025-04-12,utilities sector remains stable during market fluctuations,Business Standard,Commodity Price Shock,Nikkei 225,-0.95,233.42,positive,Construction,High,ExxonMobil,https://www.wsj.com/europe/regulatory-changes,utilities sector remains stable during market fluctuations,0,0,0,-0.95,233.42,58,7
2025-07-07,asx 200 gains on strong export performance,The Hindu Business Line,Unemployment Rate Announcement,BSE Sensex,1.55,320.05,negative,Real Estate,Low,ExxonMobil,https://www.moneycontrol.com/india/ipo-news/new-firm-launches,asx 200 gains on strong export performance,2,0,2,1.55,320.05,42,7
2025-05-31,new regulations on cryptocurrencies cause a market dip,Financial Times,Government Policy Announcement,TSX,1.82,179.64,negative,Media & Entertainment,Medium,Boeing,https://economictimes.indiatimes.com/industry/industrials,new regulations on cryptocurrencies cause a market dip,0,1,-1,1.82,179.64,54,8
2025-06-19,supply chain issues impact manufacturing sector earnings,MarketWatch,Bond Market Fluctuation,S&P 500,3.51,195.65,negative,Finance,High,Samsung Electronics,https://www.business-standard.com/economy/trade-disputes-impact,supply chain issues impact manufacturing sector earnings,0,0,0,3.51,195.65,56,7
2025-08-14,major oil spill sends energy stocks plummeting,Economic Times,Currency Devaluation,Nikkei 225,3.53,320.06,negative,Transportation,Low,Samsung Electronics,https://www.wsj.com/china/market-regulation,major oil spill sends energy stocks plummeting,0,0,0,3.53,320.06,46,7
2025-03-30,new ipo for a popular software firm is oversubscribed,The Motley Fool,Economic Data Release,BSE Sensex,-2.04,18.57,positive,Energy,High,Microsoft,https://www.bloomberg.com/asia/telecommunications-news,new ipo for a popular software firm is oversubscribed,0,0,0,-2.04,18.57,53,9
2025-07-27,geopolitical ceasefire prompts a broad market recovery,Times of India,Currency Devaluation,ASX 200,-2.77,54.77,negative,Pharmaceuticals,Medium,ExxonMobil,https://economictimes.indiatimes.com/news/economy/unemployment-rate,geopolitical ceasefire prompts a broad market recovery,1,0,1,-2.77,54.77,54,7
2025-02-28,consumer discretionary stocks outperform as spending increases,MarketWatch,Interest Rate Change,Dow Jones,-1.49,76.07,negative,Materials,High,Goldman Sachs,https://www.moneycontrol.com/us-markets/dow-jones-industrial,consumer discretionary stocks outperform as spending increases,2,0,2,-1.49,76.07,62,7
2025-07-30,crude oil prices drop to a multi-year low,Mint,Trade Tariffs Announcement,Nasdaq Composite,4.86,294.33,negative,Pharmaceuticals,Medium,Microsoft,https://economictimes.indiatimes.com/stocks/bse-sensex-plunges,crude oil prices drop to a multi-year low,0,1,-1,4.86,294.33,41,8
2025-04-19,automotive industry faces headwinds from rising material costs,The Hindu Business Line,IPO Launch,Euro Stoxx 50,3.41,235.93,negative,Industrials,Low,ExxonMobil,https://economictimes.indiatimes.com/stocks/bse-sensex-plunges,automotive industry faces headwinds from rising material costs,0,1,-1,3.41,235.93,62,8
2025-07-20,automotive industry faces headwinds from rising material costs,Wall Street Journal,Supply Chain Disruption,KOSPI,2.02,389.45,negative,Telecommunications,High,Reliance Industries,https://www.wsj.com/europe/regulatory-changes,automotive industry faces headwinds from rising material costs,0,1,-1,2.02,389.45,62,8
2025-03-16,manufacturing pmi data signals economic expansion,Reuters,Market Rally,TSX,-0.55,58.52,negative,Consumer Goods,Medium,Tata Motors,https://www.investopedia.com/articles/government-policy-announcement,manufacturing pmi data signals economic expansion,0,0,0,-0.55,58.52,49,6
2025-05-04,asx 200 gains on strong export performance,Forbes,Market Rally,Hang Seng,-2.6,275.76,negative,Finance,Medium,Apple Inc.,https://timesofindia.indiatimes.com/business/agriculture-sector,asx 200 gains on strong export performance,2,0,2,-2.6,275.76,42,7
2025-06-08,geopolitical ceasefire prompts a broad market recovery,CNBC,Interest Rate Change,NSE Nifty,-0.52,25.93,positive,Media & Entertainment,Low,Samsung Electronics,https://www.wsj.com/europe/regulatory-changes,geopolitical ceasefire prompts a broad market recovery,1,0,1,-0.52,25.93,54,7
2025-05-06,new regulations on cryptocurrencies cause a market dip,CNBC,Cryptocurrency Regulation,BSE Sensex,,41.03,positive,Healthcare,Low,Tata Motors,https://www.wsj.com/china/market-rally,new regulations on cryptocurrencies cause a market dip,0,1,-1,,41.03,54,8
2025-06-06,semiconductor shortages weigh heavily on tech sector profits,The Motley Fool,Consumer Confidence Report,CAC 40,0.49,302.16,positive,Pharmaceuticals,Medium,Boeing,https://www.wsj.com/europe/dax-performance,semiconductor shortages weigh heavily on tech sector profits,1,0,1,0.49,302.16,60,8
2025-03-14,massive stock buyback program announced by a consumer goods company,Wall Street Journal,Government Policy Announcement,Euro Stoxx 50,-2.97,69.84,positive,Agriculture,Medium,Tesla,https://economictimes.indiatimes.com/stocks/bse-sensex-plunges,massive stock buyback program announced by a consumer goods company,0,0,0,-2.97,69.84,67,10
2025-05-28,geopolitical ceasefire prompts a broad market recovery,The Hindu Business Line,Bond Market Fluctuation,Russell 2000,2.89,146.48,positive,Media & Entertainment,Low,Microsoft,,geopolitical ceasefire prompts a broad market recovery,1,0,1,2.89,146.48,54,7
2025-03-24,retail sales report surpasses all forecasts,The Hindu Business Line,Regulatory Changes,KOSPI,-3.64,211.59,positive,Automotive,Low,Tesla,https://www.ft.com/content/geopolitical-summit,retail sales report surpasses all forecasts,0,0,0,-3.64,211.59,43,6
2025-06-09,china s shanghai composite falls after new trade restrictions,Reuters,Trade Tariffs Announcement,IBOVESPA,1.62,389.81,positive,Energy,Medium,Reliance Industries,https://www.moneycontrol.com/us-markets/dow-jones-industrial,china s shanghai composite falls after new trade restrictions,0,1,-1,1.62,389.81,61,9
2025-08-14,pharmaceutical company s drug approval drives stock upward,MarketWatch,Market Rally,IBOVESPA,3.15,346.23,negative,Media & Entertainment,Medium,Samsung Electronics,https://www.investopedia.com/articles/supply-chain-disruption,pharmaceutical company s drug approval drives stock upward,1,0,1,3.15,346.23,58,8
2025-05-26,mining company stock surges on commodity price boom,Forbes,Market Rally,TSX,1.13,486.99,negative,Aerospace & Defense,Low,Goldman Sachs,https://timesofindia.indiatimes.com/business/finance/banking-sector-news,mining company stock surges on commodity price boom,1,0,1,1.13,486.99,51,8
2025-06-11,uk s ftse 100 sees a boost from favorable trade data,The Economist,Commodity Price Shock,IBOVESPA,-4.99,189.42,positive,Energy,Low,Tata Motors,https://www.ft.com/content/consumer-confidence-report,uk s ftse 100 sees a boost from favorable trade data,2,0,2,-4.99,189.42,52,11
2025-05-30,dow jones plunges as market fears recession,The Motley Fool,Interest Rate Change,Shanghai Composite,4.69,283.84,positive,Pharmaceuticals,Medium,Boeing,https://economictimes.indiatimes.com/news/economy/unemployment-rate,dow jones plunges as market fears recession,0,2,-2,4.69,283.84,43,7
2025-06-19,major technology firm acquires a smaller rival in a multi-billion dollar deal,The Hindu Business Line,Bond Market Fluctuation,S&P 500,4.05,241.45,negative,Healthcare,Low,Tata Motors,https://www.ft.com/content/consumer-confidence-report,major technology firm acquires a smaller rival in a multi-billion dollar deal,0,0,0,4.05,241.45,77,12
2025-04-27,new ipo for a popular software firm is oversubscribed,Forbes,Major Merger/Acquisition,KOSPI,0.43,474.22,positive,Finance,Low,Apple Inc.,https://www.reuters.com/markets/indices/nikkei-225,new ipo for a popular software firm is oversubscribed,0,0,0,0.43,474.22,53,9
2025-06-14,market braces for a major policy announcement from the eu,Seeking Alpha,Supply Chain Disruption,BSE Sensex,-3.75,268.84,positive,Automotive,Medium,ExxonMobil,https://www.wsj.com/china/market-regulation,market braces for a major policy announcement from the eu,0,0,0,-3.75,268.84,57,10
2025-06-17,new ipo for a popular software firm is oversubscribed,Bloomberg,Unemployment Rate Announcement,S&P 500,2.26,25.6,negative,Media & Entertainment,Low,Apple Inc.,,new ipo for a popular software firm is oversubscribed,0,0,0,2.26,25.6,53,9
2025-06-28,crude oil prices drop to a multi-year low,Yahoo Finance,Stock Market Crash,DAX,-3.29,56.27,positive,Materials,High,Tata Motors,https://www.ft.com/content/consumer-confidence-report,crude oil prices drop to a multi-year low,0,1,-1,-3.29,56.27,41,8
2025-06-26,major oil spill sends energy stocks plummeting,Barron's,Corporate Earnings Report,DAX,2.32,245.28,negative,Automotive,Medium,Tesla,https://www.marketwatch.com/story/commodities-price-shock,major oil spill sends energy stocks plummeting,0,0,0,2.32,245.28,46,7
2025-03-27,manufacturing pmi data signals economic expansion,Times of India,Market Rally,Nasdaq Composite,0.63,252.26,negative,Construction,High,Goldman Sachs,https://www.wsj.com/europe/dax-performance,manufacturing pmi data signals economic expansion,0,0,0,0.63,252.26,49,6
2025-04-05,a massive data breach sends a tech company s stock tumbling,Wall Street Journal,Geopolitical Event,DAX,-4.33,420.89,positive,Retail,Low,JP Morgan Chase,https://www.ft.com/content/tech-sector-innovation,a massive data breach sends a tech company s stock tumbling,0,1,-1,-4.33,420.89,59,11
2025-06-28,supply chain issues impact manufacturing sector earnings,Forbes,Bond Market Fluctuation,Hang Seng,-3.79,487.93,positive,Healthcare,High,Tata Motors,https://www.forbes.com/crypto/cryptocurrency-regulation,supply chain issues impact manufacturing sector earnings,0,0,0,-3.79,487.93,56,7
2025-05-21,pharmaceutical company s drug approval drives stock upward,The Hindu Business Line,Consumer Confidence Report,NSE Nifty,3.64,461.29,positive,Transportation,High,Boeing,https://www.moneycontrol.com/us-markets/dow-jones-industrial,pharmaceutical company s drug approval drives stock upward,1,0,1,3.64,461.29,58,8
2025-04-23,new regulations on cryptocurrencies cause a market dip,Forbes,Corporate Earnings Report,Hang Seng,-3.76,415.15,negative,Retail,Low,Samsung Electronics,https://www.marketwatch.com/story/consumer-goods-report,new regulations on cryptocurrencies cause a market dip,0,1,-1,-3.76,415.15,54,8
2025-06-12,e-commerce earnings report beats all analyst expectations,The Hindu Business Line,IPO Launch,Shanghai Composite,2.25,260.61,positive,Materials,Low,ExxonMobil,https://www.wsj.com/europe/regulatory-changes,e-commerce earnings report beats all analyst expectations,1,0,1,2.25,260.61,57,7
2025-08-08,financial sector bracing for new capital requirements,MarketWatch,Commodity Price Shock,IBOVESPA,1.15,257.23,negative,Materials,Low,Tata Motors,https://www.ft.com/content/currency-devaluation,financial sector bracing for new capital requirements,0,0,0,1.15,257.23,53,7
2025-03-16,mining company stock surges on commodity price boom,CNBC,Stock Market Crash,Hang Seng,-4.1,389.41,positive,Technology,High,ExxonMobil,https://www.cnbc.com/2025/12/healthcare-sector-outlook,mining company stock surges on commodity price boom,1,0,1,-4.1,389.41,51,8
2025-03-31,manufacturing pmi data signals economic expansion,The Economist,Supply Chain Disruption,ASX 200,1.47,264.36,negative,Retail,High,Tata Motors,https://www.business-standard.com/economy/inflation-data,manufacturing pmi data signals economic expansion,0,0,0,1.47,264.36,49,6
2025-02-09,energy company s dividend hike excites shareholders,Investopedia,Interest Rate Change,Dow Jones,-3.34,431.23,negative,Automotive,Medium,Boeing,https://www.cnbc.com/2025/11/major-merger-deal-approved,energy company s dividend hike excites shareholders,0,0,0,-3.34,431.23,51,7
2025-06-07,government subsidy program gives a lift to the agriculture sector,Mint,Supply Chain Disruption,ASX 200,-3.79,80.24,negative,Consumer Goods,High,Tata Motors,https://www.reuters.com/business/retail-sector-earnings,government subsidy program gives a lift to the agriculture sector,0,0,0,-3.79,80.24,65,10
2025-05-26,real estate sector shows signs of overheating as interest rates fall,CNBC,Regulatory Changes,BSE Sensex,0.19,215.97,positive,Agriculture,Medium,Tata Motors,https://www.theeconomist.com/world/government-policy-announcement,real estate sector shows signs of overheating as interest rates fall,0,1,-1,0.19,215.97,68,11
2025-06-03,merger talks between two banks fall through,MarketWatch,Market Rally,FTSE 100,1.87,443.38,negative,Aerospace & Defense,Medium,Tesla,https://www.cnbc.com/2025/09/automotive-industry-trends,merger talks between two banks fall through,0,1,-1,1.87,443.38,43,7
2025-08-13,government subsidy program gives a lift to the agriculture sector,Economic Times,Geopolitical Event,TSX,-4.63,384.35,positive,Technology,High,JP Morgan Chase,https://www.reuters.com/markets/indices/nikkei-225,government subsidy program gives a lift to the agriculture sector,0,0,0,-4.63,384.35,65,10
2025-02-05,dow jones plunges as market fears recession,CNBC,Supply Chain Disruption,Hang Seng,2.86,294.94,negative,Transportation,High,Apple Inc.,https://www.wsj.com/europe/dax-performance,dow jones plunges as market fears recession,0,2,-2,2.86,294.94,43,7
2025-07-02,asx 200 gains on strong export performance,Seeking Alpha,Inflation Data Release,Russell 2000,-3.81,367.06,positive,Finance,Low,Samsung Electronics,,asx 200 gains on strong export performance,2,0,2,-3.81,367.06,42,7
2025-07-23,government policy shift boosts renewable energy sector,Financial Times,Supply Chain Disruption,NSE Nifty,-3.25,112.9,negative,Aerospace & Defense,Low,JP Morgan Chase,https://www.forbes.com/crypto/cryptocurrency-regulation,government policy shift boosts renewable energy sector,1,0,1,-3.25,112.9,54,7
2025-08-03,bond yields tumble as investors seek safe havens,Financial Times,Regulatory Changes,Hang Seng,-0.54,336.03,negative,Real Estate,Low,Boeing,https://economictimes.indiatimes.com/stocks/bse-sensex-plunges,bond yields tumble as investors seek safe havens,0,1,-1,-0.54,336.03,48,8
2025-07-29,healthcare stocks gain on robust demand and strong outlook,MarketWatch,Trade Tariffs Announcement,Euro Stoxx 50,-1.18,197.98,negative,Pharmaceuticals,Low,Boeing,https://www.wsj.com/china/market-regulation,healthcare stocks gain on robust demand and strong outlook,2,0,2,-1.18,197.98,58,9
2025-02-07,consumer confidence index reaches a decade high,Investopedia,IPO Launch,KOSPI,-2.95,326.91,positive,Transportation,Low,ExxonMobil,https://www.investopedia.com/articles/government-policy-announcement,consumer confidence index reaches a decade high,1,0,1,-2.95,326.91,47,7
2025-05-01,"global trade talks collapse, causing market turmoil",MarketWatch,Unemployment Rate Announcement,Shanghai Composite,1.66,423.11,negative,Transportation,Medium,Goldman Sachs,https://www.business-standard.com/economy/inflation-data,global trade talks collapse causing market turmoil,0,1,-1,1.66,423.11,50,7
2025-06-17,dow jones plunges as market fears recession,MarketWatch,Commodity Price Shock,BSE Sensex,0.41,234.71,negative,Energy,Medium,Microsoft,https://www.reuters.com/business/energy/oil-market-update,dow jones plunges as market fears recession,0,2,-2,0.41,234.71,43,7
2025-04-08,new regulations on cryptocurrencies cause a market dip,MarketWatch,Trade Tariffs Announcement,Nasdaq Composite,-0.09,252.81,negative,Transportation,High,Tata Motors,https://www.ft.com/content/currency-devaluation,new regulations on cryptocurrencies cause a market dip,0,1,-1,-0.09,252.81,54,8
2025-06-20,healthcare stocks gain on robust demand and strong outlook,Financial Times,Interest Rate Change,S&P/TSX Composite,4.35,318.66,positive,Telecommunications,High,Goldman Sachs,https://economictimes.indiatimes.com/news/transportation,healthcare stocks gain on robust demand and strong outlook,2,0,2,4.35,318.66,58,9
2025-07-03,e-commerce earnings report beats all analyst expectations,CNBC,Major Merger/Acquisition,CAC 40,-0.97,135.72,negative,Transportation,Medium,Apple Inc.,https://www.reuters.com/business/energy/oil-market-update,e-commerce earnings report beats all analyst expectations,1,0,1,-0.97,135.72,57,7
2025-06-05,federal reserve chairman s speech causes market volatility,The Economist,Currency Devaluation,ASX 200,3.22,496.44,negative,Telecommunications,Medium,Tesla,,federal reserve chairman s speech causes market volatility,0,0,0,3.22,496.44,58,8
2025-07-10,consumer discretionary stocks outperform as spending increases,Economic Times,Supply Chain Disruption,Shanghai Composite,2.83,178.11,positive,Retail,Low,Tata Motors,https://www.reuters.com/markets/indices/ftse-100,consumer discretionary stocks outperform as spending increases,2,0,2,2.83,178.11,62,7
2025-06-25,record-high inflation data rattles investors,CNBC,Currency Devaluation,CAC 40,4.52,74.82,positive,Pharmaceuticals,Medium,Microsoft,https://www.business-standard.com/finance/corporate-earnings,record-high inflation data rattles investors,1,0,1,4.52,74.82,44,5
2025-03-06,semiconductor shortages weigh heavily on tech sector profits,Wall Street Journal,Supply Chain Disruption,NSE Nifty,0.07,273.79,negative,Utilities,Low,Samsung Electronics,https://timesofindia.indiatimes.com/business/corporate-governance,semiconductor shortages weigh heavily on tech sector profits,1,0,1,0.07,273.79,60,8
2025-05-03,major technology firm acquires a smaller rival in a multi-billion dollar deal,Economic Times,Central Bank Meeting,Dow Jones,1.97,306.39,positive,Consumer Goods,High,Apple Inc.,https://timesofindia.indiatimes.com/business/markets/stock-market-crash,major technology firm acquires a smaller rival in a multi-billion dollar deal,0,0,0,1.97,306.39,77,12
2025-07-20,central bank maintains status quo on interest rates,CNBC,Consumer Confidence Report,BSE Sensex,-3.06,7.65,negative,Real Estate,High,Microsoft,,central bank maintains status quo on interest rates,0,0,0,-3.06,7.65,51,8
2025-04-12,government spending bill is expected to stimulate the economy,Seeking Alpha,Market Rally,Hang Seng,2.33,5.84,negative,Aerospace & Defense,Low,Tesla,https://www.reuters.com/markets/indices/nikkei-225,government spending bill is expected to stimulate the economy,0,0,0,2.33,5.84,61,9
2025-02-02,government subsidy program gives a lift to the agriculture sector,CNBC,Government Policy Announcement,KOSPI,-0.59,467.06,positive,Telecommunications,Low,Samsung Electronics,https://www.wsj.com/japan/economic-data-release,government subsidy program gives a lift to the agriculture sector,0,0,0,-0.59,467.06,65,10
2025-06-13,semiconductor shortages weigh heavily on tech sector profits,Wall Street Journal,Major Merger/Acquisition,TSX,0.19,489.7,positive,Telecommunications,Medium,Samsung Electronics,https://www.cnbc.com/2025/08/russia-ukraine-war-economic-impact,semiconductor shortages weigh heavily on tech sector profits,1,0,1,0.19,489.7,60,8
2025-06-24,consumer discretionary stocks outperform as spending increases,Forbes,Market Rally,NSE Nifty,-1.77,483.49,positive,Agriculture,Low,Samsung Electronics,https://timesofindia.indiatimes.com/business/finance/banking-sector-news,consumer discretionary stocks outperform as spending increases,2,0,2,-1.77,483.49,62,7
2025-04-26,crude oil prices drop to a multi-year low,Seeking Alpha,Currency Devaluation,Shanghai Composite,0.92,292.45,negative,Healthcare,Low,ExxonMobil,https://www.theeconomist.com/world/government-policy-announcement,crude oil prices drop to a multi-year low,0,1,-1,0.92,292.45,41,8
2025-07-23,central bank maintains status quo on interest rates,CNBC,Market Rally,Euro Stoxx 50,4.35,274.79,positive,Energy,Medium,Microsoft,https://economictimes.indiatimes.com/stocks/bse-sensex-plunges,central bank maintains status quo on interest rates,0,0,0,4.35,274.79,51,8
2025-08-01,new ipo for a popular software firm is oversubscribed,MarketWatch,Geopolitical Event,FTSE 100,-3.6,470.17,positive,Automotive,High,Microsoft,https://timesofindia.indiatimes.com/business/markets/stock-market-crash,new ipo for a popular software firm is oversubscribed,0,0,0,-3.6,470.17,53,9
2025-07-24,manufacturing pmi data signals economic expansion,Forbes,Central Bank Meeting,Euro Stoxx 50,-3.44,103.19,positive,Technology,High,ExxonMobil,https://www.business-standard.com/international-business/trade-policy,manufacturing pmi data signals economic expansion,0,0,0,-3.44,103.19,49,6
2025-02-22,consumer confidence index reaches a decade high,Business Standard,Unemployment Rate Announcement,IBOVESPA,0.37,237.57,positive,Aerospace & Defense,High,Tata Motors,https://www.wsj.com/europe/dax-performance,consumer confidence index reaches a decade high,1,0,1,0.37,237.57,47,7
2025-03-18,market sentiment turns positive on vaccine trial results,Barron's,Stock Market Crash,S&P 500,0.8,478.93,positive,Real Estate,High,Boeing,https://www.investopedia.com/articles/supply-chain-disruption,market sentiment turns positive on vaccine trial results,1,0,1,0.8,478.93,56,8
2025-06-14,dow jones plunges as market fears recession,Mint,Central Bank Meeting,Russell 2000,-0.98,121.99,negative,Utilities,High,Tata Motors,https://www.forbes.com/crypto/cryptocurrency-regulation,dow jones plunges as market fears recession,0,2,-2,-0.98,121.99,43,7
2025-04-27,financial sector bracing for new capital requirements,Times of India,Trade Tariffs Announcement,CAC 40,3.66,425.01,positive,Consumer Goods,Medium,Apple Inc.,https://www.marketwatch.com/story/commodities-price-shock,financial sector bracing for new capital requirements,0,0,0,3.66,425.01,53,7
2025-06-30,market braces for a major policy announcement from the eu,Yahoo Finance,Currency Devaluation,Hang Seng,-0.14,307.61,positive,Industrials,High,Reliance Industries,https://www.ft.com/content/consumer-confidence-report,market braces for a major policy announcement from the eu,0,0,0,-0.14,307.61,57,10
2025-05-06,manufacturing pmi data signals economic expansion,Investopedia,Market Rally,Hang Seng,-0.86,278.35,negative,Energy,High,ExxonMobil,https://www.reuters.com/markets/indices/ftse-100,manufacturing pmi data signals economic expansion,0,0,0,-0.86,278.35,49,6
2025-04-26,semiconductor shortages weigh heavily on tech sector profits,Barron's,Corporate Earnings Report,FTSE 100,-0.81,316.35,positive,Agriculture,Medium,Samsung Electronics,https://timesofindia.indiatimes.com/business/markets/stock-market-crash,semiconductor shortages weigh heavily on tech sector profits,1,0,1,-0.81,316.35,60,8
2025-08-02,major oil spill sends energy stocks plummeting,The Motley Fool,Consumer Confidence Report,NSE Nifty,2.74,263.38,positive,Construction,Low,Boeing,https://www.wsj.com/europe/regulatory-changes,major oil spill sends energy stocks plummeting,0,0,0,2.74,263.38,46,7
2025-05-30,media and entertainment companies report a surge in streaming revenue,Bloomberg,Commodity Price Shock,IBOVESPA,-0.84,353.22,negative,Transportation,Medium,Apple Inc.,https://www.wsj.com/europe/dax-performance,media and entertainment companies report a surge in streaming revenue,1,0,1,-0.84,353.22,69,10
2025-07-21,tech giant s new product launch sparks sector-wide gains,Economic Times,Consumer Confidence Report,Hang Seng,1.96,415.11,positive,Real Estate,Medium,Tesla,,tech giant s new product launch sparks sector-wide gains,1,0,1,1.96,415.11,56,9
2025-03-10,utilities sector remains stable during market fluctuations,Times of India,Geopolitical Event,Shanghai Composite,-0.27,140.05,positive,Aerospace & Defense,Low,JP Morgan Chase,https://www.bloomberg.com/asia/policy/central-bank-meeting,utilities sector remains stable during market fluctuations,0,0,0,-0.27,140.05,58,7
2025-03-07,supply chain issues impact manufacturing sector earnings,Seeking Alpha,Currency Devaluation,NSE Nifty,-1.04,418.03,positive,Industrials,High,Reliance Industries,https://www.cnbc.com/2025/11/major-merger-deal-approved,supply chain issues impact manufacturing sector earnings,0,0,0,-1.04,418.03,56,7
2025-07-13,semiconductor shortages weigh heavily on tech sector profits,Reuters,Government Policy Announcement,Shanghai Composite,3.3,59.3,negative,Consumer Goods,High,Tesla,https://www.business-standard.com/economy/economic-stimulus,semiconductor shortages weigh heavily on tech sector profits,1,0,1,3.3,59.3,60,8
2025-03-24,e-commerce earnings report beats all analyst expectations,Investopedia,Commodity Price Shock,Euro Stoxx 50,-3.19,112.77,positive,Energy,High,JP Morgan Chase,https://economictimes.indiatimes.com/industry/industrials,e-commerce earnings report beats all analyst expectations,1,0,1,-3.19,112.77,57,7
2025-04-11,asx 200 gains on strong export performance,Wall Street Journal,Inflation Data Release,S&P/TSX Composite,,49.83,positive,Telecommunications,Low,Reliance Industries,https://www.moneycontrol.com/us-markets/dow-jones-industrial,asx 200 gains on strong export performance,2,0,2,,49.83,42,7
2025-04-15,asx 200 gains on strong export performance,Times of India,Interest Rate Change,KOSPI,-2.07,160.08,negative,Automotive,Low,Tesla,https://www.business-standard.com/economy/inflation-data,asx 200 gains on strong export performance,2,0,2,-2.07,160.08,42,7
2025-05-28,manufacturing pmi data signals economic expansion,MarketWatch,Government Policy Announcement,BSE Sensex,4.19,65.24,positive,Pharmaceuticals,Low,Tata Motors,https://www.bloomberg.com/asia/telecommunications-news,manufacturing pmi data signals economic expansion,0,0,0,4.19,65.24,49,6
2025-02-06,crude oil prices drop to a multi-year low,The Economist,Stock Market Crash,Euro Stoxx 50,2.22,36.12,positive,Aerospace & Defense,Medium,Apple Inc.,https://www.reuters.com/business/energy/oil-market-update,crude oil prices drop to a multi-year low,0,1,-1,2.22,36.12,41,8
2025-03-17,major oil spill sends energy stocks plummeting,Mint,Major Merger/Acquisition,Dow Jones,-2.19,363.53,negative,Pharmaceuticals,Low,ExxonMobil,https://www.wsj.com/europe/regulatory-changes,major oil spill sends energy stocks plummeting,0,0,0,-2.19,363.53,46,7
2025-03-31,automotive industry faces headwinds from rising material costs,Mint,Corporate Earnings Report,DAX,2.21,57.88,negative,Utilities,Low,ExxonMobil,https://www.cnbc.com/2025/10/real-estate-market-analysis,automotive industry faces headwinds from rising material costs,0,1,-1,2.21,57.88,62,8
2025-07-16,consumer confidence index reaches a decade high,MarketWatch,Supply Chain Disruption,CAC 40,2.13,125.65,negative,Transportation,Low,JP Morgan Chase,https://economictimes.indiatimes.com/news/economy/unemployment-rate,consumer confidence index reaches a decade high,1,0,1,2.13,125.65,47,7
2025-07-23,major technology firm acquires a smaller rival in a multi-billion dollar deal,Bloomberg,Market Rally,DAX,-3.65,136.75,negative,Industrials,High,Tesla,https://www.wsj.com/europe/dax-performance,major technology firm acquires a smaller rival in a multi-billion dollar deal,0,0,0,-3.65,136.75,77,12
2025-03-09,retail sales report surpasses all forecasts,Barron's,Central Bank Meeting,S&P 500,-0.25,278.28,positive,Retail,Low,Reliance Industries,https://www.marketwatch.com/story/commodities-price-shock,retail sales report surpasses all forecasts,0,0,0,-0.25,278.28,43,6
2025-07-12,record-high inflation data rattles investors,Investopedia,Geopolitical Event,BSE Sensex,3.34,406.63,positive,Utilities,Medium,Boeing,https://www.bloomberg.com/australia/asx-200-performance,record-high inflation data rattles investors,1,0,1,3.34,406.63,44,5
2025-05-06,new regulations on cryptocurrencies cause a market dip,CNBC,Cryptocurrency Regulation,BSE Sensex,,41.03,positive,Healthcare,Low,Tata Motors,https://www.wsj.com/china/market-rally,new regulations on cryptocurrencies cause a market dip,0,1,-1,,41.03,54,8
2025-08-01,federal reserve chairman s speech causes market volatility,Economic Times,Interest Rate Change,TSX,-4.8,244.98,positive,Materials,Low,Reliance Industries,https://www.ft.com/content/consumer-confidence-report,federal reserve chairman s speech causes market volatility,0,0,0,-4.8,244.98,58,8
2025-05-23,financial sector bracing for new capital requirements,The Hindu Business Line,Economic Data Release,S&P 500,-4.39,332.75,negative,Technology,Low,Samsung Electronics,https://www.bloomberg.com/asia/telecommunications-news,financial sector bracing for new capital requirements,0,0,0,-4.39,332.75,53,7
2025-04-28,pharmaceutical company s drug approval drives stock upward,Barron's,Unemployment Rate Announcement,Hang Seng,-1.58,307.3,negative,Consumer Goods,Low,Apple Inc.,https://www.business-standard.com/finance/corporate-earnings,pharmaceutical company s drug approval drives stock upward,1,0,1,-1.58,307.3,58,8
2025-07-15,government subsidy program gives a lift to the agriculture sector,Financial Times,Bond Market Fluctuation,TSX,-1.21,121.51,positive,Healthcare,High,ExxonMobil,https://www.bloomberg.com/australia/asx-200-performance,government subsidy program gives a lift to the agriculture sector,0,0,0,-1.21,121.51,65,10
2025-03-25,major oil spill sends energy stocks plummeting,Reuters,Commodity Price Shock,NSE Nifty,-2.49,221.23,positive,Industrials,High,Boeing,https://www.bloomberg.com/canada/tsunami-warnings,major oil spill sends energy stocks plummeting,0,0,0,-2.49,221.23,46,7
2025-05-02,financial services stocks rally on strong profit margins,Business Standard,Commodity Price Shock,CAC 40,4.94,405.23,positive,Agriculture,High,Samsung Electronics,https://www.investopedia.com/articles/supply-chain-disruption,financial services stocks rally on strong profit margins,3,0,3,4.94,405.23,56,8
2025-08-11,quarterly report shows surprising losses for retail giants,Investopedia,Unemployment Rate Announcement,TSX,3.84,76.66,positive,Finance,Medium,Apple Inc.,,quarterly report shows surprising losses for retail giants,0,1,-1,3.84,76.66,58,8
2025-06-28,energy company s dividend hike excites shareholders,Seeking Alpha,Government Policy Announcement,TSX,2.24,118.73,positive,Aerospace & Defense,Medium,Goldman Sachs,https://www.bloomberg.com/asia/telecommunications-news,energy company s dividend hike excites shareholders,0,0,0,2.24,118.73,51,7
2025-03-19,central bank s dovish tone hints at future rate cuts,Bloomberg,Cryptocurrency Regulation,Russell 2000,-1.16,354.83,positive,Retail,Medium,JP Morgan Chase,https://www.cnbc.com/2025/09/automotive-industry-trends,central bank s dovish tone hints at future rate cuts,0,0,0,-1.16,354.83,52,10
2025-04-24,supply chain issues impact manufacturing sector earnings,Mint,Cryptocurrency Regulation,Dow Jones,-0.43,137.07,negative,Construction,Medium,Tata Motors,https://www.business-standard.com/international-business/trade-policy,supply chain issues impact manufacturing sector earnings,0,0,0,-0.43,137.07,56,7
2025-05-27,central bank governor signals potential shift in policy,Reuters,Trade Tariffs Announcement,NSE Nifty,-2.92,484.89,negative,Healthcare,High,Tata Motors,https://www.reuters.com/markets/indices/ftse-100,central bank governor signals potential shift in policy,0,0,0,-2.92,484.89,55,8
2025-06-22,a massive data breach sends a tech company s stock tumbling,Yahoo Finance,IPO Launch,Nasdaq Composite,1.41,141.37,positive,Materials,Medium,Boeing,https://economictimes.indiatimes.com/news/transportation,a massive data breach sends a tech company s stock tumbling,0,1,-1,1.41,141.37,59,11
2025-04-16,government subsidy program gives a lift to the agriculture sector,Economic Times,Supply Chain Disruption,FTSE 100,-1.9,258.63,negative,Automotive,Medium,Tata Motors,https://www.business-standard.com/economy/inflation-data,government subsidy program gives a lift to the agriculture sector,0,0,0,-1.9,258.63,65,10
2025-05-31,mining company stock surges on commodity price boom,MarketWatch,Bond Market Fluctuation,CAC 40,-2.7,115.15,negative,Construction,High,Microsoft,https://www.moneycontrol.com/india/ipo-news/new-firm-launches,mining company stock surges on commodity price boom,1,0,1,-2.7,115.15,51,8
2025-02-05,new ipo for a popular software firm is oversubscribed,The Economist,Bond Market Fluctuation,ASX 200,-1.76,180.51,negative,Technology,Medium,ExxonMobil,https://www.business-standard.com/economy/inflation-data,new ipo for a popular software firm is oversubscribed,0,0,0,-1.76,180.51,53,9
2025-07-17,tech giant s new product launch sparks sector-wide gains,Business Standard,Major Merger/Acquisition,FTSE 100,-4.04,433.99,positive,Transportation,High,Tata Motors,https://www.wsj.com/japan/economic-data-release,tech giant s new product launch sparks sector-wide gains,1,0,1,-4.04,433.99,56,9
2025-06-02,tech giant s new product launch sparks sector-wide gains,CNBC,Geopolitical Event,S&P/TSX Composite,0.82,489.45,negative,Utilities,Low,Reliance Industries,https://www.investopedia.com/articles/supply-chain-disruption,tech giant s new product launch sparks sector-wide gains,1,0,1,0.82,489.45,56,9
2025-03-14,central bank governor signals potential shift in policy,Yahoo Finance,Inflation Data Release,FTSE 100,-2.56,213.26,negative,Industrials,Medium,Microsoft,https://www.theeconomist.com/finance-and-economics/trade-tariffs,central bank governor signals potential shift in policy,0,0,0,-2.56,213.26,55,8
2025-06-29,merger talks between two banks fall through,Times of India,Currency Devaluation,Hang Seng,3.64,398.59,positive,Industrials,High,JP Morgan Chase,https://www.wsj.com/china/market-rally,merger talks between two banks fall through,0,1,-1,3.64,398.59,43,7
2025-07-07,consumer confidence index reaches a decade high,Wall Street Journal,Geopolitical Event,S&P/TSX Composite,0.64,257.72,positive,Pharmaceuticals,Low,Goldman Sachs,https://www.marketwatch.com/story/commodities-price-shock,consumer confidence index reaches a decade high,1,0,1,0.64,257.72,47,7
2025-05-19,government spending bill is expected to stimulate the economy,Yahoo Finance,Commodity Price Shock,NSE Nifty,-0.18,341.36,positive,Automotive,Low,Tesla,https://www.investopedia.com/articles/government-policy-announcement,government spending bill is expected to stimulate the economy,0,0,0,-0.18,341.36,61,9
2025-03-02,government subsidy program gives a lift to the agriculture sector,The Economist,Economic Data Release,S&P 500,-2.15,111.85,negative,Finance,Medium,Samsung Electronics,https://www.marketwatch.com/story/consumer-goods-report,government subsidy program gives a lift to the agriculture sector,0,0,0,-2.15,111.85,65,10
2025-05-30,crude oil prices drop to a multi-year low,Barron's,Government Policy Announcement,KOSPI,,306.8,positive,Construction,High,Apple Inc.,https://www.wsj.com/europe/dax-performance,crude oil prices drop to a multi-year low,0,1,-1,,306.8,41,8
2025-04-03,asx 200 gains on strong export performance,The Economist,Market Rally,Russell 2000,3.92,399.84,negative,Utilities,Low,ExxonMobil,https://www.business-standard.com/finance/corporate-earnings,asx 200 gains on strong export performance,2,0,2,3.92,399.84,42,7
2025-04-05,"global trade talks collapse, causing market turmoil",Barron's,Regulatory Changes,IBOVESPA,1.59,465.5,negative,Materials,Low,Tata Motors,https://www.moneycontrol.com/us-markets/dow-jones-industrial,global trade talks collapse causing market turmoil,0,1,-1,1.59,465.5,50,7
2025-04-30,aerospace and defense sector sees rally amid geopolitical tensions,Forbes,IPO Launch,S&P/TSX Composite,-4.86,173.85,negative,Industrials,Low,Goldman Sachs,https://www.reuters.com/business/retail-sector-earnings,aerospace and defense sector sees rally amid geopolitical tensions,1,0,1,-4.86,173.85,66,9
2025-04-14,banking stocks dip after a major scandal is revealed,Financial Times,Cryptocurrency Regulation,Hang Seng,4.99,314.53,negative,Agriculture,Low,Boeing,https://www.ft.com/content/geopolitical-summit,banking stocks dip after a major scandal is revealed,0,2,-2,4.99,314.53,52,9
2025-08-02,banking stocks dip after a major scandal is revealed,CNBC,Cryptocurrency Regulation,Euro Stoxx 50,-2.35,112.23,positive,Media & Entertainment,Low,Reliance Industries,https://www.bloomberg.com/canada/tsunami-warnings,banking stocks dip after a major scandal is revealed,0,2,-2,-2.35,112.23,52,9
2025-03-17,manufacturing pmi data signals economic expansion,CNBC,Economic Data Release,Euro Stoxx 50,-0.21,257.57,positive,Transportation,High,Tata Motors,https://economictimes.indiatimes.com/news/transportation,manufacturing pmi data signals economic expansion,0,0,0,-0.21,257.57,49,6
2025-06-17,utilities sector remains stable during market fluctuations,MarketWatch,Interest Rate Change,S&P 500,,27.3,positive,Agriculture,High,ExxonMobil,https://www.wsj.com/japan/economic-data-release,utilities sector remains stable during market fluctuations,0,0,0,,27.3,58,7
2025-07-10,central bank governor signals potential shift in policy,Investopedia,Major Merger/Acquisition,ASX 200,3.23,154.87,negative,Industrials,Low,Samsung Electronics,https://www.marketwatch.com/story/commodities-price-shock,central bank governor signals potential shift in policy,0,0,0,3.23,154.87,55,8
2025-05-30,nikkei 225 index benefits from a weaker yen,Reuters,IPO Launch,NSE Nifty,3.61,122.78,negative,Retail,Medium,Tata Motors,https://www.marketwatch.com/story/commodities-price-shock,nikkei 225 index benefits from a weaker yen,0,1,-1,3.61,122.78,43,8
2025-06-11,central bank maintains status quo on interest rates,The Hindu Business Line,Consumer Confidence Report,Dow Jones,-1.5,291.59,negative,Aerospace & Defense,Medium,JP Morgan Chase,https://www.wsj.com/japan/economic-data-release,central bank maintains status quo on interest rates,0,0,0,-1.5,291.59,51,8
2025-03-13,uk s ftse 100 sees a boost from favorable trade data,Times of India,Major Merger/Acquisition,Nasdaq Composite,2.84,319.4,negative,Industrials,Medium,Samsung Electronics,https://www.investopedia.com/articles/government-policy-announcement,uk s ftse 100 sees a boost from favorable trade data,2,0,2,2.84,319.4,52,11
2025-02-15,unexpected rise in unemployment fuels market pessimism,MarketWatch,Market Rally,Euro Stoxx 50,2.33,57.46,negative,Industrials,Medium,JP Morgan Chase,https://www.cnbc.com/2025/10/real-estate-market-analysis,unexpected rise in unemployment fuels market pessimism,1,0,1,2.33,57.46,54,7
2025-08-07,media and entertainment companies report a surge in streaming revenue,The Economist,Market Rally,ASX 200,2.39,132.28,negative,Transportation,Low,Boeing,https://www.cnbc.com/2025/08/russia-ukraine-war-economic-impact,media and entertainment companies report a surge in streaming revenue,1,0,1,2.39,132.28,69,10
2025-04-21,retail sales report surpasses all forecasts,Barron's,Trade Tariffs Announcement,Nasdaq Composite,-4.16,154.93,negative,Finance,Low,Tesla,https://www.wsj.com/europe/dax-performance,retail sales report surpasses all forecasts,0,0,0,-4.16,154.93,43,6
2025-07-04,a massive data breach sends a tech company s stock tumbling,Bloomberg,Government Policy Announcement,S&P 500,4.39,258.05,positive,Aerospace & Defense,Low,Tata Motors,https://www.wsj.com/europe/dax-performance,a massive data breach sends a tech company s stock tumbling,0,1,-1,4.39,258.05,59,11
2025-05-14,energy company s dividend hike excites shareholders,The Hindu Business Line,Consumer Confidence Report,Dow Jones,-2.64,461.4,positive,Pharmaceuticals,High,ExxonMobil,https://www.business-standard.com/finance/corporate-earnings,energy company s dividend hike excites shareholders,0,0,0,-2.64,461.4,51,7
2025-05-18,unexpected rise in unemployment fuels market pessimism,Financial Times,Government Policy Announcement,TSX,-0.82,393.62,negative,Consumer Goods,Low,JP Morgan Chase,https://www.reuters.com/markets/stocks/tech-rally,unexpected rise in unemployment fuels market pessimism,1,0,1,-0.82,393.62,54,7
2025-06-30,manufacturing pmi data signals economic expansion,Bloomberg,Geopolitical Event,DAX,-4.06,279.9,positive,Utilities,Medium,Apple Inc.,https://timesofindia.indiatimes.com/business/finance/banking-sector-news,manufacturing pmi data signals economic expansion,0,0,0,-4.06,279.9,49,6
2025-06-22,quarterly report shows surprising losses for retail giants,Economic Times,Regulatory Changes,TSX,-1.1,50.81,negative,Technology,Low,Boeing,,quarterly report shows surprising losses for retail giants,0,1,-1,-1.1,50.81,58,8
2025-04-20,quarterly report shows surprising losses for retail giants,The Hindu Business Line,Unemployment Rate Announcement,ASX 200,3.47,320.8,positive,Finance,High,Samsung Electronics,https://www.bloomberg.com/australia/asx-200-performance,quarterly report shows surprising losses for retail giants,0,1,-1,3.47,320.8,58,8
2025-07-25,unexpected rise in unemployment fuels market pessimism,Financial Times,Central Bank Meeting,IBOVESPA,-0.46,146.03,positive,Finance,High,JP Morgan Chase,https://www.business-standard.com/finance/corporate-earnings,unexpected rise in unemployment fuels market pessimism,1,0,1,-0.46,146.03,54,7
2025-02-03,mining company stock surges on commodity price boom,Mint,Central Bank Meeting,S&P/TSX Composite,,204.52,positive,Media & Entertainment,Medium,Samsung Electronics,https://www.marketwatch.com/story/commodities-price-shock,mining company stock surges on commodity price boom,1,0,1,,204.52,51,8
2025-04-14,market braces for a major policy announcement from the eu,Business Standard,IPO Launch,Dow Jones,4.29,33.76,positive,Technology,High,Apple Inc.,https://www.cnbc.com/2025/08/russia-ukraine-war-economic-impact,market braces for a major policy announcement from the eu,0,0,0,4.29,33.76,57,10
2025-07-08,banking stocks dip after a major scandal is revealed,Forbes,Regulatory Changes,IBOVESPA,-0.31,178.44,negative,Agriculture,Medium,Reliance Industries,https://www.bloomberg.com/canada/tsunami-warnings,banking stocks dip after a major scandal is revealed,0,2,-2,-0.31,178.44,52,9
2025-04-19,major technology firm acquires a smaller rival in a multi-billion dollar deal,Financial Times,Major Merger/Acquisition,Hang Seng,-0.77,269.71,negative,Finance,High,JP Morgan Chase,https://www.marketwatch.com/story/commodities-price-shock,major technology firm acquires a smaller rival in a multi-billion dollar deal,0,0,0,-0.77,269.71,77,12
2025-05-03,banking stocks dip after a major scandal is revealed,Financial Times,Consumer Confidence Report,S&P 500,-3.35,64.49,negative,Real Estate,Medium,Boeing,https://timesofindia.indiatimes.com/business/finance/banking-sector-news,banking stocks dip after a major scandal is revealed,0,2,-2,-3.35,64.49,52,9
2025-05-24,banking stocks dip after a major scandal is revealed,Seeking Alpha,Economic Data Release,Russell 2000,-0.7,352.94,negative,Utilities,Medium,JP Morgan Chase,https://www.business-standard.com/economy/trade-disputes-impact,banking stocks dip after a major scandal is revealed,0,2,-2,-0.7,352.94,52,9
2025-06-01,tech giant s new product launch sparks sector-wide gains,Yahoo Finance,Market Rally,TSX,2.83,71.91,negative,Consumer Goods,Medium,Microsoft,https://www.marketwatch.com/story/commodities-price-shock,tech giant s new product launch sparks sector-wide gains,1,0,1,2.83,71.91,56,9
2025-02-04,utilities sector remains stable during market fluctuations,Reuters,Unemployment Rate Announcement,Russell 2000,2.94,422.51,positive,Retail,Low,Apple Inc.,https://www.marketwatch.com/story/consumer-goods-report,utilities sector remains stable during market fluctuations,0,0,0,2.94,422.51,58,7
2025-03-28,crude oil prices drop to a multi-year low,Barron's,Corporate Earnings Report,Euro Stoxx 50,2.52,18.22,positive,Industrials,Medium,Boeing,https://timesofindia.indiatimes.com/business/finance/banking-sector-news,crude oil prices drop to a multi-year low,0,1,-1,2.52,18.22,41,8
2025-04-09,semiconductor shortages weigh heavily on tech sector profits,MarketWatch,Corporate Earnings Report,Dow Jones,-2.2,470.15,positive,Pharmaceuticals,Low,Tesla,https://www.bloomberg.com/asia/telecommunications-news,semiconductor shortages weigh heavily on tech sector profits,1,0,1,-2.2,470.15,60,8
2025-07-14,pharmaceutical company s drug approval drives stock upward,The Motley Fool,Consumer Confidence Report,S&P/TSX Composite,4.48,72.81,positive,Materials,High,Apple Inc.,https://www.moneycontrol.com/us-markets/dow-jones-industrial,pharmaceutical company s drug approval drives stock upward,1,0,1,4.48,72.81,58,8
2025-04-04,tech giant s new product launch sparks sector-wide gains,Bloomberg,Regulatory Changes,Dow Jones,2.58,27.35,negative,Automotive,Medium,JP Morgan Chase,https://www.cnbc.com/2025/10/real-estate-market-analysis,tech giant s new product launch sparks sector-wide gains,1,0,1,2.58,27.35,56,9
2025-07-29,massive stock buyback program announced by a consumer goods company,Bloomberg,Consumer Confidence Report,S&P/TSX Composite,-0.29,499.29,negative,Finance,Medium,Apple Inc.,https://www.forbes.com/crypto/cryptocurrency-regulation,massive stock buyback program announced by a consumer goods company,0,0,0,-0.29,499.29,67,10
2025-06-30,financial sector bracing for new capital requirements,The Hindu Business Line,IPO Launch,TSX,-1.34,142.67,negative,Real Estate,High,Goldman Sachs,https://www.investopedia.com/articles/government-policy-announcement,financial sector bracing for new capital requirements,0,0,0,-1.34,142.67,53,7
2025-06-16,new housing data release shows a slowdown in market activity,Seeking Alpha,IPO Launch,S&P 500,-3.54,42.99,negative,Utilities,High,Tata Motors,https://www.moneycontrol.com/us-markets/sp-500,new housing data release shows a slowdown in market activity,0,1,-1,-3.54,42.99,60,10
2025-03-16,government spending bill is expected to stimulate the economy,Financial Times,Corporate Earnings Report,ASX 200,-1.87,433.62,positive,Real Estate,Medium,Reliance Industries,https://www.moneycontrol.com/us-markets/sp-500,government spending bill is expected to stimulate the economy,0,0,0,-1.87,433.62,61,9
2025-04-08,asx 200 gains on strong export performance,MarketWatch,IPO Launch,KOSPI,-0.92,86.41,negative,Aerospace & Defense,Medium,ExxonMobil,https://www.moneycontrol.com/us-markets/nasdaq-composite,asx 200 gains on strong export performance,2,0,2,-0.92,86.41,42,7
2025-03-31,aerospace and defense sector sees rally amid geopolitical tensions,Forbes,Corporate Earnings Report,IBOVESPA,-1.44,208.5,positive,Real Estate,Medium,Reliance Industries,https://www.bloomberg.com/australia/asx-200-performance,aerospace and defense sector sees rally amid geopolitical tensions,1,0,1,-1.44,208.5,66,9
2025-08-11,automotive industry faces headwinds from rising material costs,Wall Street Journal,Bond Market Fluctuation,Nasdaq Composite,-1.69,326.88,positive,Industrials,Medium,Apple Inc.,,automotive industry faces headwinds from rising material costs,0,1,-1,-1.69,326.88,62,8
2025-03-27,automotive industry faces headwinds from rising material costs,Forbes,Interest Rate Change,BSE Sensex,4.79,130.48,positive,Pharmaceuticals,Medium,Goldman Sachs,https://www.ft.com/content/consumer-confidence-report,automotive industry faces headwinds from rising material costs,0,1,-1,4.79,130.48,62,8
2025-05-08,record-high inflation data rattles investors,Investopedia,Economic Data Release,S&P/TSX Composite,-0.1,16.64,negative,Aerospace & Defense,High,Goldman Sachs,https://www.wsj.com/japan/economic-data-release,record-high inflation data rattles investors,1,0,1,-0.1,16.64,44,5
2025-05-30,crude oil prices drop to a multi-year low,Bloomberg,Consumer Confidence Report,DAX,-3.7,443.42,negative,Healthcare,Medium,Tesla,https://www.moneycontrol.com/india/ipo-news/new-firm-launches,crude oil prices drop to a multi-year low,0,1,-1,-3.7,443.42,41,8
2025-03-01,major technology firm acquires a smaller rival in a multi-billion dollar deal,Business Standard,Corporate Earnings Report,S&P/TSX Composite,2.07,35.85,negative,Consumer Goods,High,Boeing,https://www.investopedia.com/articles/government-policy-announcement,major technology firm acquires a smaller rival in a multi-billion dollar deal,0,0,0,2.07,35.85,77,12
2025-07-21,tech giant s new product launch sparks sector-wide gains,Economic Times,Consumer Confidence Report,Hang Seng,1.96,415.11,positive,Real Estate,Medium,Tesla,,tech giant s new product launch sparks sector-wide gains,1,0,1,1.96,415.11,56,9
2025-03-30,new ipo for a popular software firm is oversubscribed,Seeking Alpha,Supply Chain Disruption,Russell 2000,-2.02,92.49,positive,Technology,High,Tata Motors,https://www.theeconomist.com/world/government-policy-announcement,new ipo for a popular software firm is oversubscribed,0,0,0,-2.02,92.49,53,9
2025-05-16,bond yields tumble as investors seek safe havens,Investopedia,Major Merger/Acquisition,ASX 200,-2.78,148.85,positive,Energy,Medium,Tata Motors,https://www.reuters.com/markets/indices/nikkei-225,bond yields tumble as investors seek safe havens,0,1,-1,-2.78,148.85,48,8
2025-08-09,banking stocks dip after a major scandal is revealed,The Economist,Stock Market Crash,IBOVESPA,0.94,369.55,negative,Aerospace & Defense,Low,JP Morgan Chase,https://timesofindia.indiatimes.com/business/finance/banking-sector-news,banking stocks dip after a major scandal is revealed,0,2,-2,0.94,369.55,52,9
2025-04-28,automotive industry faces headwinds from rising material costs,Economic Times,Unemployment Rate Announcement,Nasdaq Composite,-4.73,343.99,positive,Media & Entertainment,Low,JP Morgan Chase,https://www.cnbc.com/2025/11/major-merger-deal-approved,automotive industry faces headwinds from rising material costs,0,1,-1,-4.73,343.99,62,8
2025-08-03,tech giant s new product launch sparks sector-wide gains,Mint,Market Rally,CAC 40,-1.97,81.81,positive,Real Estate,Medium,Microsoft,https://www.moneycontrol.com/us-markets/dow-jones-industrial,tech giant s new product launch sparks sector-wide gains,1,0,1,-1.97,81.81,56,9
2025-05-16,"global trade talks collapse, causing market turmoil",The Motley Fool,Stock Market Crash,DAX,-1.26,3.72,negative,Real Estate,Medium,Reliance Industries,https://www.reuters.com/business/energy/oil-market-update,global trade talks collapse causing market turmoil,0,1,-1,-1.26,3.72,50,7
2025-05-03,major technology firm acquires a smaller rival in a multi-billion dollar deal,Economic Times,Central Bank Meeting,Dow Jones,1.97,306.39,positive,Consumer Goods,High,Apple Inc.,https://timesofindia.indiatimes.com/business/markets/stock-market-crash,major technology firm acquires a smaller rival in a multi-billion dollar deal,0,0,0,1.97,306.39,77,12
2025-04-01,merger talks between two banks fall through,The Motley Fool,Consumer Confidence Report,S&P 500,1.47,437.35,negative,Technology,High,Apple Inc.,https://www.wsj.com/europe/dax-performance,merger talks between two banks fall through,0,1,-1,1.47,437.35,43,7
2025-05-22,nikkei 225 index benefits from a weaker yen,Barron's,Major Merger/Acquisition,IBOVESPA,-4.17,217.45,positive,Pharmaceuticals,Low,Reliance Industries,https://www.investopedia.com/articles/supply-chain-disruption,nikkei 225 index benefits from a weaker yen,0,1,-1,-4.17,217.45,43,8
2025-06-11,automotive industry faces headwinds from rising material costs,Forbes,Major Merger/Acquisition,Dow Jones,-2.65,460.86,negative,Telecommunications,Low,ExxonMobil,https://www.ft.com/content/geopolitical-summit,automotive industry faces headwinds from rising material costs,0,1,-1,-2.65,460.86,62,8
2025-07-10,pharmaceutical company s drug approval drives stock upward,Investopedia,Central Bank Meeting,S&P 500,3.27,457.02,negative,Consumer Goods,High,Goldman Sachs,https://timesofindia.indiatimes.com/business/corporate-governance,pharmaceutical company s drug approval drives stock upward,1,0,1,3.27,457.02,58,8
2025-06-06,gold prices surge as investors flee riskier assets,CNBC,IPO Launch,S&P/TSX Composite,-1.55,218.14,positive,Telecommunications,Medium,Tesla,https://economictimes.indiatimes.com/industry/industrials,gold prices surge as investors flee riskier assets,1,0,1,-1.55,218.14,50,8
2025-03-20,"global trade talks collapse, causing market turmoil",The Hindu Business Line,Market Rally,Shanghai Composite,-1.62,290.82,negative,Technology,Low,Microsoft,https://www.forbes.com/crypto/cryptocurrency-regulation,global trade talks collapse causing market turmoil,0,1,-1,-1.62,290.82,50,7
2025-03-31,new regulations on cryptocurrencies cause a market dip,Seeking Alpha,Regulatory Changes,Russell 2000,-3.18,178.37,negative,Transportation,High,Tesla,https://www.bloomberg.com/canada/tsunami-warnings,new regulations on cryptocurrencies cause a market dip,0,1,-1,-3.18,178.37,54,8
2025-07-15,asx 200 gains on strong export performance,Forbes,Geopolitical Event,NSE Nifty,2.0,272.63,negative,Aerospace & Defense,Low,Reliance Industries,https://www.ft.com/content/media-entertainment-merger,asx 200 gains on strong export performance,2,0,2,2.0,272.63,42,7
2025-02-23,market braces for a major policy announcement from the eu,MarketWatch,Cryptocurrency Regulation,Nasdaq Composite,-4.57,67.43,negative,Healthcare,High,Tata Motors,https://www.wsj.com/china/market-rally,market braces for a major policy announcement from the eu,0,0,0,-4.57,67.43,57,10
2025-02-26,real estate sector shows signs of overheating as interest rates fall,Wall Street Journal,Trade Tariffs Announcement,CAC 40,-3.0,463.36,positive,Finance,Medium,Boeing,https://www.business-standard.com/international-business/trade-policy,real estate sector shows signs of overheating as interest rates fall,0,1,-1,-3.0,463.36,68,11
2025-07-16,crude oil prices drop to a multi-year low,Business Standard,Geopolitical Event,Euro Stoxx 50,-2.81,202.01,positive,Pharmaceuticals,High,ExxonMobil,https://www.wsj.com/china/market-regulation,crude oil prices drop to a multi-year low,0,1,-1,-2.81,202.01,41,8
2025-05-08,e-commerce earnings report beats all analyst expectations,The Economist,Central Bank Meeting,KOSPI,,419.66,negative,Retail,High,Reliance Industries,https://www.cnbc.com/2025/09/automotive-industry-trends,e-commerce earnings report beats all analyst expectations,1,0,1,,419.66,57,7
2025-05-27,consumer confidence index reaches a decade high,Reuters,Bond Market Fluctuation,ASX 200,,416.71,positive,Industrials,Medium,JP Morgan Chase,https://www.bloomberg.com/asia/policy/central-bank-meeting,consumer confidence index reaches a decade high,1,0,1,,416.71,47,7
2025-04-05,a massive data breach sends a tech company s stock tumbling,Wall Street Journal,Geopolitical Event,DAX,-4.33,420.89,positive,Retail,Low,JP Morgan Chase,https://www.ft.com/content/tech-sector-innovation,a massive data breach sends a tech company s stock tumbling,0,1,-1,-4.33,420.89,59,11
2025-08-02,media and entertainment companies report a surge in streaming revenue,Yahoo Finance,Market Rally,IBOVESPA,-1.94,359.56,negative,Finance,Medium,Reliance Industries,https://www.bloomberg.com/middle-east/news/bond-market-fluctuation,media and entertainment companies report a surge in streaming revenue,1,0,1,-1.94,359.56,69,10
2025-02-07,uk s ftse 100 sees a boost from favorable trade data,Barron's,Inflation Data Release,CAC 40,-0.34,172.63,positive,Construction,Low,ExxonMobil,https://timesofindia.indiatimes.com/business/agriculture-sector,uk s ftse 100 sees a boost from favorable trade data,2,0,2,-0.34,172.63,52,11
2025-03-14,uk s ftse 100 sees a boost from favorable trade data,Mint,Unemployment Rate Announcement,Nikkei 225,,64.8,positive,Energy,Medium,JP Morgan Chase,https://www.business-standard.com/economy/economic-stimulus,uk s ftse 100 sees a boost from favorable trade data,2,0,2,,64.8,52,11
2025-07-30,a massive data breach sends a tech company s stock tumbling,Business Standard,Commodity Price Shock,Hang Seng,,387.37,negative,Real Estate,Low,Boeing,https://www.reuters.com/business/retail-sector-earnings,a massive data breach sends a tech company s stock tumbling,0,1,-1,,387.37,59,11
2025-06-14,government subsidy program gives a lift to the agriculture sector,Forbes,Geopolitical Event,TSX,-3.34,27.93,positive,Real Estate,High,ExxonMobil,https://www.moneycontrol.com/us-markets/nasdaq-composite,government subsidy program gives a lift to the agriculture sector,0,0,0,-3.34,27.93,65,10
2025-05-19,banking stocks dip after a major scandal is revealed,Mint,Corporate Earnings Report,KOSPI,2.8,175.81,negative,Healthcare,Medium,ExxonMobil,https://www.wsj.com/china/market-regulation,banking stocks dip after a major scandal is revealed,0,2,-2,2.8,175.81,52,9
2025-07-04,a massive data breach sends a tech company s stock tumbling,Bloomberg,Government Policy Announcement,S&P 500,4.39,258.05,positive,Aerospace & Defense,Low,Tata Motors,https://www.wsj.com/europe/dax-performance,a massive data breach sends a tech company s stock tumbling,0,1,-1,4.39,258.05,59,11
2025-04-19,massive stock buyback program announced by a consumer goods company,Wall Street Journal,Consumer Confidence Report,TSX,2.53,360.15,positive,Automotive,Medium,Reliance Industries,https://www.business-standard.com/economy/inflation-data,massive stock buyback program announced by a consumer goods company,0,0,0,2.53,360.15,67,10
2025-03-06,e-commerce earnings report beats all analyst expectations,Wall Street Journal,Economic Data Release,Shanghai Composite,-0.63,332.93,positive,Pharmaceuticals,Low,Microsoft,https://www.ft.com/content/consumer-confidence-report,e-commerce earnings report beats all analyst expectations,1,0,1,-0.63,332.93,57,7
2025-06-18,asx 200 gains on strong export performance,Barron's,Commodity Price Shock,IBOVESPA,2.99,458.44,positive,Finance,High,Boeing,https://www.bloomberg.com/australia/asx-200-performance,asx 200 gains on strong export performance,2,0,2,2.99,458.44,42,7
2025-02-21,central bank maintains status quo on interest rates,MarketWatch,Bond Market Fluctuation,CAC 40,2.53,380.83,positive,Media & Entertainment,Low,Apple Inc.,https://www.moneycontrol.com/us-markets/sp-500,central bank maintains status quo on interest rates,0,0,0,2.53,380.83,51,8
2025-07-17,new regulations on cryptocurrencies cause a market dip,Reuters,Stock Market Crash,Hang Seng,1.26,77.07,positive,Utilities,Low,ExxonMobil,https://www.reuters.com/markets/stocks/tech-rally,new regulations on cryptocurrencies cause a market dip,0,1,-1,1.26,77.07,54,8
2025-07-29,energy company s dividend hike excites shareholders,Yahoo Finance,Trade Tariffs Announcement,Hang Seng,-0.28,256.41,negative,Materials,Low,ExxonMobil,https://economictimes.indiatimes.com/news/transportation,energy company s dividend hike excites shareholders,0,0,0,-0.28,256.41,51,7
2025-07-01,massive stock buyback program announced by a consumer goods company,Bloomberg,Unemployment Rate Announcement,IBOVESPA,2.0,322.86,positive,Materials,Medium,Tata Motors,https://www.moneycontrol.com/india/ipo-news/new-firm-launches,massive stock buyback program announced by a consumer goods company,0,0,0,2.0,322.86,67,10
2025-08-06,gold prices surge as investors flee riskier assets,The Motley Fool,Interest Rate Change,S&P 500,3.43,141.98,positive,Aerospace & Defense,Low,Boeing,,gold prices surge as investors flee riskier assets,1,0,1,3.43,141.98,50,8
2025-04-30,market sentiment turns positive on vaccine trial results,MarketWatch,Geopolitical Event,BSE Sensex,-0.7,75.6,positive,Retail,Medium,Reliance Industries,https://www.wsj.com/china/market-regulation,market sentiment turns positive on vaccine trial results,1,0,1,-0.7,75.6,56,8
2025-08-06,new housing data release shows a slowdown in market activity,Bloomberg,Supply Chain Disruption,CAC 40,3.56,93.1,negative,Agriculture,Low,Apple Inc.,https://www.cnbc.com/2025/10/real-estate-market-analysis,new housing data release shows a slowdown in market activity,0,1,-1,3.56,93.1,60,10
2025-06-21,massive stock buyback program announced by a consumer goods company,Financial Times,Consumer Confidence Report,Hang Seng,-1.93,115.99,positive,Retail,Low,Boeing,https://www.cnbc.com/2025/09/automotive-industry-trends,massive stock buyback program announced by a consumer goods company,0,0,0,-1.93,115.99,67,10
2025-03-02,financial sector bracing for new capital requirements,Bloomberg,Central Bank Meeting,IBOVESPA,-4.6,42.62,positive,Consumer Goods,Medium,Tesla,https://timesofindia.indiatimes.com/business/finance/banking-sector-news,financial sector bracing for new capital requirements,0,0,0,-4.6,42.62,53,7
2025-02-22,central bank governor signals potential shift in policy,The Economist,Central Bank Meeting,FTSE 100,0.44,118.52,negative,Telecommunications,Low,ExxonMobil,https://economictimes.indiatimes.com/industry/industrials,central bank governor signals potential shift in policy,0,0,0,0.44,118.52,55,8
2025-06-05,government subsidy program gives a lift to the agriculture sector,Times of India,Market Rally,Russell 2000,-2.72,205.74,negative,Energy,High,Goldman Sachs,https://www.wsj.com/china/market-rally,government subsidy program gives a lift to the agriculture sector,0,0,0,-2.72,205.74,65,10
2025-06-30,manufacturing pmi data signals economic expansion,Bloomberg,Geopolitical Event,DAX,-4.06,279.9,positive,Utilities,Medium,Apple Inc.,https://timesofindia.indiatimes.com/business/finance/banking-sector-news,manufacturing pmi data signals economic expansion,0,0,0,-4.06,279.9,49,6
2025-03-16,gold prices surge as investors flee riskier assets,The Hindu Business Line,Corporate Earnings Report,S&P/TSX Composite,2.7,186.43,positive,Retail,Medium,ExxonMobil,https://www.reuters.com/markets/indices/nikkei-225,gold prices surge as investors flee riskier assets,1,0,1,2.7,186.43,50,8
2025-06-11,tech giant s new product launch sparks sector-wide gains,Investopedia,Central Bank Meeting,Russell 2000,2.06,480.73,positive,Retail,Low,Reliance Industries,https://www.forbes.com/finance/geopolitical-event-impact,tech giant s new product launch sparks sector-wide gains,1,0,1,2.06,480.73,56,9
2025-06-29,major technology firm acquires a smaller rival in a multi-billion dollar deal,Wall Street Journal,Major Merger/Acquisition,Euro Stoxx 50,0.92,354.46,positive,Pharmaceuticals,High,Apple Inc.,https://www.cnbc.com/2025/10/real-estate-market-analysis,major technology firm acquires a smaller rival in a multi-billion dollar deal,0,0,0,0.92,354.46,77,12
2025-03-31,market sentiment turns positive on vaccine trial results,Forbes,Inflation Data Release,S&P/TSX Composite,0.63,45.6,negative,Finance,Low,Microsoft,https://timesofindia.indiatimes.com/business/markets/stock-market-crash,market sentiment turns positive on vaccine trial results,1,0,1,0.63,45.6,56,8
2025-03-07,unexpected rise in unemployment fuels market pessimism,Barron's,Consumer Confidence Report,ASX 200,1.69,27.3,negative,Consumer Goods,Medium,Goldman Sachs,,unexpected rise in unemployment fuels market pessimism,1,0,1,1.69,27.3,54,7
2025-07-28,a massive data breach sends a tech company s stock tumbling,Barron's,Unemployment Rate Announcement,Nikkei 225,3.91,189.7,positive,Telecommunications,Low,Samsung Electronics,https://www.reuters.com/business/retail-sector-earnings,a massive data breach sends a tech company s stock tumbling,0,1,-1,3.91,189.7,59,11
2025-02-12,financial sector bracing for new capital requirements,The Hindu Business Line,Consumer Confidence Report,ASX 200,3.63,445.61,negative,Healthcare,High,JP Morgan Chase,https://economictimes.indiatimes.com/industry/industrials,financial sector bracing for new capital requirements,0,0,0,3.63,445.61,53,7
2025-02-16,aerospace and defense sector sees rally amid geopolitical tensions,Forbes,Market Rally,FTSE 100,3.55,425.49,positive,Construction,Medium,Microsoft,https://www.marketwatch.com/story/consumer-goods-report,aerospace and defense sector sees rally amid geopolitical tensions,1,0,1,3.55,425.49,66,9
2025-03-18,bond yields tumble as investors seek safe havens,The Motley Fool,Major Merger/Acquisition,NSE Nifty,4.96,492.36,negative,Construction,High,ExxonMobil,https://economictimes.indiatimes.com/news/economy/unemployment-rate,bond yields tumble as investors seek safe havens,0,1,-1,4.96,492.36,48,8
2025-03-23,market sentiment turns positive on vaccine trial results,Economic Times,Currency Devaluation,Shanghai Composite,-3.88,122.4,positive,Materials,Low,Tesla,https://www.reuters.com/markets/indices/ftse-100,market sentiment turns positive on vaccine trial results,1,0,1,-3.88,122.4,56,8
2025-07-17,central bank maintains status quo on interest rates,MarketWatch,Trade Tariffs Announcement,S&P 500,1.06,25.01,negative,Agriculture,High,Samsung Electronics,https://www.moneycontrol.com/us-markets/dow-jones-industrial,central bank maintains status quo on interest rates,0,0,0,1.06,25.01,51,8
2025-06-23,new regulations on cryptocurrencies cause a market dip,MarketWatch,Economic Data Release,BSE Sensex,4.91,383.29,negative,Agriculture,Medium,Apple Inc.,https://www.wsj.com/china/market-regulation,new regulations on cryptocurrencies cause a market dip,0,1,-1,4.91,383.29,54,8
2025-08-06,new ipo for a popular software firm is oversubscribed,The Motley Fool,Government Policy Announcement,Hang Seng,0.68,432.41,negative,Real Estate,High,Tesla,https://www.moneycontrol.com/us-markets/dow-jones-industrial,new ipo for a popular software firm is oversubscribed,0,0,0,0.68,432.41,53,9
2025-06-04,geopolitical ceasefire prompts a broad market recovery,CNBC,Corporate Earnings Report,TSX,2.27,15.3,negative,Energy,Medium,ExxonMobil,https://www.reuters.com/business/energy/oil-market-update,geopolitical ceasefire prompts a broad market recovery,1,0,1,2.27,15.3,54,7
2025-05-12,new ipo for a popular software firm is oversubscribed,Business Standard,Regulatory Changes,DAX,1.29,243.01,positive,Retail,High,JP Morgan Chase,https://www.cnbc.com/2025/10/real-estate-market-analysis,new ipo for a popular software firm is oversubscribed,0,0,0,1.29,243.01,53,9
2025-03-12,bond yields tumble as investors seek safe havens,The Hindu Business Line,Interest Rate Change,Shanghai Composite,3.43,123.91,negative,Automotive,Low,Tesla,https://www.cnbc.com/2025/10/real-estate-market-analysis,bond yields tumble as investors seek safe havens,0,1,-1,3.43,123.91,48,8
2025-03-02,uk s ftse 100 sees a boost from favorable trade data,Seeking Alpha,Major Merger/Acquisition,KOSPI,1.67,283.05,negative,Finance,High,Samsung Electronics,https://www.ft.com/content/tech-sector-innovation,uk s ftse 100 sees a boost from favorable trade data,2,0,2,1.67,283.05,52,11
2025-04-09,consumer confidence index reaches a decade high,Mint,Government Policy Announcement,ASX 200,1.2,312.51,positive,Finance,Low,Tesla,https://www.reuters.com/markets/stocks/tech-rally,consumer confidence index reaches a decade high,1,0,1,1.2,312.51,47,7
2025-06-29,merger talks between two banks fall through,Times of India,Government Policy Announcement,Russell 2000,-0.37,308.57,negative,Technology,Medium,JP Morgan Chase,,merger talks between two banks fall through,0,1,-1,-0.37,308.57,43,7
2025-06-16,media and entertainment companies report a surge in streaming revenue,Forbes,Commodity Price Shock,KOSPI,-1.37,283.49,negative,Telecommunications,Medium,JP Morgan Chase,https://www.reuters.com/markets/indices/ftse-100,media and entertainment companies report a surge in streaming revenue,1,0,1,-1.37,283.49,69,10
2025-07-10,supply chain issues impact manufacturing sector earnings,Wall Street Journal,Trade Tariffs Announcement,Dow Jones,2.19,59.92,positive,Energy,Low,Reliance Industries,https://www.reuters.com/markets/stocks/tech-rally,supply chain issues impact manufacturing sector earnings,0,0,0,2.19,59.92,56,7
2025-08-06,utilities sector remains stable during market fluctuations,Seeking Alpha,Interest Rate Change,NSE Nifty,-1.16,127.25,positive,Industrials,Medium,JP Morgan Chase,https://www.ft.com/content/currency-devaluation,utilities sector remains stable during market fluctuations,0,0,0,-1.16,127.25,58,7
2025-04-28,utilities sector remains stable during market fluctuations,Mint,IPO Launch,TSX,2.38,90.55,negative,Utilities,Low,Goldman Sachs,https://www.moneycontrol.com/us-markets/sp-500,utilities sector remains stable during market fluctuations,0,0,0,2.38,90.55,58,7
2025-04-27,a massive data breach sends a tech company s stock tumbling,Seeking Alpha,Major Merger/Acquisition,TSX,-0.05,481.3,positive,Construction,Low,Apple Inc.,https://timesofindia.indiatimes.com/business/agriculture-sector,a massive data breach sends a tech company s stock tumbling,0,1,-1,-0.05,481.3,59,11
2025-05-15,merger talks between two banks fall through,Times of India,Inflation Data Release,CAC 40,0.64,418.24,negative,Technology,High,Reliance Industries,https://www.cnbc.com/2025/11/major-merger-deal-approved,merger talks between two banks fall through,0,1,-1,0.64,418.24,43,7
2025-02-14,asx 200 gains on strong export performance,Times of India,Bond Market Fluctuation,CAC 40,-4.73,301.11,negative,Utilities,Medium,Tesla,https://www.bloomberg.com/asia/policy/central-bank-meeting,asx 200 gains on strong export performance,2,0,2,-4.73,301.11,42,7
2025-05-30,crude oil prices drop to a multi-year low,Barron's,Government Policy Announcement,KOSPI,,306.8,positive,Construction,High,Apple Inc.,https://www.wsj.com/europe/dax-performance,crude oil prices drop to a multi-year low,0,1,-1,,306.8,41,8
2025-07-23,government spending bill is expected to stimulate the economy,The Motley Fool,Inflation Data Release,Nasdaq Composite,-3.97,438.22,negative,Consumer Goods,Low,JP Morgan Chase,https://www.bloomberg.com/australia/asx-200-performance,government spending bill is expected to stimulate the economy,0,0,0,-3.97,438.22,61,9
2025-03-20,geopolitical ceasefire prompts a broad market recovery,Barron's,Unemployment Rate Announcement,Hang Seng,4.37,110.5,negative,Finance,Low,JP Morgan Chase,https://www.bloomberg.com/canada/tsunami-warnings,geopolitical ceasefire prompts a broad market recovery,1,0,1,4.37,110.5,54,7
2025-07-10,manufacturing pmi data signals economic expansion,Bloomberg,Commodity Price Shock,CAC 40,4.55,100.72,negative,Telecommunications,Medium,Samsung Electronics,https://www.moneycontrol.com/us-markets/sp-500,manufacturing pmi data signals economic expansion,0,0,0,4.55,100.72,49,6
2025-03-26,new regulations on cryptocurrencies cause a market dip,CNBC,Inflation Data Release,Nikkei 225,-3.9,450.28,negative,Construction,Medium,Tata Motors,https://www.business-standard.com/economy/economic-stimulus,new regulations on cryptocurrencies cause a market dip,0,1,-1,-3.9,450.28,54,8
2025-03-31,consumer confidence index reaches a decade high,Forbes,Market Rally,IBOVESPA,-4.06,173.66,negative,Aerospace & Defense,Medium,Samsung Electronics,https://timesofindia.indiatimes.com/business/corporate-governance,consumer confidence index reaches a decade high,1,0,1,-4.06,173.66,47,7
2025-05-18,banking stocks dip after a major scandal is revealed,Times of India,IPO Launch,KOSPI,4.21,237.16,negative,Materials,High,ExxonMobil,https://www.ft.com/content/media-entertainment-merger,banking stocks dip after a major scandal is revealed,0,2,-2,4.21,237.16,52,9
2025-02-08,"global trade talks collapse, causing market turmoil",Times of India,Geopolitical Event,Nasdaq Composite,-4.61,71.03,negative,Finance,Medium,Tata Motors,,global trade talks collapse causing market turmoil,0,1,-1,-4.61,71.03,50,7
2025-03-20,record-high inflation data rattles investors,Financial Times,Bond Market Fluctuation,Russell 2000,1.0,171.18,positive,Consumer Goods,Medium,Samsung Electronics,https://www.forbes.com/crypto/cryptocurrency-regulation,record-high inflation data rattles investors,1,0,1,1.0,171.18,44,5
2025-04-13,quarterly report shows surprising losses for retail giants,Barron's,Central Bank Meeting,Nasdaq Composite,-2.31,62.42,positive,Retail,High,Tata Motors,https://www.theeconomist.com/world/government-policy-announcement,quarterly report shows surprising losses for retail giants,0,1,-1,-2.31,62.42,58,8
2025-04-05,consumer discretionary stocks outperform as spending increases,Barron's,Economic Data Release,S&P/TSX Composite,-3.09,429.99,positive,Materials,Low,Tata Motors,https://www.marketwatch.com/story/consumer-goods-report,consumer discretionary stocks outperform as spending increases,2,0,2,-3.09,429.99,62,7
2025-07-26,bond yields tumble as investors seek safe havens,The Economist,Currency Devaluation,TSX,0.71,22.23,negative,Finance,High,JP Morgan Chase,https://www.investopedia.com/articles/government-policy-announcement,bond yields tumble as investors seek safe havens,0,1,-1,0.71,22.23,48,8
2025-07-08,automotive industry faces headwinds from rising material costs,The Economist,Interest Rate Change,Shanghai Composite,0.9,162.32,positive,Transportation,High,Tata Motors,https://www.ft.com/content/tech-sector-innovation,automotive industry faces headwinds from rising material costs,0,1,-1,0.9,162.32,62,8
2025-05-31,manufacturing pmi data signals economic expansion,Forbes,Interest Rate Change,IBOVESPA,-0.17,392.52,positive,Construction,Medium,ExxonMobil,https://www.business-standard.com/economy/trade-disputes-impact,manufacturing pmi data signals economic expansion,0,0,0,-0.17,392.52,49,6
2025-04-09,consumer confidence index reaches a decade high,Mint,Government Policy Announcement,ASX 200,1.2,312.51,positive,Finance,Low,Tesla,https://www.reuters.com/markets/stocks/tech-rally,consumer confidence index reaches a decade high,1,0,1,1.2,312.51,47,7
2025-03-28,crude oil prices drop to a multi-year low,Barron's,Corporate Earnings Report,Euro Stoxx 50,2.52,18.22,positive,Industrials,Medium,Boeing,https://timesofindia.indiatimes.com/business/finance/banking-sector-news,crude oil prices drop to a multi-year low,0,1,-1,2.52,18.22,41,8
2025-08-06,record-high inflation data rattles investors,Times of India,Supply Chain Disruption,CAC 40,2.06,298.39,negative,Construction,Medium,Apple Inc.,https://www.moneycontrol.com/us-markets/sp-500,record-high inflation data rattles investors,1,0,1,2.06,298.39,44,5
2025-04-04,crude oil prices drop to a multi-year low,The Motley Fool,Economic Data Release,Russell 2000,4.2,184.5,negative,Technology,Low,Apple Inc.,https://www.wsj.com/china/market-regulation,crude oil prices drop to a multi-year low,0,1,-1,4.2,184.5,41,8
2025-03-20,manufacturing pmi data signals economic expansion,Economic Times,Major Merger/Acquisition,Nasdaq Composite,-2.56,391.62,negative,Materials,High,Apple Inc.,https://www.moneycontrol.com/us-markets/nasdaq-composite,manufacturing pmi data signals economic expansion,0,0,0,-2.56,391.62,49,6
2025-04-24,unexpected rise in unemployment fuels market pessimism,Business Standard,Currency Devaluation,Nikkei 225,-3.14,59.24,negative,Media & Entertainment,Medium,Goldman Sachs,https://timesofindia.indiatimes.com/business/agriculture-sector,unexpected rise in unemployment fuels market pessimism,1,0,1,-3.14,59.24,54,7
2025-06-27,asx 200 gains on strong export performance,Economic Times,Market Rally,BSE Sensex,-2.14,273.97,negative,Transportation,High,Tata Motors,https://www.business-standard.com/economy/economic-stimulus,asx 200 gains on strong export performance,2,0,2,-2.14,273.97,42,7
2025-05-17,manufacturing pmi data signals economic expansion,Reuters,Major Merger/Acquisition,Dow Jones,4.06,407.35,positive,Pharmaceuticals,Low,Boeing,https://economictimes.indiatimes.com/news/economy/unemployment-rate,manufacturing pmi data signals economic expansion,0,0,0,4.06,407.35,49,6
2025-04-02,dow jones plunges as market fears recession,Business Standard,Currency Devaluation,FTSE 100,3.11,52.79,negative,Finance,Low,Boeing,https://economictimes.indiatimes.com/stocks/bse-sensex-plunges,dow jones plunges as market fears recession,0,2,-2,3.11,52.79,43,7
2025-03-11,automotive industry faces headwinds from rising material costs,Bloomberg,Government Policy Announcement,S&P/TSX Composite,,38.07,negative,Retail,High,Boeing,https://www.moneycontrol.com/us-markets/dow-jones-industrial,automotive industry faces headwinds from rising material costs,0,1,-1,,38.07,62,8
2025-05-19,government spending bill is expected to stimulate the economy,Yahoo Finance,Commodity Price Shock,NSE Nifty,-0.18,341.36,positive,Automotive,Low,Tesla,https://www.investopedia.com/articles/government-policy-announcement,government spending bill is expected to stimulate the economy,0,0,0,-0.18,341.36,61,9
2025-05-26,new ipo for a popular software firm is oversubscribed,The Motley Fool,Regulatory Changes,Shanghai Composite,2.83,13.97,negative,Industrials,Medium,Apple Inc.,https://www.reuters.com/business/retail-sector-earnings,new ipo for a popular software firm is oversubscribed,0,0,0,2.83,13.97,53,9
2025-03-20,government spending bill is expected to stimulate the economy,Business Standard,Bond Market Fluctuation,Nikkei 225,0.12,420.46,negative,Retail,Medium,Boeing,https://www.forbes.com/crypto/cryptocurrency-regulation,government spending bill is expected to stimulate the economy,0,0,0,0.12,420.46,61,9
2025-06-01,crude oil prices drop to a multi-year low,The Hindu Business Line,Supply Chain Disruption,IBOVESPA,-3.13,450.52,negative,Transportation,High,Tata Motors,https://timesofindia.indiatimes.com/business/finance/banking-sector-news,crude oil prices drop to a multi-year low,0,1,-1,-3.13,450.52,41,8
2025-08-03,mining company stock surges on commodity price boom,CNBC,Commodity Price Shock,NSE Nifty,-0.95,29.44,negative,Agriculture,Medium,Boeing,https://www.reuters.com/markets/indices/nikkei-225,mining company stock surges on commodity price boom,1,0,1,-0.95,29.44,51,8
2025-07-10,retail sales report surpasses all forecasts,Barron's,Market Rally,Nikkei 225,2.2,401.63,negative,Materials,Medium,Reliance Industries,https://www.reuters.com/business/energy/oil-market-update,retail sales report surpasses all forecasts,0,0,0,2.2,401.63,43,6
2025-02-20,a massive data breach sends a tech company s stock tumbling,Investopedia,Economic Data Release,FTSE 100,2.5,160.09,negative,Industrials,High,Samsung Electronics,https://timesofindia.indiatimes.com/business/agriculture-sector,a massive data breach sends a tech company s stock tumbling,0,1,-1,2.5,160.09,59,11
2025-05-09,tech giant s new product launch sparks sector-wide gains,The Motley Fool,Central Bank Meeting,NSE Nifty,-2.4,173.26,negative,Construction,Low,Microsoft,https://www.business-standard.com/economy/economic-stimulus,tech giant s new product launch sparks sector-wide gains,1,0,1,-2.4,173.26,56,9
2025-06-10,geopolitical ceasefire prompts a broad market recovery,MarketWatch,Consumer Confidence Report,S&P 500,-2.78,367.69,negative,Real Estate,Medium,Tata Motors,https://www.wsj.com/china/market-regulation,geopolitical ceasefire prompts a broad market recovery,1,0,1,-2.78,367.69,54,7
2025-02-11,federal reserve chairman s speech causes market volatility,The Hindu Business Line,Bond Market Fluctuation,NSE Nifty,0.08,271.89,negative,Utilities,Low,JP Morgan Chase,https://www.wsj.com/china/market-regulation,federal reserve chairman s speech causes market volatility,0,0,0,0.08,271.89,58,8
2025-07-07,record-high inflation data rattles investors,Mint,Geopolitical Event,Nasdaq Composite,4.02,317.34,negative,Transportation,High,JP Morgan Chase,https://economictimes.indiatimes.com/industry/industrials,record-high inflation data rattles investors,1,0,1,4.02,317.34,44,5
2025-04-23,financial services stocks rally on strong profit margins,The Motley Fool,Trade Tariffs Announcement,ASX 200,,428.77,positive,Automotive,High,Goldman Sachs,https://timesofindia.indiatimes.com/business/corporate-governance,financial services stocks rally on strong profit margins,3,0,3,,428.77,56,8
2025-03-04,asx 200 gains on strong export performance,Mint,Trade Tariffs Announcement,ASX 200,3.16,365.43,negative,Telecommunications,Medium,Microsoft,https://www.ft.com/content/media-entertainment-merger,asx 200 gains on strong export performance,2,0,2,3.16,365.43,42,7
2025-04-03,consumer discretionary stocks outperform as spending increases,Forbes,Interest Rate Change,NSE Nifty,-1.08,128.66,positive,Telecommunications,High,Samsung Electronics,https://www.forbes.com/crypto/cryptocurrency-regulation,consumer discretionary stocks outperform as spending increases,2,0,2,-1.08,128.66,62,7
2025-07-05,consumer discretionary stocks outperform as spending increases,Bloomberg,Cryptocurrency Regulation,KOSPI,4.57,376.31,positive,Utilities,High,Samsung Electronics,https://www.cnbc.com/2025/08/russia-ukraine-war-economic-impact,consumer discretionary stocks outperform as spending increases,2,0,2,4.57,376.31,62,7
2025-07-12,pharmaceutical company s drug approval drives stock upward,Times of India,Bond Market Fluctuation,Nikkei 225,-2.11,157.82,negative,Agriculture,Low,Tesla,https://economictimes.indiatimes.com/news/transportation,pharmaceutical company s drug approval drives stock upward,1,0,1,-2.11,157.82,58,8
2025-04-17,automotive industry faces headwinds from rising material costs,Barron's,Currency Devaluation,Russell 2000,-4.68,149.6,positive,Pharmaceuticals,High,Tata Motors,https://www.reuters.com/business/energy/oil-market-update,automotive industry faces headwinds from rising material costs,0,1,-1,-4.68,149.6,62,8
2025-02-13,pharmaceutical company s drug approval drives stock upward,Business Standard,Currency Devaluation,Nasdaq Composite,4.96,2.5,positive,Transportation,Medium,Boeing,https://www.ft.com/content/currency-devaluation,pharmaceutical company s drug approval drives stock upward,1,0,1,4.96,2.5,58,8
2025-04-11,a massive data breach sends a tech company s stock tumbling,Yahoo Finance,IPO Launch,ASX 200,-4.33,261.06,negative,Real Estate,Low,ExxonMobil,https://www.moneycontrol.com/us-markets/sp-500,a massive data breach sends a tech company s stock tumbling,0,1,-1,-4.33,261.06,59,11
2025-03-30,new ipo for a popular software firm is oversubscribed,Seeking Alpha,Supply Chain Disruption,Russell 2000,-2.02,92.49,positive,Technology,High,Tata Motors,https://www.theeconomist.com/world/government-policy-announcement,new ipo for a popular software firm is oversubscribed,0,0,0,-2.02,92.49,53,9
2025-03-08,nikkei 225 index benefits from a weaker yen,MarketWatch,Stock Market Crash,Shanghai Composite,-2.6,76.42,positive,Healthcare,Low,JP Morgan Chase,https://www.wsj.com/japan/economic-data-release,nikkei 225 index benefits from a weaker yen,0,1,-1,-2.6,76.42,43,8
2025-07-13,energy company s dividend hike excites shareholders,The Motley Fool,Cryptocurrency Regulation,IBOVESPA,-3.38,23.53,positive,Technology,Low,JP Morgan Chase,https://economictimes.indiatimes.com/stocks/bse-sensex-plunges,energy company s dividend hike excites shareholders,0,0,0,-3.38,23.53,51,7
2025-05-21,government policy shift boosts renewable energy sector,The Economist,Corporate Earnings Report,CAC 40,2.68,409.52,negative,Pharmaceuticals,Low,Tesla,https://www.marketwatch.com/story/commodities-price-shock,government policy shift boosts renewable energy sector,1,0,1,2.68,409.52,54,7
2025-03-09,nikkei 225 index benefits from a weaker yen,Barron's,Trade Tariffs Announcement,Hang Seng,-0.15,193.36,negative,Media & Entertainment,High,JP Morgan Chase,https://www.wsj.com/europe/dax-performance,nikkei 225 index benefits from a weaker yen,0,1,-1,-0.15,193.36,43,8
2025-07-14,government subsidy program gives a lift to the agriculture sector,Bloomberg,Stock Market Crash,KOSPI,3.92,81.61,positive,Materials,Medium,Goldman Sachs,https://www.marketwatch.com/story/commodities-price-shock,government subsidy program gives a lift to the agriculture sector,0,0,0,3.92,81.61,65,10
2025-06-24,china s shanghai composite falls after new trade restrictions,Investopedia,Supply Chain Disruption,Euro Stoxx 50,-1.64,123.41,positive,Media & Entertainment,High,Boeing,https://www.theeconomist.com/world/government-policy-announcement,china s shanghai composite falls after new trade restrictions,0,1,-1,-1.64,123.41,61,9
2025-05-16,new housing data release shows a slowdown in market activity,MarketWatch,Cryptocurrency Regulation,S&P/TSX Composite,-1.23,396.52,positive,Construction,Low,Goldman Sachs,https://www.ft.com/content/geopolitical-summit,new housing data release shows a slowdown in market activity,0,1,-1,-1.23,396.52,60,10
2025-03-16,government spending bill is expected to stimulate the economy,Financial Times,Corporate Earnings Report,ASX 200,-1.87,433.62,positive,Real Estate,Medium,Reliance Industries,https://www.moneycontrol.com/us-markets/sp-500,government spending bill is expected to stimulate the economy,0,0,0,-1.87,433.62,61,9
2025-08-11,china s shanghai composite falls after new trade restrictions,Financial Times,Cryptocurrency Regulation,ASX 200,1.06,381.0,negative,Technology,High,Goldman Sachs,https://www.forbes.com/crypto/cryptocurrency-regulation,china s shanghai composite falls after new trade restrictions,0,1,-1,1.06,381.0,61,9
2025-05-19,nikkei 225 index benefits from a weaker yen,Wall Street Journal,Economic Data Release,Russell 2000,1.41,467.1,positive,Healthcare,Medium,Boeing,https://www.cnbc.com/2025/08/russia-ukraine-war-economic-impact,nikkei 225 index benefits from a weaker yen,0,1,-1,1.41,467.1,43,8
2025-08-08,consumer confidence index reaches a decade high,Mint,Major Merger/Acquisition,DAX,-3.77,245.25,negative,Aerospace & Defense,High,ExxonMobil,https://www.reuters.com/markets/indices/nikkei-225,consumer confidence index reaches a decade high,1,0,1,-3.77,245.25,47,7
2025-05-11,healthcare stocks gain on robust demand and strong outlook,Financial Times,Regulatory Changes,TSX,4.46,484.5,negative,Transportation,Medium,Goldman Sachs,https://timesofindia.indiatimes.com/business/corporate-governance,healthcare stocks gain on robust demand and strong outlook,2,0,2,4.46,484.5,58,9
2025-07-28,new housing data release shows a slowdown in market activity,Yahoo Finance,Regulatory Changes,CAC 40,-2.82,75.95,negative,Consumer Goods,Low,ExxonMobil,https://www.bloomberg.com/australia/asx-200-performance,new housing data release shows a slowdown in market activity,0,1,-1,-2.82,75.95,60,10
2025-07-12,e-commerce earnings report beats all analyst expectations,Forbes,Major Merger/Acquisition,Nasdaq Composite,-3.18,187.5,negative,Retail,Medium,Samsung Electronics,,e-commerce earnings report beats all analyst expectations,1,0,1,-3.18,187.5,57,7
2025-07-09,aerospace and defense sector sees rally amid geopolitical tensions,The Motley Fool,Commodity Price Shock,Euro Stoxx 50,-0.44,379.18,positive,Automotive,Medium,Tata Motors,https://www.cnbc.com/2025/11/major-merger-deal-approved,aerospace and defense sector sees rally amid geopolitical tensions,1,0,1,-0.44,379.18,66,9
2025-06-05,nikkei 225 index benefits from a weaker yen,Forbes,Supply Chain Disruption,CAC 40,-1.47,454.01,positive,Media & Entertainment,Medium,Tesla,https://economictimes.indiatimes.com/industry/industrials,nikkei 225 index benefits from a weaker yen,0,1,-1,-1.47,454.01,43,8
2025-06-29,merger talks between two banks fall through,Times of India,Currency Devaluation,Hang Seng,3.64,398.59,positive,Industrials,High,JP Morgan Chase,https://www.wsj.com/china/market-rally,merger talks between two banks fall through,0,1,-1,3.64,398.59,43,7
2025-07-12,crude oil prices drop to a multi-year low,MarketWatch,Major Merger/Acquisition,TSX,-4.76,491.44,negative,Consumer Goods,High,Microsoft,https://www.business-standard.com/economy/economic-stimulus,crude oil prices drop to a multi-year low,0,1,-1,-4.76,491.44,41,8
2025-07-27,tech giant s new product launch sparks sector-wide gains,Bloomberg,Trade Tariffs Announcement,IBOVESPA,-1.17,312.9,negative,Agriculture,Medium,JP Morgan Chase,https://www.ft.com/content/geopolitical-summit,tech giant s new product launch sparks sector-wide gains,1,0,1,-1.17,312.9,56,9
2025-05-29,new ipo for a popular software firm is oversubscribed,The Economist,Bond Market Fluctuation,Euro Stoxx 50,3.85,305.32,positive,Aerospace & Defense,High,JP Morgan Chase,https://www.moneycontrol.com/us-markets/dow-jones-industrial,new ipo for a popular software firm is oversubscribed,0,0,0,3.85,305.32,53,9
2025-06-06,financial sector bracing for new capital requirements,Economic Times,Central Bank Meeting,ASX 200,-4.05,48.05,negative,Pharmaceuticals,Medium,Reliance Industries,https://www.moneycontrol.com/india/ipo-news/new-firm-launches,financial sector bracing for new capital requirements,0,0,0,-4.05,48.05,53,7
2025-04-09,real estate sector shows signs of overheating as interest rates fall,Bloomberg,Geopolitical Event,Dow Jones,4.75,478.94,negative,Aerospace & Defense,Medium,Tesla,https://www.bloomberg.com/australia/asx-200-performance,real estate sector shows signs of overheating as interest rates fall,0,1,-1,4.75,478.94,68,11
2025-03-31,crude oil prices drop to a multi-year low,Mint,Corporate Earnings Report,TSX,-3.93,69.64,negative,Real Estate,High,ExxonMobil,https://www.reuters.com/markets/indices/ftse-100,crude oil prices drop to a multi-year low,0,1,-1,-3.93,69.64,41,8
2025-02-18,major technology firm acquires a smaller rival in a multi-billion dollar deal,Financial Times,Commodity Price Shock,BSE Sensex,4.02,182.61,negative,Finance,Medium,JP Morgan Chase,https://economictimes.indiatimes.com/news/economy/unemployment-rate,major technology firm acquires a smaller rival in a multi-billion dollar deal,0,0,0,4.02,182.61,77,12
2025-05-21,crude oil prices drop to a multi-year low,Forbes,Unemployment Rate Announcement,Dow Jones,-0.24,480.19,negative,Utilities,Medium,Boeing,https://www.business-standard.com/finance/corporate-earnings,crude oil prices drop to a multi-year low,0,1,-1,-0.24,480.19,41,8
2025-05-19,bond yields tumble as investors seek safe havens,Financial Times,Regulatory Changes,IBOVESPA,-0.92,242.07,positive,Telecommunications,Medium,Microsoft,https://www.moneycontrol.com/us-markets/nasdaq-composite,bond yields tumble as investors seek safe havens,0,1,-1,-0.92,242.07,48,8
2025-03-28,federal reserve chairman s speech causes market volatility,The Hindu Business Line,Regulatory Changes,CAC 40,-2.71,143.96,negative,Energy,Medium,ExxonMobil,https://www.wsj.com/japan/economic-data-release,federal reserve chairman s speech causes market volatility,0,0,0,-2.71,143.96,58,8
2025-06-05,central bank governor signals potential shift in policy,The Economist,Unemployment Rate Announcement,DAX,2.09,403.78,positive,Real Estate,High,Reliance Industries,https://www.forbes.com/crypto/cryptocurrency-regulation,central bank governor signals potential shift in policy,0,0,0,2.09,403.78,55,8
2025-05-13,new regulations on cryptocurrencies cause a market dip,Wall Street Journal,Geopolitical Event,S&P 500,-3.11,325.88,negative,Real Estate,Low,Apple Inc.,https://www.wsj.com/china/market-regulation,new regulations on cryptocurrencies cause a market dip,0,1,-1,-3.11,325.88,54,8
2025-03-10,financial services stocks rally on strong profit margins,The Motley Fool,Cryptocurrency Regulation,Euro Stoxx 50,0.65,36.09,negative,Construction,Medium,Apple Inc.,https://www.theeconomist.com/world/government-policy-announcement,financial services stocks rally on strong profit margins,3,0,3,0.65,36.09,56,8
2025-05-17,nikkei 225 index benefits from a weaker yen,CNBC,Regulatory Changes,TSX,-0.25,197.32,negative,Retail,Low,Tesla,https://www.moneycontrol.com/us-markets/nasdaq-composite,nikkei 225 index benefits from a weaker yen,0,1,-1,-0.25,197.32,43,8
2025-06-11,retail sales report surpasses all forecasts,Bloomberg,Market Rally,S&P/TSX Composite,2.98,249.74,negative,Consumer Goods,High,Reliance Industries,https://www.business-standard.com/finance/corporate-earnings,retail sales report surpasses all forecasts,0,0,0,2.98,249.74,43,6
2025-05-19,market sentiment turns positive on vaccine trial results,Investopedia,Currency Devaluation,Hang Seng,-4.99,170.3,negative,Retail,Low,Boeing,https://economictimes.indiatimes.com/industry/industrials,market sentiment turns positive on vaccine trial results,1,0,1,-4.99,170.3,56,8
2025-03-20,automotive industry faces headwinds from rising material costs,Wall Street Journal,Inflation Data Release,BSE Sensex,1.15,83.6,positive,Media & Entertainment,Medium,Tata Motors,https://timesofindia.indiatimes.com/business/finance/banking-sector-news,automotive industry faces headwinds from rising material costs,0,1,-1,1.15,83.6,62,8
2025-04-07,energy company s dividend hike excites shareholders,Forbes,Stock Market Crash,Russell 2000,-2.6,2.62,positive,Technology,High,Tesla,https://economictimes.indiatimes.com/industry/industrials,energy company s dividend hike excites shareholders,0,0,0,-2.6,2.62,51,7
2025-02-04,major technology firm acquires a smaller rival in a multi-billion dollar deal,Times of India,Market Rally,Shanghai Composite,3.59,91.6,positive,Technology,Low,Apple Inc.,https://www.bloomberg.com/australia/asx-200-performance,major technology firm acquires a smaller rival in a multi-billion dollar deal,0,0,0,3.59,91.6,77,12
2025-05-16,major technology firm acquires a smaller rival in a multi-billion dollar deal,Investopedia,Regulatory Changes,KOSPI,-3.22,44.35,positive,Industrials,High,Reliance Industries,https://timesofindia.indiatimes.com/business/agriculture-sector,major technology firm acquires a smaller rival in a multi-billion dollar deal,0,0,0,-3.22,44.35,77,12
2025-02-19,aerospace and defense sector sees rally amid geopolitical tensions,Bloomberg,Supply Chain Disruption,FTSE 100,-3.34,6.65,positive,Utilities,High,Tata Motors,https://www.business-standard.com/finance/corporate-earnings,aerospace and defense sector sees rally amid geopolitical tensions,1,0,1,-3.34,6.65,66,9
2025-06-23,federal reserve chairman s speech causes market volatility,Yahoo Finance,Government Policy Announcement,Euro Stoxx 50,-3.92,433.52,negative,Agriculture,Low,Microsoft,,federal reserve chairman s speech causes market volatility,0,0,0,-3.92,433.52,58,8
2025-03-14,massive stock buyback program announced by a consumer goods company,Wall Street Journal,Government Policy Announcement,Euro Stoxx 50,-2.97,69.84,positive,Agriculture,Medium,Tesla,https://economictimes.indiatimes.com/stocks/bse-sensex-plunges,massive stock buyback program announced by a consumer goods company,0,0,0,-2.97,69.84,67,10
2025-04-01,energy company s dividend hike excites shareholders,Times of India,Market Rally,Nikkei 225,,44.31,positive,Transportation,Medium,Tata Motors,,energy company s dividend hike excites shareholders,0,0,0,,44.31,51,7
2025-04-09,consumer confidence index reaches a decade high,Mint,Government Policy Announcement,ASX 200,1.2,312.51,positive,Finance,Low,Tesla,https://www.reuters.com/markets/stocks/tech-rally,consumer confidence index reaches a decade high,1,0,1,1.2,312.51,47,7
2025-06-22,automotive industry faces headwinds from rising material costs,The Motley Fool,Unemployment Rate Announcement,Euro Stoxx 50,0.1,378.12,positive,Consumer Goods,Low,Goldman Sachs,https://economictimes.indiatimes.com/news/economy/unemployment-rate,automotive industry faces headwinds from rising material costs,0,1,-1,0.1,378.12,62,8
2025-07-01,merger talks between two banks fall through,MarketWatch,IPO Launch,KOSPI,2.98,270.13,negative,Utilities,High,Tesla,https://www.business-standard.com/international-business/trade-policy,merger talks between two banks fall through,0,1,-1,2.98,270.13,43,7
2025-03-12,e-commerce earnings report beats all analyst expectations,MarketWatch,Market Rally,KOSPI,-1.03,427.76,negative,Transportation,Medium,Samsung Electronics,https://www.cnbc.com/2025/12/healthcare-sector-outlook,e-commerce earnings report beats all analyst expectations,1,0,1,-1.03,427.76,57,7
2025-03-06,e-commerce earnings report beats all analyst expectations,Wall Street Journal,Economic Data Release,Shanghai Composite,-0.63,332.93,positive,Pharmaceuticals,Low,Microsoft,https://www.ft.com/content/consumer-confidence-report,e-commerce earnings report beats all analyst expectations,1,0,1,-0.63,332.93,57,7
2025-06-17,market sentiment turns positive on vaccine trial results,Mint,Interest Rate Change,BSE Sensex,2.05,116.1,positive,Aerospace & Defense,Low,Samsung Electronics,https://www.forbes.com/crypto/cryptocurrency-regulation,market sentiment turns positive on vaccine trial results,1,0,1,2.05,116.1,56,8
2025-05-06,supply chain issues impact manufacturing sector earnings,Reuters,Government Policy Announcement,Nikkei 225,-0.93,114.56,positive,Energy,Low,Reliance Industries,https://economictimes.indiatimes.com/news/economy/unemployment-rate,supply chain issues impact manufacturing sector earnings,0,0,0,-0.93,114.56,56,7
2025-05-01,automotive industry faces headwinds from rising material costs,The Economist,Corporate Earnings Report,Dow Jones,3.79,467.38,positive,Automotive,Medium,Microsoft,https://www.moneycontrol.com/us-markets/dow-jones-industrial,automotive industry faces headwinds from rising material costs,0,1,-1,3.79,467.38,62,8
2025-06-26,financial sector bracing for new capital requirements,Yahoo Finance,Regulatory Changes,S&P 500,-0.78,379.27,negative,Retail,Medium,Samsung Electronics,https://www.forbes.com/finance/geopolitical-event-impact,financial sector bracing for new capital requirements,0,0,0,-0.78,379.27,53,7
2025-04-17,aerospace and defense sector sees rally amid geopolitical tensions,Barron's,Consumer Confidence Report,NSE Nifty,1.85,107.42,negative,Transportation,Medium,Goldman Sachs,https://economictimes.indiatimes.com/news/transportation,aerospace and defense sector sees rally amid geopolitical tensions,1,0,1,1.85,107.42,66,9
2025-04-05,dow jones plunges as market fears recession,Seeking Alpha,IPO Launch,Nasdaq Composite,-0.82,65.56,negative,Automotive,High,Microsoft,https://timesofindia.indiatimes.com/business/agriculture-sector,dow jones plunges as market fears recession,0,2,-2,-0.82,65.56,43,7
2025-06-29,china s shanghai composite falls after new trade restrictions,Times of India,Currency Devaluation,DAX,2.97,236.26,negative,Automotive,Low,JP Morgan Chase,https://www.cnbc.com/2025/11/major-merger-deal-approved,china s shanghai composite falls after new trade restrictions,0,1,-1,2.97,236.26,61,9
2025-04-07,central bank maintains status quo on interest rates,Times of India,Central Bank Meeting,Hang Seng,0.15,147.45,positive,Transportation,Low,Goldman Sachs,https://www.bloomberg.com/asia/policy/central-bank-meeting,central bank maintains status quo on interest rates,0,0,0,0.15,147.45,51,8
2025-03-11,china s shanghai composite falls after new trade restrictions,Economic Times,Regulatory Changes,Russell 2000,-3.89,60.95,negative,Real Estate,Medium,Samsung Electronics,https://www.business-standard.com/international-business/trade-policy,china s shanghai composite falls after new trade restrictions,0,1,-1,-3.89,60.95,61,9
2025-02-22,supply chain issues impact manufacturing sector earnings,CNBC,Major Merger/Acquisition,Euro Stoxx 50,-2.08,466.46,negative,Technology,Medium,Tata Motors,https://www.wsj.com/china/market-regulation,supply chain issues impact manufacturing sector earnings,0,0,0,-2.08,466.46,56,7
2025-04-14,tech giant s new product launch sparks sector-wide gains,Reuters,Currency Devaluation,Euro Stoxx 50,-3.5,104.12,negative,Construction,Low,Reliance Industries,https://www.marketwatch.com/story/commodities-price-shock,tech giant s new product launch sparks sector-wide gains,1,0,1,-3.5,104.12,56,9
2025-02-04,aerospace and defense sector sees rally amid geopolitical tensions,Reuters,Stock Market Crash,CAC 40,4.61,108.33,negative,Industrials,Low,ExxonMobil,https://www.reuters.com/business/retail-sector-earnings,aerospace and defense sector sees rally amid geopolitical tensions,1,0,1,4.61,108.33,66,9
2025-03-27,consumer discretionary stocks outperform as spending increases,Bloomberg,Trade Tariffs Announcement,S&P 500,-0.53,63.79,negative,Real Estate,High,ExxonMobil,https://www.cnbc.com/2025/09/automotive-industry-trends,consumer discretionary stocks outperform as spending increases,2,0,2,-0.53,63.79,62,7
2025-06-19,central bank maintains status quo on interest rates,Bloomberg,Supply Chain Disruption,Dow Jones,-3.41,306.38,negative,Real Estate,High,Boeing,https://timesofindia.indiatimes.com/business/corporate-governance,central bank maintains status quo on interest rates,0,0,0,-3.41,306.38,51,8
2025-02-20,massive stock buyback program announced by a consumer goods company,Reuters,Regulatory Changes,Hang Seng,-2.91,464.41,negative,Industrials,High,Boeing,https://www.bloomberg.com/asia/policy/central-bank-meeting,massive stock buyback program announced by a consumer goods company,0,0,0,-2.91,464.41,67,10
2025-06-25,utilities sector remains stable during market fluctuations,Reuters,Consumer Confidence Report,CAC 40,1.96,390.56,negative,Transportation,Medium,Goldman Sachs,https://www.ft.com/content/consumer-confidence-report,utilities sector remains stable during market fluctuations,0,0,0,1.96,390.56,58,7
2025-07-25,unexpected rise in unemployment fuels market pessimism,Financial Times,Central Bank Meeting,IBOVESPA,-0.46,146.03,positive,Finance,High,JP Morgan Chase,https://www.business-standard.com/finance/corporate-earnings,unexpected rise in unemployment fuels market pessimism,1,0,1,-0.46,146.03,54,7
2025-04-09,major oil spill sends energy stocks plummeting,The Economist,IPO Launch,KOSPI,-1.24,383.73,positive,Construction,High,Tesla,https://timesofindia.indiatimes.com/business/finance/banking-sector-news,major oil spill sends energy stocks plummeting,0,0,0,-1.24,383.73,46,7
2025-06-13,merger talks between two banks fall through,Yahoo Finance,Inflation Data Release,Russell 2000,2.91,205.29,negative,Industrials,High,Tata Motors,https://www.moneycontrol.com/india/ipo-news/new-firm-launches,merger talks between two banks fall through,0,1,-1,2.91,205.29,43,7
2025-05-15,new housing data release shows a slowdown in market activity,Wall Street Journal,Government Policy Announcement,CAC 40,3.92,254.04,positive,Real Estate,Medium,Boeing,https://www.reuters.com/markets/indices/ftse-100,new housing data release shows a slowdown in market activity,0,1,-1,3.92,254.04,60,10
2025-04-25,quarterly report shows surprising losses for retail giants,Yahoo Finance,Supply Chain Disruption,NSE Nifty,0.34,124.9,negative,Construction,High,Goldman Sachs,https://www.moneycontrol.com/us-markets/dow-jones-industrial,quarterly report shows surprising losses for retail giants,0,1,-1,0.34,124.9,58,8
2025-07-16,mining company stock surges on commodity price boom,Economic Times,Corporate Earnings Report,Dow Jones,-4.84,244.28,negative,Construction,Medium,ExxonMobil,https://www.moneycontrol.com/india/ipo-news/new-firm-launches,mining company stock surges on commodity price boom,1,0,1,-4.84,244.28,51,8
2025-07-26,unexpected rise in unemployment fuels market pessimism,Wall Street Journal,Trade Tariffs Announcement,Shanghai Composite,0.18,216.56,negative,Healthcare,Medium,Microsoft,https://timesofindia.indiatimes.com/business/markets/stock-market-crash,unexpected rise in unemployment fuels market pessimism,1,0,1,0.18,216.56,54,7
2025-07-08,a massive data breach sends a tech company s stock tumbling,Seeking Alpha,Consumer Confidence Report,Dow Jones,-2.77,137.56,positive,Utilities,Medium,Microsoft,https://www.wsj.com/japan/economic-data-release,a massive data breach sends a tech company s stock tumbling,0,1,-1,-2.77,137.56,59,11
2025-04-19,market braces for a major policy announcement from the eu,Times of India,Government Policy Announcement,BSE Sensex,1.69,381.18,negative,Real Estate,High,Goldman Sachs,https://timesofindia.indiatimes.com/business/corporate-governance,market braces for a major policy announcement from the eu,0,0,0,1.69,381.18,57,10
2025-08-08,geopolitical ceasefire prompts a broad market recovery,The Motley Fool,Currency Devaluation,ASX 200,4.23,53.56,positive,Agriculture,High,Samsung Electronics,https://economictimes.indiatimes.com/industry/industrials,geopolitical ceasefire prompts a broad market recovery,1,0,1,4.23,53.56,54,7
2025-05-18,new regulations on cryptocurrencies cause a market dip,Business Standard,Regulatory Changes,Nasdaq Composite,-3.8,435.85,negative,Consumer Goods,Medium,Tesla,https://www.wsj.com/japan/economic-data-release,new regulations on cryptocurrencies cause a market dip,0,1,-1,-3.8,435.85,54,8
2025-05-30,retail sales report surpasses all forecasts,CNBC,Cryptocurrency Regulation,ASX 200,4.38,174.69,positive,Energy,Medium,Tesla,https://www.forbes.com/crypto/cryptocurrency-regulation,retail sales report surpasses all forecasts,0,0,0,4.38,174.69,43,6
2025-02-12,uk s ftse 100 sees a boost from favorable trade data,Wall Street Journal,Regulatory Changes,BSE Sensex,0.04,336.28,negative,Transportation,High,Boeing,https://www.forbes.com/crypto/cryptocurrency-regulation,uk s ftse 100 sees a boost from favorable trade data,2,0,2,0.04,336.28,52,11
2025-02-08,retail sales report surpasses all forecasts,Financial Times,Cryptocurrency Regulation,Dow Jones,2.29,169.39,positive,Transportation,Medium,Tesla,https://www.wsj.com/europe/regulatory-changes,retail sales report surpasses all forecasts,0,0,0,2.29,169.39,43,6
2025-03-03,retail sales report surpasses all forecasts,The Motley Fool,Government Policy Announcement,Euro Stoxx 50,-0.62,431.3,negative,Materials,High,Tata Motors,https://www.wsj.com/japan/economic-data-release,retail sales report surpasses all forecasts,0,0,0,-0.62,431.3,43,6
2025-02-21,bond yields tumble as investors seek safe havens,Economic Times,Unemployment Rate Announcement,Russell 2000,3.44,96.22,negative,Technology,Low,ExxonMobil,https://www.moneycontrol.com/us-markets/dow-jones-industrial,bond yields tumble as investors seek safe havens,0,1,-1,3.44,96.22,48,8
2025-04-30,market sentiment turns positive on vaccine trial results,Mint,Government Policy Announcement,Russell 2000,-1.76,484.34,negative,Pharmaceuticals,Medium,Samsung Electronics,https://timesofindia.indiatimes.com/business/corporate-governance,market sentiment turns positive on vaccine trial results,1,0,1,-1.76,484.34,56,8
2025-03-04,e-commerce earnings report beats all analyst expectations,Business Standard,Inflation Data Release,Shanghai Composite,1.15,77.29,positive,Industrials,High,Goldman Sachs,https://www.bloomberg.com/asia/telecommunications-news,e-commerce earnings report beats all analyst expectations,1,0,1,1.15,77.29,57,7
2025-08-14,gold prices surge as investors flee riskier assets,The Hindu Business Line,Consumer Confidence Report,KOSPI,3.21,457.02,negative,Automotive,Medium,Tata Motors,https://www.business-standard.com/economy/trade-disputes-impact,gold prices surge as investors flee riskier assets,1,0,1,3.21,457.02,50,8
2025-03-06,asx 200 gains on strong export performance,Investopedia,Central Bank Meeting,S&P/TSX Composite,4.81,470.72,negative,Aerospace & Defense,Medium,Goldman Sachs,https://www.marketwatch.com/story/consumer-goods-report,asx 200 gains on strong export performance,2,0,2,4.81,470.72,42,7
2025-08-04,market braces for a major policy announcement from the eu,Wall Street Journal,Market Rally,Dow Jones,0.99,205.59,negative,Construction,Low,Microsoft,https://economictimes.indiatimes.com/stocks/bse-sensex-plunges,market braces for a major policy announcement from the eu,0,0,0,0.99,205.59,57,10
2025-02-10,major oil spill sends energy stocks plummeting,Economic Times,Market Rally,KOSPI,-2.7,136.26,positive,Agriculture,Medium,Goldman Sachs,https://economictimes.indiatimes.com/news/economy/unemployment-rate,major oil spill sends energy stocks plummeting,0,0,0,-2.7,136.26,46,7
2025-04-07,central bank maintains status quo on interest rates,Times of India,Central Bank Meeting,Hang Seng,0.15,147.45,positive,Transportation,Low,Goldman Sachs,https://www.bloomberg.com/asia/policy/central-bank-meeting,central bank maintains status quo on interest rates,0,0,0,0.15,147.45,51,8
2025-02-15,record-high inflation data rattles investors,Business Standard,Bond Market Fluctuation,IBOVESPA,4.75,473.72,negative,Technology,Medium,Apple Inc.,https://www.wsj.com/china/market-regulation,record-high inflation data rattles investors,1,0,1,4.75,473.72,44,5
2025-04-10,major oil spill sends energy stocks plummeting,The Motley Fool,Economic Data Release,Euro Stoxx 50,0.49,68.44,positive,Materials,Medium,Tesla,https://www.business-standard.com/economy/trade-disputes-impact,major oil spill sends energy stocks plummeting,0,0,0,0.49,68.44,46,7
2025-03-23,tech giant s new product launch sparks sector-wide gains,Barron's,Bond Market Fluctuation,KOSPI,0.56,114.54,negative,Transportation,Medium,ExxonMobil,https://www.theeconomist.com/world/government-policy-announcement,tech giant s new product launch sparks sector-wide gains,1,0,1,0.56,114.54,56,9
2025-05-07,asx 200 gains on strong export performance,Financial Times,Central Bank Meeting,KOSPI,0.72,101.51,negative,Automotive,High,Goldman Sachs,https://www.cnbc.com/2025/12/healthcare-sector-outlook,asx 200 gains on strong export performance,2,0,2,0.72,101.51,42,7
2025-02-09,supply chain issues impact manufacturing sector earnings,Times of India,Trade Tariffs Announcement,IBOVESPA,-3.85,48.09,positive,Transportation,Low,Reliance Industries,https://www.bloomberg.com/canada/tsunami-warnings,supply chain issues impact manufacturing sector earnings,0,0,0,-3.85,48.09,56,7
2025-05-30,utilities sector remains stable during market fluctuations,Reuters,Central Bank Meeting,Shanghai Composite,-0.07,29.33,negative,Healthcare,High,Apple Inc.,https://www.business-standard.com/economy/trade-disputes-impact,utilities sector remains stable during market fluctuations,0,0,0,-0.07,29.33,58,7
2025-03-01,government spending bill is expected to stimulate the economy,Yahoo Finance,Economic Data Release,Nasdaq Composite,3.88,184.99,positive,Aerospace & Defense,Medium,Tata Motors,https://www.marketwatch.com/story/consumer-goods-report,government spending bill is expected to stimulate the economy,0,0,0,3.88,184.99,61,9
2025-03-29,real estate sector shows signs of overheating as interest rates fall,Economic Times,Bond Market Fluctuation,TSX,3.3,228.75,positive,Energy,Low,Reliance Industries,https://www.forbes.com/crypto/cryptocurrency-regulation,real estate sector shows signs of overheating as interest rates fall,0,1,-1,3.3,228.75,68,11
2025-07-27,supply chain issues impact manufacturing sector earnings,CNBC,Commodity Price Shock,Nikkei 225,-3.47,420.36,negative,Real Estate,Low,Tesla,https://www.business-standard.com/economy/economic-stimulus,supply chain issues impact manufacturing sector earnings,0,0,0,-3.47,420.36,56,7
2025-03-14,energy company s dividend hike excites shareholders,Forbes,Cryptocurrency Regulation,S&P 500,4.51,325.76,negative,Automotive,Medium,Boeing,https://www.cnbc.com/2025/08/russia-ukraine-war-economic-impact,energy company s dividend hike excites shareholders,0,0,0,4.51,325.76,51,7
2025-03-12,retail sales report surpasses all forecasts,The Hindu Business Line,Stock Market Crash,IBOVESPA,0.9,425.69,negative,Construction,Medium,Reliance Industries,https://www.bloomberg.com/asia/policy/central-bank-meeting,retail sales report surpasses all forecasts,0,0,0,0.9,425.69,43,6
2025-03-01,government spending bill is expected to stimulate the economy,Times of India,Consumer Confidence Report,Nasdaq Composite,-1.99,119.81,negative,Transportation,Low,Goldman Sachs,https://www.business-standard.com/international-business/trade-policy,government spending bill is expected to stimulate the economy,0,0,0,-1.99,119.81,61,9
2025-08-01,geopolitical ceasefire prompts a broad market recovery,Mint,Trade Tariffs Announcement,Euro Stoxx 50,-1.53,103.98,positive,Construction,Medium,Boeing,https://economictimes.indiatimes.com/news/economy/unemployment-rate,geopolitical ceasefire prompts a broad market recovery,1,0,1,-1.53,103.98,54,7
2025-05-07,new housing data release shows a slowdown in market activity,Barron's,Government Policy Announcement,S&P 500,-2.32,34.0,negative,Consumer Goods,Low,Reliance Industries,https://www.ft.com/content/currency-devaluation,new housing data release shows a slowdown in market activity,0,1,-1,-2.32,34.0,60,10
2025-05-01,new ipo for a popular software firm is oversubscribed,Times of India,Market Rally,NSE Nifty,-1.98,454.31,negative,Automotive,Medium,Boeing,https://timesofindia.indiatimes.com/business/markets/stock-market-crash,new ipo for a popular software firm is oversubscribed,0,0,0,-1.98,454.31,53,9
2025-06-10,retail sales report surpasses all forecasts,Wall Street Journal,Government Policy Announcement,Euro Stoxx 50,-0.58,282.54,positive,Real Estate,Low,Boeing,https://www.moneycontrol.com/us-markets/nasdaq-composite,retail sales report surpasses all forecasts,0,0,0,-0.58,282.54,43,6
2025-03-21,supply chain issues impact manufacturing sector earnings,Barron's,Stock Market Crash,Dow Jones,3.79,236.72,negative,Media & Entertainment,Medium,Samsung Electronics,https://www.reuters.com/markets/indices/ftse-100,supply chain issues impact manufacturing sector earnings,0,0,0,3.79,236.72,56,7
2025-05-24,central bank s dovish tone hints at future rate cuts,MarketWatch,Commodity Price Shock,Shanghai Composite,,450.77,positive,Pharmaceuticals,Medium,ExxonMobil,https://www.ft.com/content/tech-sector-innovation,central bank s dovish tone hints at future rate cuts,0,0,0,,450.77,52,10
2025-04-03,utilities sector remains stable during market fluctuations,Mint,Government Policy Announcement,FTSE 100,-0.08,202.7,negative,Industrials,Medium,Tata Motors,https://www.bloomberg.com/australia/asx-200-performance,utilities sector remains stable during market fluctuations,0,0,0,-0.08,202.7,58,7
2025-06-11,retail sales report surpasses all forecasts,Reuters,Regulatory Changes,FTSE 100,-1.92,449.99,negative,Healthcare,Low,JP Morgan Chase,https://www.reuters.com/markets/indices/ftse-100,retail sales report surpasses all forecasts,0,0,0,-1.92,449.99,43,6
2025-03-17,manufacturing pmi data signals economic expansion,CNBC,Economic Data Release,Euro Stoxx 50,-0.21,257.57,positive,Transportation,High,Tata Motors,https://economictimes.indiatimes.com/news/transportation,manufacturing pmi data signals economic expansion,0,0,0,-0.21,257.57,49,6
2025-03-11,supply chain issues impact manufacturing sector earnings,The Hindu Business Line,Market Rally,BSE Sensex,3.57,183.8,positive,Materials,Low,Goldman Sachs,https://economictimes.indiatimes.com/news/transportation,supply chain issues impact manufacturing sector earnings,0,0,0,3.57,183.8,56,7
2025-04-20,unexpected rise in unemployment fuels market pessimism,The Economist,Economic Data Release,KOSPI,0.42,179.35,negative,Telecommunications,High,Samsung Electronics,https://timesofindia.indiatimes.com/business/corporate-governance,unexpected rise in unemployment fuels market pessimism,1,0,1,0.42,179.35,54,7
2025-04-27,bond yields tumble as investors seek safe havens,Seeking Alpha,Cryptocurrency Regulation,Euro Stoxx 50,2.7,452.85,negative,Energy,Low,ExxonMobil,https://www.bloomberg.com/asia/telecommunications-news,bond yields tumble as investors seek safe havens,0,1,-1,2.7,452.85,48,8
2025-02-19,a massive data breach sends a tech company s stock tumbling,Business Standard,Trade Tariffs Announcement,KOSPI,-4.6,441.35,negative,Real Estate,High,Apple Inc.,https://www.moneycontrol.com/us-markets/nasdaq-composite,a massive data breach sends a tech company s stock tumbling,0,1,-1,-4.6,441.35,59,11
2025-04-10,financial services stocks rally on strong profit margins,Bloomberg,Central Bank Meeting,S&P 500,2.45,434.21,positive,Pharmaceuticals,Low,Reliance Industries,https://timesofindia.indiatimes.com/business/agriculture-sector,financial services stocks rally on strong profit margins,3,0,3,2.45,434.21,56,8
2025-04-08,asx 200 gains on strong export performance,The Economist,IPO Launch,Euro Stoxx 50,-1.74,324.11,positive,Technology,Low,Samsung Electronics,https://www.moneycontrol.com/us-markets/nasdaq-composite,asx 200 gains on strong export performance,2,0,2,-1.74,324.11,42,7
2025-05-24,media and entertainment companies report a surge in streaming revenue,The Hindu Business Line,Market Rally,FTSE 100,1.84,449.25,negative,Retail,High,Boeing,https://www.business-standard.com/economy/economic-stimulus,media and entertainment companies report a surge in streaming revenue,1,0,1,1.84,449.25,69,10
2025-02-06,real estate sector shows signs of overheating as interest rates fall,The Economist,Unemployment Rate Announcement,FTSE 100,-1.18,2.54,negative,Healthcare,High,JP Morgan Chase,https://economictimes.indiatimes.com/stocks/bse-sensex-plunges,real estate sector shows signs of overheating as interest rates fall,0,1,-1,-1.18,2.54,68,11
2025-03-24,dow jones plunges as market fears recession,Forbes,Currency Devaluation,Nikkei 225,-4.36,306.92,negative,Healthcare,High,Tata Motors,https://www.moneycontrol.com/us-markets/sp-500,dow jones plunges as market fears recession,0,2,-2,-4.36,306.92,43,7
2025-06-26,dow jones plunges as market fears recession,Barron's,Economic Data Release,Dow Jones,4.35,234.74,negative,Industrials,Low,Boeing,https://www.business-standard.com/international-business/trade-policy,dow jones plunges as market fears recession,0,2,-2,4.35,234.74,43,7
2025-06-24,nikkei 225 index benefits from a weaker yen,MarketWatch,Interest Rate Change,TSX,-2.9,498.54,negative,Pharmaceuticals,Medium,Tesla,https://www.cnbc.com/2025/09/automotive-industry-trends,nikkei 225 index benefits from a weaker yen,0,1,-1,-2.9,498.54,43,8
2025-06-11,new regulations on cryptocurrencies cause a market dip,Seeking Alpha,Government Policy Announcement,DAX,,369.4,positive,Agriculture,High,Samsung Electronics,https://www.reuters.com/business/energy/oil-market-update,new regulations on cryptocurrencies cause a market dip,0,1,-1,,369.4,54,8
2025-07-02,asx 200 gains on strong export performance,Seeking Alpha,Inflation Data Release,Russell 2000,-3.81,367.06,positive,Finance,Low,Samsung Electronics,,asx 200 gains on strong export performance,2,0,2,-3.81,367.06,42,7
2025-07-03,tech giant s new product launch sparks sector-wide gains,Mint,Stock Market Crash,KOSPI,-3.86,50.82,positive,Transportation,Low,ExxonMobil,https://www.reuters.com/markets/stocks/tech-rally,tech giant s new product launch sparks sector-wide gains,1,0,1,-3.86,50.82,56,9
2025-05-31,semiconductor shortages weigh heavily on tech sector profits,Reuters,Government Policy Announcement,S&P 500,1.86,202.71,positive,Construction,Medium,Apple Inc.,https://economictimes.indiatimes.com/industry/industrials,semiconductor shortages weigh heavily on tech sector profits,1,0,1,1.86,202.71,60,8
2025-02-15,e-commerce earnings report beats all analyst expectations,Bloomberg,Stock Market Crash,Russell 2000,-0.35,455.71,negative,Pharmaceuticals,Medium,ExxonMobil,https://www.cnbc.com/2025/09/automotive-industry-trends,e-commerce earnings report beats all analyst expectations,1,0,1,-0.35,455.71,57,7
2025-04-13,automotive industry faces headwinds from rising material costs,CNBC,Inflation Data Release,Nikkei 225,-4.7,478.8,negative,Retail,Low,Apple Inc.,https://www.moneycontrol.com/us-markets/dow-jones-industrial,automotive industry faces headwinds from rising material costs,0,1,-1,-4.7,478.8,62,8
2025-05-28,geopolitical ceasefire prompts a broad market recovery,The Hindu Business Line,Bond Market Fluctuation,Russell 2000,2.89,146.48,positive,Media & Entertainment,Low,Microsoft,,geopolitical ceasefire prompts a broad market recovery,1,0,1,2.89,146.48,54,7
2025-03-05,government policy shift boosts renewable energy sector,Barron's,Commodity Price Shock,Hang Seng,,180.27,positive,Finance,Low,Boeing,https://www.ft.com/content/media-entertainment-merger,government policy shift boosts renewable energy sector,1,0,1,,180.27,54,7
2025-04-13,media and entertainment companies report a surge in streaming revenue,Forbes,Cryptocurrency Regulation,KOSPI,-4.03,252.5,positive,Retail,Low,JP Morgan Chase,https://www.ft.com/content/consumer-confidence-report,media and entertainment companies report a surge in streaming revenue,1,0,1,-4.03,252.5,69,10
2025-02-08,a massive data breach sends a tech company s stock tumbling,The Motley Fool,Economic Data Release,S&P/TSX Composite,-1.49,45.37,positive,Energy,High,JP Morgan Chase,https://www.reuters.com/markets/stocks/tech-rally,a massive data breach sends a tech company s stock tumbling,0,1,-1,-1.49,45.37,59,11
2025-08-04,government subsidy program gives a lift to the agriculture sector,Financial Times,Major Merger/Acquisition,DAX,-2.25,345.01,negative,Agriculture,Medium,Microsoft,https://www.wsj.com/china/market-rally,government subsidy program gives a lift to the agriculture sector,0,0,0,-2.25,345.01,65,10
2025-08-06,gold prices surge as investors flee riskier assets,The Motley Fool,Interest Rate Change,S&P 500,3.43,141.98,positive,Aerospace & Defense,Low,Boeing,,gold prices surge as investors flee riskier assets,1,0,1,3.43,141.98,50,8
2025-06-24,china s shanghai composite falls after new trade restrictions,Investopedia,Supply Chain Disruption,Euro Stoxx 50,-1.64,123.41,positive,Media & Entertainment,High,Boeing,https://www.theeconomist.com/world/government-policy-announcement,china s shanghai composite falls after new trade restrictions,0,1,-1,-1.64,123.41,61,9
2025-05-09,pharmaceutical company s drug approval drives stock upward,The Economist,Consumer Confidence Report,Hang Seng,3.17,109.09,positive,Transportation,High,Microsoft,https://www.reuters.com/markets/stocks/tech-rally,pharmaceutical company s drug approval drives stock upward,1,0,1,3.17,109.09,58,8
2025-07-03,financial sector bracing for new capital requirements,Bloomberg,Bond Market Fluctuation,Euro Stoxx 50,-1.83,487.1,negative,Materials,Medium,Microsoft,https://www.forbes.com/finance/geopolitical-event-impact,financial sector bracing for new capital requirements,0,0,0,-1.83,487.1,53,7
2025-03-18,financial services stocks rally on strong profit margins,Investopedia,Market Rally,Hang Seng,-3.3,372.35,negative,Energy,High,ExxonMobil,https://www.marketwatch.com/story/commodities-price-shock,financial services stocks rally on strong profit margins,3,0,3,-3.3,372.35,56,8
2025-03-08,manufacturing pmi data signals economic expansion,Times of India,Trade Tariffs Announcement,Shanghai Composite,-0.2,220.75,negative,Technology,Low,Tata Motors,https://www.theeconomist.com/finance-and-economics/trade-tariffs,manufacturing pmi data signals economic expansion,0,0,0,-0.2,220.75,49,6
2025-08-05,record-high inflation data rattles investors,Barron's,Commodity Price Shock,S&P 500,-4.09,120.15,negative,Retail,Medium,Microsoft,https://www.investopedia.com/articles/supply-chain-disruption,record-high inflation data rattles investors,1,0,1,-4.09,120.15,44,5
2025-03-01,financial sector bracing for new capital requirements,Mint,Currency Devaluation,Euro Stoxx 50,-0.88,326.13,positive,Consumer Goods,High,Apple Inc.,https://www.bloomberg.com/australia/asx-200-performance,financial sector bracing for new capital requirements,0,0,0,-0.88,326.13,53,7
2025-05-26,real estate sector shows signs of overheating as interest rates fall,CNBC,Regulatory Changes,BSE Sensex,0.19,215.97,positive,Agriculture,Medium,Tata Motors,https://www.theeconomist.com/world/government-policy-announcement,real estate sector shows signs of overheating as interest rates fall,0,1,-1,0.19,215.97,68,11
2025-06-21,e-commerce earnings report beats all analyst expectations,Financial Times,Currency Devaluation,BSE Sensex,3.27,190.83,positive,Retail,High,Samsung Electronics,https://www.wsj.com/japan/economic-data-release,e-commerce earnings report beats all analyst expectations,1,0,1,3.27,190.83,57,7
2025-08-04,market sentiment turns positive on vaccine trial results,CNBC,Corporate Earnings Report,Shanghai Composite,-2.64,458.57,negative,Media & Entertainment,Medium,Tesla,https://www.cnbc.com/2025/08/russia-ukraine-war-economic-impact,market sentiment turns positive on vaccine trial results,1,0,1,-2.64,458.57,56,8
2025-06-20,dow jones plunges as market fears recession,Times of India,Bond Market Fluctuation,ASX 200,2.52,201.86,negative,Technology,Medium,JP Morgan Chase,https://timesofindia.indiatimes.com/business/markets/stock-market-crash,dow jones plunges as market fears recession,0,2,-2,2.52,201.86,43,7
2025-02-16,healthcare stocks gain on robust demand and strong outlook,Yahoo Finance,Geopolitical Event,Nasdaq Composite,-1.51,56.18,negative,Healthcare,High,Boeing,https://www.business-standard.com/economy/inflation-data,healthcare stocks gain on robust demand and strong outlook,2,0,2,-1.51,56.18,58,9
2025-05-23,central bank maintains status quo on interest rates,Economic Times,Trade Tariffs Announcement,Dow Jones,0.79,423.64,positive,Transportation,Medium,Microsoft,https://www.ft.com/content/consumer-confidence-report,central bank maintains status quo on interest rates,0,0,0,0.79,423.64,51,8
2025-03-24,media and entertainment companies report a surge in streaming revenue,CNBC,Geopolitical Event,CAC 40,1.15,214.93,negative,Finance,High,JP Morgan Chase,https://www.wsj.com/europe/regulatory-changes,media and entertainment companies report a surge in streaming revenue,1,0,1,1.15,214.93,69,10
2025-04-27,government subsidy program gives a lift to the agriculture sector,The Economist,Central Bank Meeting,KOSPI,-2.58,70.41,negative,Aerospace & Defense,Low,Tata Motors,https://www.moneycontrol.com/us-markets/dow-jones-industrial,government subsidy program gives a lift to the agriculture sector,0,0,0,-2.58,70.41,65,10
2025-07-26,banking stocks dip after a major scandal is revealed,Seeking Alpha,Trade Tariffs Announcement,CAC 40,-2.35,206.25,positive,Utilities,High,Apple Inc.,https://www.bloomberg.com/canada/tsunami-warnings,banking stocks dip after a major scandal is revealed,0,2,-2,-2.35,206.25,52,9
2025-07-17,tech giant s new product launch sparks sector-wide gains,Business Standard,Major Merger/Acquisition,FTSE 100,-4.04,433.99,positive,Transportation,High,Tata Motors,https://www.wsj.com/japan/economic-data-release,tech giant s new product launch sparks sector-wide gains,1,0,1,-4.04,433.99,56,9
2025-02-22,major technology firm acquires a smaller rival in a multi-billion dollar deal,CNBC,IPO Launch,Dow Jones,1.76,421.83,positive,Finance,High,Samsung Electronics,https://www.moneycontrol.com/us-markets/nasdaq-composite,major technology firm acquires a smaller rival in a multi-billion dollar deal,0,0,0,1.76,421.83,77,12
2025-04-28,central bank maintains status quo on interest rates,Seeking Alpha,Trade Tariffs Announcement,ASX 200,1.37,172.41,positive,Real Estate,Low,Tata Motors,https://www.business-standard.com/finance/corporate-earnings,central bank maintains status quo on interest rates,0,0,0,1.37,172.41,51,8
2025-05-02,financial services stocks rally on strong profit margins,Investopedia,Cryptocurrency Regulation,Hang Seng,-4.03,349.01,negative,Materials,High,Microsoft,https://www.cnbc.com/2025/11/major-merger-deal-approved,financial services stocks rally on strong profit margins,3,0,3,-4.03,349.01,56,8
2025-04-30,market sentiment turns positive on vaccine trial results,MarketWatch,Geopolitical Event,BSE Sensex,-0.7,75.6,positive,Retail,Medium,Reliance Industries,https://www.wsj.com/china/market-regulation,market sentiment turns positive on vaccine trial results,1,0,1,-0.7,75.6,56,8
2025-06-14,utilities sector remains stable during market fluctuations,CNBC,Currency Devaluation,Euro Stoxx 50,3.47,498.34,negative,Agriculture,Medium,Goldman Sachs,https://www.ft.com/content/geopolitical-summit,utilities sector remains stable during market fluctuations,0,0,0,3.47,498.34,58,7
2025-03-25,nikkei 225 index benefits from a weaker yen,Forbes,Major Merger/Acquisition,FTSE 100,0.66,457.49,negative,Energy,Low,JP Morgan Chase,https://timesofindia.indiatimes.com/business/agriculture-sector,nikkei 225 index benefits from a weaker yen,0,1,-1,0.66,457.49,43,8
2025-04-26,central bank s dovish tone hints at future rate cuts,Mint,Supply Chain Disruption,Euro Stoxx 50,-1.68,108.66,negative,Retail,Medium,Boeing,https://www.investopedia.com/articles/government-policy-announcement,central bank s dovish tone hints at future rate cuts,0,0,0,-1.68,108.66,52,10
2025-05-22,government spending bill is expected to stimulate the economy,The Economist,Market Rally,Shanghai Composite,4.02,152.28,negative,Telecommunications,Low,Samsung Electronics,https://www.reuters.com/markets/indices/ftse-100,government spending bill is expected to stimulate the economy,0,0,0,4.02,152.28,61,9
2025-04-09,major oil spill sends energy stocks plummeting,The Economist,IPO Launch,KOSPI,-1.24,383.73,positive,Construction,High,Tesla,https://timesofindia.indiatimes.com/business/finance/banking-sector-news,major oil spill sends energy stocks plummeting,0,0,0,-1.24,383.73,46,7
2025-02-05,market sentiment turns positive on vaccine trial results,The Economist,Unemployment Rate Announcement,IBOVESPA,-4.75,499.28,positive,Energy,Medium,Samsung Electronics,https://www.investopedia.com/articles/government-policy-announcement,market sentiment turns positive on vaccine trial results,1,0,1,-4.75,499.28,56,8
2025-04-11,e-commerce earnings report beats all analyst expectations,Times of India,Government Policy Announcement,KOSPI,3.06,273.91,positive,Media & Entertainment,Medium,Tata Motors,https://www.bloomberg.com/asia/policy/central-bank-meeting,e-commerce earnings report beats all analyst expectations,1,0,1,3.06,273.91,57,7
2025-06-19,automotive industry faces headwinds from rising material costs,Bloomberg,Major Merger/Acquisition,IBOVESPA,2.87,171.81,negative,Materials,Low,Tesla,https://www.business-standard.com/economy/inflation-data,automotive industry faces headwinds from rising material costs,0,1,-1,2.87,171.81,62,8
2025-03-10,crude oil prices drop to a multi-year low,The Motley Fool,Commodity Price Shock,FTSE 100,-4.39,441.23,negative,Utilities,High,Goldman Sachs,https://www.bloomberg.com/canada/tsunami-warnings,crude oil prices drop to a multi-year low,0,1,-1,-4.39,441.23,41,8
2025-07-17,government policy shift boosts renewable energy sector,Yahoo Finance,Corporate Earnings Report,NSE Nifty,0.4,428.68,negative,Technology,High,Reliance Industries,https://www.marketwatch.com/story/commodities-price-shock,government policy shift boosts renewable energy sector,1,0,1,0.4,428.68,54,7
2025-05-15,geopolitical ceasefire prompts a broad market recovery,Barron's,Cryptocurrency Regulation,Dow Jones,-3.03,339.9,negative,Agriculture,Low,Samsung Electronics,https://www.moneycontrol.com/us-markets/nasdaq-composite,geopolitical ceasefire prompts a broad market recovery,1,0,1,-3.03,339.9,54,7
2025-07-11,government spending bill is expected to stimulate the economy,Reuters,Economic Data Release,DAX,-2.69,11.32,positive,Healthcare,High,ExxonMobil,https://timesofindia.indiatimes.com/business/markets/stock-market-crash,government spending bill is expected to stimulate the economy,0,0,0,-2.69,11.32,61,9
2025-04-26,real estate sector shows signs of overheating as interest rates fall,CNBC,Economic Data Release,TSX,2.31,21.81,negative,Finance,High,Tata Motors,https://www.forbes.com/crypto/cryptocurrency-regulation,real estate sector shows signs of overheating as interest rates fall,0,1,-1,2.31,21.81,68,11
2025-04-24,"global trade talks collapse, causing market turmoil",MarketWatch,Major Merger/Acquisition,S&P 500,-3.08,126.72,negative,Real Estate,High,Boeing,https://www.investopedia.com/articles/supply-chain-disruption,global trade talks collapse causing market turmoil,0,1,-1,-3.08,126.72,50,7
2025-08-10,geopolitical ceasefire prompts a broad market recovery,Economic Times,Corporate Earnings Report,ASX 200,2.34,135.48,negative,Utilities,Low,ExxonMobil,https://www.forbes.com/crypto/cryptocurrency-regulation,geopolitical ceasefire prompts a broad market recovery,1,0,1,2.34,135.48,54,7
2025-05-27,central bank maintains status quo on interest rates,Reuters,Bond Market Fluctuation,Euro Stoxx 50,,415.48,negative,Technology,High,Microsoft,https://www.cnbc.com/2025/12/healthcare-sector-outlook,central bank maintains status quo on interest rates,0,0,0,,415.48,51,8
2025-07-24,government policy shift boosts renewable energy sector,Mint,Regulatory Changes,Nikkei 225,1.08,402.26,positive,Transportation,Low,JP Morgan Chase,https://www.reuters.com/business/energy/oil-market-update,government policy shift boosts renewable energy sector,1,0,1,1.08,402.26,54,7
2025-02-23,manufacturing pmi data signals economic expansion,Yahoo Finance,Central Bank Meeting,IBOVESPA,-3.95,498.21,positive,Utilities,High,Goldman Sachs,https://www.bloomberg.com/asia/policy/central-bank-meeting,manufacturing pmi data signals economic expansion,0,0,0,-3.95,498.21,49,6
2025-04-17,automotive industry faces headwinds from rising material costs,Barron's,Currency Devaluation,Russell 2000,-4.68,149.6,positive,Pharmaceuticals,High,Tata Motors,https://www.reuters.com/business/energy/oil-market-update,automotive industry faces headwinds from rising material costs,0,1,-1,-4.68,149.6,62,8
2025-03-08,nikkei 225 index benefits from a weaker yen,The Hindu Business Line,Government Policy Announcement,Nasdaq Composite,0.42,417.56,positive,Agriculture,Low,Boeing,https://economictimes.indiatimes.com/industry/industrials,nikkei 225 index benefits from a weaker yen,0,1,-1,0.42,417.56,43,8
2025-03-27,new housing data release shows a slowdown in market activity,Yahoo Finance,Consumer Confidence Report,KOSPI,-3.83,352.65,negative,Pharmaceuticals,Medium,Samsung Electronics,https://www.moneycontrol.com/india/ipo-news/new-firm-launches,new housing data release shows a slowdown in market activity,0,1,-1,-3.83,352.65,60,10
2025-07-13,consumer discretionary stocks outperform as spending increases,Wall Street Journal,Consumer Confidence Report,S&P 500,-4.43,164.73,negative,Materials,High,Microsoft,https://timesofindia.indiatimes.com/business/corporate-governance,consumer discretionary stocks outperform as spending increases,2,0,2,-4.43,164.73,62,7
2025-04-09,major oil spill sends energy stocks plummeting,Wall Street Journal,Corporate Earnings Report,Euro Stoxx 50,-4.65,413.34,positive,Retail,High,Tata Motors,,major oil spill sends energy stocks plummeting,0,0,0,-4.65,413.34,46,7
2025-04-27,a massive data breach sends a tech company s stock tumbling,Seeking Alpha,Major Merger/Acquisition,TSX,-0.05,481.3,positive,Construction,Low,Apple Inc.,https://timesofindia.indiatimes.com/business/agriculture-sector,a massive data breach sends a tech company s stock tumbling,0,1,-1,-0.05,481.3,59,11
2025-04-06,market sentiment turns positive on vaccine trial results,Business Standard,Bond Market Fluctuation,Nasdaq Composite,-3.66,443.53,positive,Pharmaceuticals,Medium,Reliance Industries,https://economictimes.indiatimes.com/industry/industrials,market sentiment turns positive on vaccine trial results,1,0,1,-3.66,443.53,56,8
2025-06-03,major technology firm acquires a smaller rival in a multi-billion dollar deal,Bloomberg,Trade Tariffs Announcement,TSX,0.02,235.84,negative,Healthcare,Low,Apple Inc.,https://www.reuters.com/business/energy/oil-market-update,major technology firm acquires a smaller rival in a multi-billion dollar deal,0,0,0,0.02,235.84,77,12
2025-04-24,media and entertainment companies report a surge in streaming revenue,Seeking Alpha,Supply Chain Disruption,Nasdaq Composite,4.93,331.63,negative,Healthcare,High,JP Morgan Chase,https://www.reuters.com/markets/stocks/tech-rally,media and entertainment companies report a surge in streaming revenue,1,0,1,4.93,331.63,69,10
2025-05-18,market braces for a major policy announcement from the eu,Yahoo Finance,Stock Market Crash,TSX,-0.73,370.3,negative,Automotive,Low,Boeing,,market braces for a major policy announcement from the eu,0,0,0,-0.73,370.3,57,10
2025-04-14,tech giant s new product launch sparks sector-wide gains,Business Standard,Government Policy Announcement,IBOVESPA,4.69,80.84,positive,Transportation,Low,Boeing,https://economictimes.indiatimes.com/news/transportation,tech giant s new product launch sparks sector-wide gains,1,0,1,4.69,80.84,56,9
2025-05-16,healthcare stocks gain on robust demand and strong outlook,Forbes,Bond Market Fluctuation,S&P/TSX Composite,-2.16,416.62,positive,Industrials,Medium,Apple Inc.,https://timesofindia.indiatimes.com/business/markets/stock-market-crash,healthcare stocks gain on robust demand and strong outlook,2,0,2,-2.16,416.62,58,9
2025-08-01,uk s ftse 100 sees a boost from favorable trade data,Bloomberg,Major Merger/Acquisition,S&P 500,-4.97,136.67,positive,Materials,Low,JP Morgan Chase,,uk s ftse 100 sees a boost from favorable trade data,2,0,2,-4.97,136.67,52,11
2025-03-05,market sentiment turns positive on vaccine trial results,The Motley Fool,Geopolitical Event,KOSPI,-4.92,56.85,negative,Aerospace & Defense,Low,Goldman Sachs,https://www.ft.com/content/currency-devaluation,market sentiment turns positive on vaccine trial results,1,0,1,-4.92,56.85,56,8
2025-08-12,"global trade talks collapse, causing market turmoil",Barron's,Economic Data Release,IBOVESPA,0.74,159.86,negative,Industrials,High,ExxonMobil,https://www.business-standard.com/economy/trade-disputes-impact,global trade talks collapse causing market turmoil,0,1,-1,0.74,159.86,50,7
2025-05-21,nikkei 225 index benefits from a weaker yen,Mint,Government Policy Announcement,Euro Stoxx 50,-3.33,92.82,positive,Industrials,High,Reliance Industries,https://www.cnbc.com/2025/09/automotive-industry-trends,nikkei 225 index benefits from a weaker yen,0,1,-1,-3.33,92.82,43,8
2025-05-27,major technology firm acquires a smaller rival in a multi-billion dollar deal,Business Standard,Interest Rate Change,TSX,-3.16,291.14,positive,Real Estate,Medium,JP Morgan Chase,https://www.moneycontrol.com/us-markets/nasdaq-composite,major technology firm acquires a smaller rival in a multi-billion dollar deal,0,0,0,-3.16,291.14,77,12
2025-02-07,consumer confidence index reaches a decade high,Investopedia,IPO Launch,KOSPI,-2.95,326.91,positive,Transportation,Low,ExxonMobil,https://www.investopedia.com/articles/government-policy-announcement,consumer confidence index reaches a decade high,1,0,1,-2.95,326.91,47,7
2025-06-26,new housing data release shows a slowdown in market activity,Seeking Alpha,Trade Tariffs Announcement,TSX,4.64,310.91,positive,Technology,Low,Boeing,https://www.reuters.com/markets/stocks/tech-rally,new housing data release shows a slowdown in market activity,0,1,-1,4.64,310.91,60,10
2025-02-17,real estate sector shows signs of overheating as interest rates fall,Forbes,Government Policy Announcement,Nasdaq Composite,-2.23,314.37,negative,Materials,Low,Microsoft,https://www.ft.com/content/currency-devaluation,real estate sector shows signs of overheating as interest rates fall,0,1,-1,-2.23,314.37,68,11
2025-03-04,central bank governor signals potential shift in policy,Investopedia,Market Rally,Euro Stoxx 50,,192.51,negative,Aerospace & Defense,Low,Samsung Electronics,https://timesofindia.indiatimes.com/business/finance/banking-sector-news,central bank governor signals potential shift in policy,0,0,0,,192.51,55,8
2025-08-04,new housing data release shows a slowdown in market activity,Investopedia,Inflation Data Release,Shanghai Composite,4.56,79.57,negative,Construction,Low,Apple Inc.,https://www.bloomberg.com/canada/tsunami-warnings,new housing data release shows a slowdown in market activity,0,1,-1,4.56,79.57,60,10
2025-06-16,major technology firm acquires a smaller rival in a multi-billion dollar deal,The Economist,Unemployment Rate Announcement,TSX,-0.92,321.02,positive,Technology,Low,Samsung Electronics,https://timesofindia.indiatimes.com/business/agriculture-sector,major technology firm acquires a smaller rival in a multi-billion dollar deal,0,0,0,-0.92,321.02,77,12
2025-05-01,merger talks between two banks fall through,Business Standard,Unemployment Rate Announcement,S&P 500,-4.4,408.78,negative,Transportation,Low,Apple Inc.,https://economictimes.indiatimes.com/stocks/bse-sensex-plunges,merger talks between two banks fall through,0,1,-1,-4.4,408.78,43,7
2025-03-30,new regulations on cryptocurrencies cause a market dip,Wall Street Journal,Stock Market Crash,Shanghai Composite,3.07,289.57,negative,Retail,Low,ExxonMobil,https://www.moneycontrol.com/us-markets/nasdaq-composite,new regulations on cryptocurrencies cause a market dip,0,1,-1,3.07,289.57,54,8
2025-04-11,market sentiment turns positive on vaccine trial results,CNBC,Inflation Data Release,KOSPI,3.49,319.12,positive,Healthcare,High,JP Morgan Chase,https://www.reuters.com/markets/indices/ftse-100,market sentiment turns positive on vaccine trial results,1,0,1,3.49,319.12,56,8
2025-07-31,merger talks between two banks fall through,The Hindu Business Line,Economic Data Release,Nasdaq Composite,-0.46,188.26,positive,Aerospace & Defense,Medium,Reliance Industries,https://www.wsj.com/europe/regulatory-changes,merger talks between two banks fall through,0,1,-1,-0.46,188.26,43,7
2025-03-15,pharmaceutical company s drug approval drives stock upward,Forbes,Stock Market Crash,CAC 40,1.54,63.18,negative,Industrials,Medium,Samsung Electronics,https://www.wsj.com/europe/dax-performance,pharmaceutical company s drug approval drives stock upward,1,0,1,1.54,63.18,58,8
2025-02-28,major oil spill sends energy stocks plummeting,Bloomberg,Corporate Earnings Report,Russell 2000,-3.23,273.89,negative,Real Estate,Medium,Tesla,https://www.ft.com/content/media-entertainment-merger,major oil spill sends energy stocks plummeting,0,0,0,-3.23,273.89,46,7
2025-05-14,quarterly report shows surprising losses for retail giants,Wall Street Journal,Economic Data Release,Euro Stoxx 50,4.88,187.21,negative,Real Estate,Medium,Reliance Industries,https://www.business-standard.com/economy/trade-disputes-impact,quarterly report shows surprising losses for retail giants,0,1,-1,4.88,187.21,58,8
2025-02-01,market sentiment turns positive on vaccine trial results,Reuters,Interest Rate Change,KOSPI,-4.12,420.19,positive,Materials,High,Microsoft,https://www.wsj.com/japan/economic-data-release,market sentiment turns positive on vaccine trial results,1,0,1,-4.12,420.19,56,8
2025-05-16,nikkei 225 index benefits from a weaker yen,Barron's,Trade Tariffs Announcement,BSE Sensex,-0.49,42.05,positive,Industrials,Low,Goldman Sachs,https://www.business-standard.com/economy/economic-stimulus,nikkei 225 index benefits from a weaker yen,0,1,-1,-0.49,42.05,43,8
2025-05-30,crude oil prices drop to a multi-year low,Barron's,Government Policy Announcement,KOSPI,,306.8,positive,Construction,High,Apple Inc.,https://www.wsj.com/europe/dax-performance,crude oil prices drop to a multi-year low,0,1,-1,,306.8,41,8
2025-06-24,crude oil prices drop to a multi-year low,The Economist,Market Rally,BSE Sensex,-1.04,213.23,positive,Media & Entertainment,Low,Apple Inc.,https://economictimes.indiatimes.com/industry/industrials,crude oil prices drop to a multi-year low,0,1,-1,-1.04,213.23,41,8
2025-07-03,merger talks between two banks fall through,Times of India,Corporate Earnings Report,IBOVESPA,2.67,330.54,positive,Construction,High,Tesla,https://economictimes.indiatimes.com/stocks/bse-sensex-plunges,merger talks between two banks fall through,0,1,-1,2.67,330.54,43,7
2025-04-27,financial sector bracing for new capital requirements,Times of India,Trade Tariffs Announcement,CAC 40,3.66,425.01,positive,Consumer Goods,Medium,Apple Inc.,https://www.marketwatch.com/story/commodities-price-shock,financial sector bracing for new capital requirements,0,0,0,3.66,425.01,53,7
2025-05-08,market sentiment turns positive on vaccine trial results,Wall Street Journal,Geopolitical Event,Shanghai Composite,-2.18,445.03,negative,Utilities,Medium,Reliance Industries,https://www.moneycontrol.com/us-markets/nasdaq-composite,market sentiment turns positive on vaccine trial results,1,0,1,-2.18,445.03,56,8
2025-07-17,a massive data breach sends a tech company s stock tumbling,The Motley Fool,Regulatory Changes,Dow Jones,4.95,6.73,negative,Automotive,Medium,Boeing,https://www.reuters.com/business/energy/oil-market-update,a massive data breach sends a tech company s stock tumbling,0,1,-1,4.95,6.73,59,11
2025-04-19,"global trade talks collapse, causing market turmoil",MarketWatch,Currency Devaluation,Russell 2000,3.39,178.29,negative,Retail,High,ExxonMobil,https://economictimes.indiatimes.com/news/economy/unemployment-rate,global trade talks collapse causing market turmoil,0,1,-1,3.39,178.29,50,7
2025-03-18,financial services stocks rally on strong profit margins,Wall Street Journal,Consumer Confidence Report,CAC 40,3.13,373.73,positive,Retail,Low,Samsung Electronics,https://www.wsj.com/europe/dax-performance,financial services stocks rally on strong profit margins,3,0,3,3.13,373.73,56,8
2025-02-19,gold prices surge as investors flee riskier assets,MarketWatch,Commodity Price Shock,Dow Jones,4.22,309.02,positive,Utilities,High,Microsoft,https://www.wsj.com/china/market-rally,gold prices surge as investors flee riskier assets,1,0,1,4.22,309.02,50,8
2025-03-19,government policy shift boosts renewable energy sector,The Hindu Business Line,Interest Rate Change,Nikkei 225,4.53,219.87,positive,Retail,High,Apple Inc.,https://www.bloomberg.com/canada/tsunami-warnings,government policy shift boosts renewable energy sector,1,0,1,4.53,219.87,54,7
2025-07-17,retail sales report surpasses all forecasts,Bloomberg,Supply Chain Disruption,S&P 500,1.01,330.14,positive,Industrials,High,Samsung Electronics,https://www.cnbc.com/2025/08/russia-ukraine-war-economic-impact,retail sales report surpasses all forecasts,0,0,0,1.01,330.14,43,6
2025-07-20,healthcare stocks gain on robust demand and strong outlook,Reuters,Stock Market Crash,Hang Seng,0.13,404.83,negative,Utilities,High,Samsung Electronics,https://www.cnbc.com/2025/08/russia-ukraine-war-economic-impact,healthcare stocks gain on robust demand and strong outlook,2,0,2,0.13,404.83,58,9
2025-03-03,asx 200 gains on strong export performance,Bloomberg,Inflation Data Release,KOSPI,-2.61,317.24,negative,Retail,Low,Samsung Electronics,https://www.business-standard.com/international-business/trade-policy,asx 200 gains on strong export performance,2,0,2,-2.61,317.24,42,7
2025-02-10,major oil spill sends energy stocks plummeting,Economic Times,Market Rally,KOSPI,-2.7,136.26,positive,Agriculture,Medium,Goldman Sachs,https://economictimes.indiatimes.com/news/economy/unemployment-rate,major oil spill sends energy stocks plummeting,0,0,0,-2.7,136.26,46,7
2025-02-26,nikkei 225 index benefits from a weaker yen,CNBC,Bond Market Fluctuation,Shanghai Composite,0.73,65.06,negative,Media & Entertainment,Low,Apple Inc.,https://www.theeconomist.com/world/government-policy-announcement,nikkei 225 index benefits from a weaker yen,0,1,-1,0.73,65.06,43,8
2025-05-15,central bank maintains status quo on interest rates,Investopedia,IPO Launch,TSX,4.47,366.92,negative,Healthcare,Medium,Microsoft,https://www.bloomberg.com/middle-east/news/bond-market-fluctuation,central bank maintains status quo on interest rates,0,0,0,4.47,366.92,51,8
2025-02-27,market braces for a major policy announcement from the eu,MarketWatch,Commodity Price Shock,Nikkei 225,1.16,218.92,positive,Construction,Low,Boeing,https://www.bloomberg.com/canada/tsunami-warnings,market braces for a major policy announcement from the eu,0,0,0,1.16,218.92,57,10
2025-05-05,pharmaceutical company s drug approval drives stock upward,The Hindu Business Line,Commodity Price Shock,CAC 40,3.79,2.28,negative,Pharmaceuticals,Medium,Samsung Electronics,https://www.forbes.com/finance/geopolitical-event-impact,pharmaceutical company s drug approval drives stock upward,1,0,1,3.79,2.28,58,8
2025-03-29,crude oil prices drop to a multi-year low,Financial Times,Stock Market Crash,KOSPI,1.43,117.34,negative,Energy,Low,Reliance Industries,https://www.forbes.com/finance/geopolitical-event-impact,crude oil prices drop to a multi-year low,0,1,-1,1.43,117.34,41,8
2025-02-07,semiconductor shortages weigh heavily on tech sector profits,Financial Times,Stock Market Crash,S&P 500,2.66,46.12,negative,Retail,Medium,Tesla,https://www.bloomberg.com/canada/tsunami-warnings,semiconductor shortages weigh heavily on tech sector profits,1,0,1,2.66,46.12,60,8
2025-08-11,aerospace and defense sector sees rally amid geopolitical tensions,MarketWatch,Geopolitical Event,Nasdaq Composite,-1.44,196.51,positive,Healthcare,High,ExxonMobil,https://www.ft.com/content/consumer-confidence-report,aerospace and defense sector sees rally amid geopolitical tensions,1,0,1,-1.44,196.51,66,9
2025-02-06,crude oil prices drop to a multi-year low,The Economist,Stock Market Crash,Euro Stoxx 50,2.22,36.12,positive,Aerospace & Defense,Medium,Apple Inc.,https://www.reuters.com/business/energy/oil-market-update,crude oil prices drop to a multi-year low,0,1,-1,2.22,36.12,41,8
2025-03-22,tech giant s new product launch sparks sector-wide gains,Reuters,Stock Market Crash,Dow Jones,-4.47,209.32,positive,Utilities,Medium,Tesla,,tech giant s new product launch sparks sector-wide gains,1,0,1,-4.47,209.32,56,9
2025-03-15,record-high inflation data rattles investors,Times of India,Regulatory Changes,Shanghai Composite,-1.58,11.25,negative,Retail,Medium,Boeing,,record-high inflation data rattles investors,1,0,1,-1.58,11.25,44,5
2025-04-02,new regulations on cryptocurrencies cause a market dip,Economic Times,Consumer Confidence Report,S&P 500,-0.22,51.11,positive,Utilities,Medium,Samsung Electronics,https://www.marketwatch.com/story/consumer-goods-report,new regulations on cryptocurrencies cause a market dip,0,1,-1,-0.22,51.11,54,8
2025-02-09,new ipo for a popular software firm is oversubscribed,The Motley Fool,Unemployment Rate Announcement,TSX,,47.34,positive,Technology,Medium,ExxonMobil,https://www.forbes.com/finance/geopolitical-event-impact,new ipo for a popular software firm is oversubscribed,0,0,0,,47.34,53,9
2025-07-05,new regulations on cryptocurrencies cause a market dip,Forbes,Unemployment Rate Announcement,KOSPI,-2.3,338.23,negative,Materials,High,ExxonMobil,https://www.moneycontrol.com/india/ipo-news/new-firm-launches,new regulations on cryptocurrencies cause a market dip,0,1,-1,-2.3,338.23,54,8
2025-07-04,mining company stock surges on commodity price boom,Financial Times,Central Bank Meeting,DAX,3.47,136.35,positive,Agriculture,Medium,Tata Motors,https://www.investopedia.com/articles/government-policy-announcement,mining company stock surges on commodity price boom,1,0,1,3.47,136.35,51,8
2025-08-13,new ipo for a popular software firm is oversubscribed,Forbes,Corporate Earnings Report,Euro Stoxx 50,1.23,91.39,negative,Aerospace & Defense,High,Microsoft,https://www.marketwatch.com/story/commodities-price-shock,new ipo for a popular software firm is oversubscribed,0,0,0,1.23,91.39,53,9
2025-03-12,pharmaceutical company s drug approval drives stock upward,Investopedia,Stock Market Crash,Russell 2000,4.66,415.96,positive,Real Estate,Medium,Tata Motors,,pharmaceutical company s drug approval drives stock upward,1,0,1,4.66,415.96,58,8
2025-02-23,geopolitical ceasefire prompts a broad market recovery,Business Standard,Central Bank Meeting,CAC 40,-1.46,23.68,negative,Consumer Goods,High,JP Morgan Chase,https://www.cnbc.com/2025/09/automotive-industry-trends,geopolitical ceasefire prompts a broad market recovery,1,0,1,-1.46,23.68,54,7
2025-04-13,central bank s dovish tone hints at future rate cuts,Financial Times,Interest Rate Change,Shanghai Composite,-0.26,309.25,positive,Agriculture,Medium,ExxonMobil,https://www.forbes.com/crypto/cryptocurrency-regulation,central bank s dovish tone hints at future rate cuts,0,0,0,-0.26,309.25,52,10
2025-04-07,retail sales report surpasses all forecasts,Reuters,Inflation Data Release,NSE Nifty,3.42,48.36,positive,Automotive,Low,ExxonMobil,https://www.ft.com/content/consumer-confidence-report,retail sales report surpasses all forecasts,0,0,0,3.42,48.36,43,6
2025-03-08,massive stock buyback program announced by a consumer goods company,Business Standard,Major Merger/Acquisition,KOSPI,4.51,97.41,positive,Construction,High,Apple Inc.,https://www.business-standard.com/economy/economic-stimulus,massive stock buyback program announced by a consumer goods company,0,0,0,4.51,97.41,67,10
2025-07-17,federal reserve chairman s speech causes market volatility,Financial Times,Interest Rate Change,S&P 500,-2.94,459.12,positive,Materials,Medium,Reliance Industries,https://www.cnbc.com/2025/09/automotive-industry-trends,federal reserve chairman s speech causes market volatility,0,0,0,-2.94,459.12,58,8
2025-04-07,retail sales report surpasses all forecasts,Reuters,Inflation Data Release,NSE Nifty,3.42,48.36,positive,Automotive,Low,ExxonMobil,https://www.ft.com/content/consumer-confidence-report,retail sales report surpasses all forecasts,0,0,0,3.42,48.36,43,6
2025-03-02,mining company stock surges on commodity price boom,The Economist,Commodity Price Shock,DAX,-0.65,109.32,negative,Construction,High,Tata Motors,https://www.bloomberg.com/asia/telecommunications-news,mining company stock surges on commodity price boom,1,0,1,-0.65,109.32,51,8
2025-05-22,federal reserve chairman s speech causes market volatility,Bloomberg,Cryptocurrency Regulation,Euro Stoxx 50,-0.33,73.57,negative,Healthcare,Low,Tesla,https://www.business-standard.com/economy/economic-stimulus,federal reserve chairman s speech causes market volatility,0,0,0,-0.33,73.57,58,8
2025-06-07,e-commerce earnings report beats all analyst expectations,Barron's,Central Bank Meeting,S&P 500,4.83,390.12,negative,Aerospace & Defense,Low,Tesla,https://www.business-standard.com/economy/economic-stimulus,e-commerce earnings report beats all analyst expectations,1,0,1,4.83,390.12,57,7
2025-07-10,media and entertainment companies report a surge in streaming revenue,Business Standard,Currency Devaluation,Russell 2000,,109.12,negative,Agriculture,Medium,Goldman Sachs,https://www.wsj.com/europe/regulatory-changes,media and entertainment companies report a surge in streaming revenue,1,0,1,,109.12,69,10
2025-07-21,asx 200 gains on strong export performance,The Motley Fool,Supply Chain Disruption,S&P 500,-3.4,106.55,negative,Real Estate,High,Reliance Industries,https://www.marketwatch.com/story/consumer-goods-report,asx 200 gains on strong export performance,2,0,2,-3.4,106.55,42,7
2025-08-06,uk s ftse 100 sees a boost from favorable trade data,Investopedia,Trade Tariffs Announcement,Dow Jones,4.24,100.77,negative,Media & Entertainment,High,JP Morgan Chase,https://www.bloomberg.com/middle-east/news/bond-market-fluctuation,uk s ftse 100 sees a boost from favorable trade data,2,0,2,4.24,100.77,52,11
2025-02-03,consumer discretionary stocks outperform as spending increases,Times of India,Market Rally,Euro Stoxx 50,-0.24,184.97,negative,Pharmaceuticals,High,Reliance Industries,https://www.ft.com/content/geopolitical-summit,consumer discretionary stocks outperform as spending increases,2,0,2,-0.24,184.97,62,7
2025-06-18,bond yields tumble as investors seek safe havens,Economic Times,Inflation Data Release,Euro Stoxx 50,2.56,221.42,positive,Retail,Low,JP Morgan Chase,https://www.reuters.com/business/retail-sector-earnings,bond yields tumble as investors seek safe havens,0,1,-1,2.56,221.42,48,8
2025-08-01,retail sales report surpasses all forecasts,Mint,Bond Market Fluctuation,NSE Nifty,-1.2,467.26,negative,Technology,Medium,Apple Inc.,https://www.bloomberg.com/australia/asx-200-performance,retail sales report surpasses all forecasts,0,0,0,-1.2,467.26,43,6
2025-06-21,real estate sector shows signs of overheating as interest rates fall,The Hindu Business Line,Regulatory Changes,BSE Sensex,1.13,455.28,positive,Automotive,Medium,Tata Motors,https://www.cnbc.com/2025/11/major-merger-deal-approved,real estate sector shows signs of overheating as interest rates fall,0,1,-1,1.13,455.28,68,11
2025-04-24,new ipo for a popular software firm is oversubscribed,Financial Times,Central Bank Meeting,BSE Sensex,4.66,215.03,negative,Aerospace & Defense,High,JP Morgan Chase,https://www.theeconomist.com/world/government-policy-announcement,new ipo for a popular software firm is oversubscribed,0,0,0,4.66,215.03,53,9
2025-02-02,utilities sector remains stable during market fluctuations,Economic Times,Economic Data Release,DAX,4.24,418.66,negative,Energy,High,Tata Motors,https://economictimes.indiatimes.com/stocks/bse-sensex-plunges,utilities sector remains stable during market fluctuations,0,0,0,4.24,418.66,58,7
2025-02-12,nikkei 225 index benefits from a weaker yen,Economic Times,Unemployment Rate Announcement,Hang Seng,-0.9,483.78,negative,Retail,Medium,Reliance Industries,https://www.moneycontrol.com/us-markets/sp-500,nikkei 225 index benefits from a weaker yen,0,1,-1,-0.9,483.78,43,8
2025-07-16,automotive industry faces headwinds from rising material costs,Barron's,Commodity Price Shock,S&P 500,1.88,332.88,positive,Construction,High,ExxonMobil,https://www.cnbc.com/2025/10/real-estate-market-analysis,automotive industry faces headwinds from rising material costs,0,1,-1,1.88,332.88,62,8
2025-02-12,crude oil prices drop to a multi-year low,Times of India,Regulatory Changes,Euro Stoxx 50,3.52,429.81,positive,Media & Entertainment,Medium,Samsung Electronics,https://www.moneycontrol.com/us-markets/sp-500,crude oil prices drop to a multi-year low,0,1,-1,3.52,429.81,41,8
2025-05-16,bond yields tumble as investors seek safe havens,Investopedia,Major Merger/Acquisition,ASX 200,-2.78,148.85,positive,Energy,Medium,Tata Motors,https://www.reuters.com/markets/indices/nikkei-225,bond yields tumble as investors seek safe havens,0,1,-1,-2.78,148.85,48,8
2025-06-25,government policy shift boosts renewable energy sector,MarketWatch,IPO Launch,S&P 500,0.42,273.05,positive,Real Estate,Low,Microsoft,https://www.wsj.com/europe/dax-performance,government policy shift boosts renewable energy sector,1,0,1,0.42,273.05,54,7
2025-06-10,e-commerce earnings report beats all analyst expectations,The Economist,Market Rally,S&P/TSX Composite,-4.97,173.42,negative,Real Estate,Medium,Tesla,https://www.bloomberg.com/asia/telecommunications-news,e-commerce earnings report beats all analyst expectations,1,0,1,-4.97,173.42,57,7
2025-02-26,federal reserve chairman s speech causes market volatility,The Economist,Cryptocurrency Regulation,Nikkei 225,4.26,45.94,positive,Energy,Medium,Boeing,https://www.wsj.com/europe/dax-performance,federal reserve chairman s speech causes market volatility,0,0,0,4.26,45.94,58,8
2025-06-11,new ipo for a popular software firm is oversubscribed,Mint,Regulatory Changes,Russell 2000,0.25,469.52,negative,Telecommunications,Medium,Samsung Electronics,https://www.reuters.com/business/retail-sector-earnings,new ipo for a popular software firm is oversubscribed,0,0,0,0.25,469.52,53,9
2025-04-16,government spending bill is expected to stimulate the economy,Financial Times,Economic Data Release,Shanghai Composite,-1.17,165.1,negative,Consumer Goods,Low,ExxonMobil,https://www.reuters.com/business/energy/oil-market-update,government spending bill is expected to stimulate the economy,0,0,0,-1.17,165.1,61,9
2025-08-02,major oil spill sends energy stocks plummeting,The Motley Fool,Consumer Confidence Report,NSE Nifty,2.74,263.38,positive,Construction,Low,Boeing,https://www.wsj.com/europe/regulatory-changes,major oil spill sends energy stocks plummeting,0,0,0,2.74,263.38,46,7
2025-03-28,"global trade talks collapse, causing market turmoil",Forbes,Geopolitical Event,KOSPI,0.51,399.31,negative,Utilities,High,Reliance Industries,https://www.ft.com/content/currency-devaluation,global trade talks collapse causing market turmoil,0,1,-1,0.51,399.31,50,7
2025-06-28,healthcare stocks gain on robust demand and strong outlook,Forbes,Central Bank Meeting,NSE Nifty,-1.1,491.67,negative,Retail,Medium,JP Morgan Chase,https://www.moneycontrol.com/us-markets/nasdaq-composite,healthcare stocks gain on robust demand and strong outlook,2,0,2,-1.1,491.67,58,9
2025-02-03,utilities sector remains stable during market fluctuations,Forbes,Central Bank Meeting,CAC 40,-4.74,464.84,positive,Finance,High,ExxonMobil,https://www.moneycontrol.com/us-markets/sp-500,utilities sector remains stable during market fluctuations,0,0,0,-4.74,464.84,58,7
2025-06-10,e-commerce earnings report beats all analyst expectations,The Hindu Business Line,IPO Launch,S&P 500,1.2,106.82,positive,Automotive,Low,Samsung Electronics,https://www.ft.com/content/currency-devaluation,e-commerce earnings report beats all analyst expectations,1,0,1,1.2,106.82,57,7
2025-03-18,automotive industry faces headwinds from rising material costs,Bloomberg,Bond Market Fluctuation,NSE Nifty,-0.19,189.31,negative,Materials,High,Microsoft,https://www.theeconomist.com/finance-and-economics/trade-tariffs,automotive industry faces headwinds from rising material costs,0,1,-1,-0.19,189.31,62,8
2025-06-20,healthcare stocks gain on robust demand and strong outlook,Financial Times,Interest Rate Change,S&P/TSX Composite,4.35,318.66,positive,Telecommunications,High,Goldman Sachs,https://economictimes.indiatimes.com/news/transportation,healthcare stocks gain on robust demand and strong outlook,2,0,2,4.35,318.66,58,9
2025-06-03,"global trade talks collapse, causing market turmoil",Economic Times,Regulatory Changes,Russell 2000,1.71,478.5,negative,Industrials,High,Tata Motors,https://www.moneycontrol.com/us-markets/sp-500,global trade talks collapse causing market turmoil,0,1,-1,1.71,478.5,50,7
2025-06-19,pharmaceutical company s drug approval drives stock upward,Investopedia,IPO Launch,Russell 2000,-1.63,129.35,positive,Consumer Goods,High,Samsung Electronics,https://www.reuters.com/markets/indices/nikkei-225,pharmaceutical company s drug approval drives stock upward,1,0,1,-1.63,129.35,58,8
2025-05-23,retail sales report surpasses all forecasts,Bloomberg,Trade Tariffs Announcement,Shanghai Composite,2.2,48.44,positive,Energy,High,ExxonMobil,https://economictimes.indiatimes.com/industry/industrials,retail sales report surpasses all forecasts,0,0,0,2.2,48.44,43,6
2025-03-26,automotive industry faces headwinds from rising material costs,Barron's,Central Bank Meeting,Nikkei 225,4.41,290.15,positive,Industrials,High,Tesla,https://www.business-standard.com/international-business/trade-policy,automotive industry faces headwinds from rising material costs,0,1,-1,4.41,290.15,62,8
2025-04-23,financial services stocks rally on strong profit margins,The Motley Fool,Trade Tariffs Announcement,ASX 200,,428.77,positive,Automotive,High,Goldman Sachs,https://timesofindia.indiatimes.com/business/corporate-governance,financial services stocks rally on strong profit margins,3,0,3,,428.77,56,8
2025-07-12,consumer confidence index reaches a decade high,Business Standard,Trade Tariffs Announcement,NSE Nifty,1.31,259.1,negative,Materials,High,Tesla,https://www.bloomberg.com/asia/policy/central-bank-meeting,consumer confidence index reaches a decade high,1,0,1,1.31,259.1,47,7
2025-07-21,merger talks between two banks fall through,Wall Street Journal,Government Policy Announcement,DAX,,19.5,positive,Industrials,Medium,Apple Inc.,https://www.cnbc.com/2025/11/major-merger-deal-approved,merger talks between two banks fall through,0,1,-1,,19.5,43,7
2025-05-19,merger talks between two banks fall through,Yahoo Finance,Consumer Confidence Report,Nikkei 225,-0.9,499.03,negative,Real Estate,Low,Boeing,https://www.bloomberg.com/asia/telecommunications-news,merger talks between two banks fall through,0,1,-1,-0.9,499.03,43,7
2025-04-02,real estate sector shows signs of overheating as interest rates fall,Investopedia,Major Merger/Acquisition,TSX,-0.27,51.5,negative,Materials,Low,ExxonMobil,https://economictimes.indiatimes.com/stocks/bse-sensex-plunges,real estate sector shows signs of overheating as interest rates fall,0,1,-1,-0.27,51.5,68,11
2025-06-13,financial sector bracing for new capital requirements,Yahoo Finance,Supply Chain Disruption,Russell 2000,-1.36,425.53,negative,Aerospace & Defense,Low,Apple Inc.,https://www.business-standard.com/international-business/trade-policy,financial sector bracing for new capital requirements,0,0,0,-1.36,425.53,53,7
2025-02-03,central bank governor signals potential shift in policy,Barron's,Economic Data Release,BSE Sensex,4.1,47.35,negative,Retail,Low,Goldman Sachs,https://www.business-standard.com/international-business/trade-policy,central bank governor signals potential shift in policy,0,0,0,4.1,47.35,55,8
2025-03-02,e-commerce earnings report beats all analyst expectations,Business Standard,Stock Market Crash,S&P 500,0.87,459.79,negative,Energy,High,Reliance Industries,https://www.business-standard.com/economy/inflation-data,e-commerce earnings report beats all analyst expectations,1,0,1,0.87,459.79,57,7
2025-03-04,unexpected rise in unemployment fuels market pessimism,Barron's,Major Merger/Acquisition,ASX 200,-2.12,332.47,negative,Media & Entertainment,Medium,Boeing,https://timesofindia.indiatimes.com/business/markets/stock-market-crash,unexpected rise in unemployment fuels market pessimism,1,0,1,-2.12,332.47,54,7
2025-05-08,financial sector bracing for new capital requirements,Seeking Alpha,Market Rally,Nikkei 225,3.57,368.41,negative,Transportation,Medium,JP Morgan Chase,https://www.cnbc.com/2025/10/real-estate-market-analysis,financial sector bracing for new capital requirements,0,0,0,3.57,368.41,53,7
2025-06-22,automotive industry faces headwinds from rising material costs,The Motley Fool,Unemployment Rate Announcement,Euro Stoxx 50,0.1,378.12,positive,Consumer Goods,Low,Goldman Sachs,https://economictimes.indiatimes.com/news/economy/unemployment-rate,automotive industry faces headwinds from rising material costs,0,1,-1,0.1,378.12,62,8
2025-06-25,automotive industry faces headwinds from rising material costs,The Economist,Economic Data Release,BSE Sensex,3.08,16.48,positive,Telecommunications,Low,Tesla,https://www.business-standard.com/economy/inflation-data,automotive industry faces headwinds from rising material costs,0,1,-1,3.08,16.48,62,8
2025-03-07,supply chain issues impact manufacturing sector earnings,Seeking Alpha,Currency Devaluation,NSE Nifty,-1.04,418.03,positive,Industrials,High,Reliance Industries,https://www.cnbc.com/2025/11/major-merger-deal-approved,supply chain issues impact manufacturing sector earnings,0,0,0,-1.04,418.03,56,7
2025-03-27,tech giant s new product launch sparks sector-wide gains,Financial Times,Geopolitical Event,Russell 2000,-3.71,225.07,negative,Telecommunications,Medium,Reliance Industries,https://timesofindia.indiatimes.com/business/markets/stock-market-crash,tech giant s new product launch sparks sector-wide gains,1,0,1,-3.71,225.07,56,9
2025-03-05,dow jones plunges as market fears recession,The Motley Fool,Stock Market Crash,S&P/TSX Composite,-1.67,381.35,negative,Consumer Goods,Low,Samsung Electronics,https://economictimes.indiatimes.com/stocks/bse-sensex-plunges,dow jones plunges as market fears recession,0,2,-2,-1.67,381.35,43,7
2025-02-16,government spending bill is expected to stimulate the economy,Reuters,Trade Tariffs Announcement,Dow Jones,3.69,422.06,positive,Real Estate,Low,ExxonMobil,https://www.moneycontrol.com/us-markets/dow-jones-industrial,government spending bill is expected to stimulate the economy,0,0,0,3.69,422.06,61,9
2025-04-27,supply chain issues impact manufacturing sector earnings,Barron's,Government Policy Announcement,S&P/TSX Composite,-1.29,133.2,positive,Pharmaceuticals,Medium,Samsung Electronics,https://www.reuters.com/markets/stocks/tech-rally,supply chain issues impact manufacturing sector earnings,0,0,0,-1.29,133.2,56,7
2025-04-05,healthcare stocks gain on robust demand and strong outlook,CNBC,Economic Data Release,Russell 2000,-1.24,354.76,negative,Aerospace & Defense,Medium,Reliance Industries,https://www.cnbc.com/2025/12/healthcare-sector-outlook,healthcare stocks gain on robust demand and strong outlook,2,0,2,-1.24,354.76,58,9
2025-05-22,central bank governor signals potential shift in policy,The Hindu Business Line,Consumer Confidence Report,DAX,2.08,443.93,negative,Materials,High,Tata Motors,https://www.moneycontrol.com/india/ipo-news/new-firm-launches,central bank governor signals potential shift in policy,0,0,0,2.08,443.93,55,8
2025-02-24,consumer confidence index reaches a decade high,Yahoo Finance,Commodity Price Shock,S&P 500,4.55,401.89,negative,Media & Entertainment,Low,JP Morgan Chase,https://www.cnbc.com/2025/12/healthcare-sector-outlook,consumer confidence index reaches a decade high,1,0,1,4.55,401.89,47,7
2025-04-17,automotive industry faces headwinds from rising material costs,Barron's,Currency Devaluation,Russell 2000,-4.68,149.6,positive,Pharmaceuticals,High,Tata Motors,https://www.reuters.com/business/energy/oil-market-update,automotive industry faces headwinds from rising material costs,0,1,-1,-4.68,149.6,62,8
2025-04-28,new housing data release shows a slowdown in market activity,Financial Times,Commodity Price Shock,Nikkei 225,-0.46,120.11,positive,Materials,Medium,Microsoft,https://www.bloomberg.com/canada/tsunami-warnings,new housing data release shows a slowdown in market activity,0,1,-1,-0.46,120.11,60,10
2025-07-12,government spending bill is expected to stimulate the economy,Times of India,Market Rally,KOSPI,2.37,407.11,positive,Healthcare,Medium,JP Morgan Chase,https://www.business-standard.com/international-business/trade-policy,government spending bill is expected to stimulate the economy,0,0,0,2.37,407.11,61,9
2025-02-08,supply chain issues impact manufacturing sector earnings,Times of India,Consumer Confidence Report,S&P 500,2.98,486.23,negative,Finance,Low,Reliance Industries,https://www.ft.com/content/geopolitical-summit,supply chain issues impact manufacturing sector earnings,0,0,0,2.98,486.23,56,7
2025-04-03,federal reserve chairman s speech causes market volatility,Economic Times,Interest Rate Change,Shanghai Composite,2.24,339.04,negative,Energy,Medium,Goldman Sachs,https://www.forbes.com/crypto/cryptocurrency-regulation,federal reserve chairman s speech causes market volatility,0,0,0,2.24,339.04,58,8
2025-06-02,retail sales report surpasses all forecasts,Reuters,Economic Data Release,Nasdaq Composite,-2.21,298.2,negative,Transportation,Low,ExxonMobil,https://www.bloomberg.com/asia/telecommunications-news,retail sales report surpasses all forecasts,0,0,0,-2.21,298.2,43,6
2025-05-15,tech giant s new product launch sparks sector-wide gains,MarketWatch,Economic Data Release,Shanghai Composite,1.96,277.53,negative,Utilities,High,Apple Inc.,https://timesofindia.indiatimes.com/business/agriculture-sector,tech giant s new product launch sparks sector-wide gains,1,0,1,1.96,277.53,56,9
2025-02-22,financial sector bracing for new capital requirements,CNBC,Cryptocurrency Regulation,FTSE 100,-0.67,57.04,negative,Retail,High,ExxonMobil,https://www.cnbc.com/2025/12/healthcare-sector-outlook,financial sector bracing for new capital requirements,0,0,0,-0.67,57.04,53,7
2025-08-12,asx 200 gains on strong export performance,Seeking Alpha,Inflation Data Release,DAX,1.04,45.03,negative,Retail,Low,Apple Inc.,https://www.moneycontrol.com/us-markets/dow-jones-industrial,asx 200 gains on strong export performance,2,0,2,1.04,45.03,42,7
2025-06-02,market sentiment turns positive on vaccine trial results,The Motley Fool,Market Rally,KOSPI,-2.92,475.95,negative,Real Estate,Low,Boeing,https://www.wsj.com/europe/regulatory-changes,market sentiment turns positive on vaccine trial results,1,0,1,-2.92,475.95,56,8
2025-02-16,market sentiment turns positive on vaccine trial results,Economic Times,Trade Tariffs Announcement,Euro Stoxx 50,2.26,194.9,positive,Retail,Medium,Apple Inc.,https://www.wsj.com/japan/economic-data-release,market sentiment turns positive on vaccine trial results,1,0,1,2.26,194.9,56,8
2025-05-29,a massive data breach sends a tech company s stock tumbling,Financial Times,Market Rally,S&P/TSX Composite,-4.93,153.24,negative,Materials,High,ExxonMobil,https://www.bloomberg.com/australia/asx-200-performance,a massive data breach sends a tech company s stock tumbling,0,1,-1,-4.93,153.24,59,11
2025-03-12,pharmaceutical company s drug approval drives stock upward,The Motley Fool,Corporate Earnings Report,DAX,4.22,436.54,negative,Construction,Low,Boeing,https://www.ft.com/content/media-entertainment-merger,pharmaceutical company s drug approval drives stock upward,1,0,1,4.22,436.54,58,8
2025-08-06,crude oil prices drop to a multi-year low,Mint,Market Rally,TSX,2.89,245.11,positive,Telecommunications,Low,Goldman Sachs,https://www.business-standard.com/economy/trade-disputes-impact,crude oil prices drop to a multi-year low,0,1,-1,2.89,245.11,41,8
2025-07-14,record-high inflation data rattles investors,Reuters,Inflation Data Release,S&P 500,1.28,21.67,positive,Real Estate,Medium,Tesla,https://www.ft.com/content/geopolitical-summit,record-high inflation data rattles investors,1,0,1,1.28,21.67,44,5
2025-04-10,aerospace and defense sector sees rally amid geopolitical tensions,CNBC,IPO Launch,DAX,-3.29,12.49,positive,Industrials,Low,Goldman Sachs,https://economictimes.indiatimes.com/news/economy/unemployment-rate,aerospace and defense sector sees rally amid geopolitical tensions,1,0,1,-3.29,12.49,66,9
2025-03-22,tech giant s new product launch sparks sector-wide gains,Seeking Alpha,Central Bank Meeting,S&P 500,2.08,21.86,negative,Pharmaceuticals,High,Apple Inc.,https://www.cnbc.com/2025/10/real-estate-market-analysis,tech giant s new product launch sparks sector-wide gains,1,0,1,2.08,21.86,56,9
2025-05-21,government spending bill is expected to stimulate the economy,Times of India,Geopolitical Event,Hang Seng,3.22,497.78,negative,Utilities,Low,Microsoft,,government spending bill is expected to stimulate the economy,0,0,0,3.22,497.78,61,9
2025-08-03,market sentiment turns positive on vaccine trial results,Bloomberg,Supply Chain Disruption,DAX,-3.17,120.46,negative,Construction,High,JP Morgan Chase,https://www.ft.com/content/tech-sector-innovation,market sentiment turns positive on vaccine trial results,1,0,1,-3.17,120.46,56,8
2025-04-07,government subsidy program gives a lift to the agriculture sector,The Motley Fool,Corporate Earnings Report,KOSPI,0.21,16.37,positive,Telecommunications,Medium,Apple Inc.,https://economictimes.indiatimes.com/stocks/bse-sensex-plunges,government subsidy program gives a lift to the agriculture sector,0,0,0,0.21,16.37,65,10
2025-04-02,e-commerce earnings report beats all analyst expectations,The Motley Fool,Consumer Confidence Report,Dow Jones,,48.97,negative,Industrials,Low,Tesla,https://www.ft.com/content/currency-devaluation,e-commerce earnings report beats all analyst expectations,1,0,1,,48.97,57,7
2025-03-27,automotive industry faces headwinds from rising material costs,Forbes,Interest Rate Change,BSE Sensex,4.79,130.48,positive,Pharmaceuticals,Medium,Goldman Sachs,https://www.ft.com/content/consumer-confidence-report,automotive industry faces headwinds from rising material costs,0,1,-1,4.79,130.48,62,8
2025-02-13,massive stock buyback program announced by a consumer goods company,Seeking Alpha,Cryptocurrency Regulation,NSE Nifty,,118.22,negative,Transportation,High,JP Morgan Chase,https://www.investopedia.com/articles/government-policy-announcement,massive stock buyback program announced by a consumer goods company,0,0,0,,118.22,67,10
2025-04-09,major oil spill sends energy stocks plummeting,Wall Street Journal,Corporate Earnings Report,Euro Stoxx 50,-4.65,413.34,positive,Retail,High,Tata Motors,,major oil spill sends energy stocks plummeting,0,0,0,-4.65,413.34,46,7
2025-03-25,energy company s dividend hike excites shareholders,CNBC,Economic Data Release,Euro Stoxx 50,-2.59,162.08,negative,Energy,High,Samsung Electronics,https://www.ft.com/content/tech-sector-innovation,energy company s dividend hike excites shareholders,0,0,0,-2.59,162.08,51,7
2025-06-13,banking stocks dip after a major scandal is revealed,Times of India,IPO Launch,Nikkei 225,3.79,240.29,negative,Technology,Low,ExxonMobil,https://www.reuters.com/markets/stocks/tech-rally,banking stocks dip after a major scandal is revealed,0,2,-2,3.79,240.29,52,9
2025-06-16,financial services stocks rally on strong profit margins,The Economist,Major Merger/Acquisition,S&P 500,-1.53,94.22,negative,Industrials,High,Boeing,https://www.wsj.com/japan/economic-data-release,financial services stocks rally on strong profit margins,3,0,3,-1.53,94.22,56,8
2025-06-19,unexpected rise in unemployment fuels market pessimism,Seeking Alpha,Government Policy Announcement,Shanghai Composite,-1.54,73.63,positive,Telecommunications,High,Microsoft,https://timesofindia.indiatimes.com/business/corporate-governance,unexpected rise in unemployment fuels market pessimism,1,0,1,-1.54,73.63,54,7
2025-06-03,semiconductor shortages weigh heavily on tech sector profits,Economic Times,Inflation Data Release,S&P/TSX Composite,3.19,246.13,negative,Aerospace & Defense,Medium,Samsung Electronics,https://www.marketwatch.com/story/commodities-price-shock,semiconductor shortages weigh heavily on tech sector profits,1,0,1,3.19,246.13,60,8
2025-05-06,mining company stock surges on commodity price boom,Financial Times,Government Policy Announcement,Dow Jones,-3.4,1.06,negative,Energy,Medium,Samsung Electronics,https://www.moneycontrol.com/us-markets/nasdaq-composite,mining company stock surges on commodity price boom,1,0,1,-3.4,1.06,51,8
2025-05-08,real estate sector shows signs of overheating as interest rates fall,Yahoo Finance,Market Rally,FTSE 100,,383.78,positive,Retail,Low,JP Morgan Chase,https://www.reuters.com/markets/indices/ftse-100,real estate sector shows signs of overheating as interest rates fall,0,1,-1,,383.78,68,11
2025-04-01,media and entertainment companies report a surge in streaming revenue,Economic Times,Consumer Confidence Report,TSX,3.04,217.82,negative,Construction,Low,JP Morgan Chase,https://economictimes.indiatimes.com/industry/industrials,media and entertainment companies report a surge in streaming revenue,1,0,1,3.04,217.82,69,10
2025-05-08,massive stock buyback program announced by a consumer goods company,The Hindu Business Line,IPO Launch,Nikkei 225,-1.43,146.7,positive,Aerospace & Defense,Low,Boeing,https://www.theeconomist.com/finance-and-economics/trade-tariffs,massive stock buyback program announced by a consumer goods company,0,0,0,-1.43,146.7,67,10
2025-05-20,crude oil prices drop to a multi-year low,The Economist,Market Rally,Dow Jones,0.42,244.33,negative,Technology,High,Goldman Sachs,https://economictimes.indiatimes.com/news/transportation,crude oil prices drop to a multi-year low,0,1,-1,0.42,244.33,41,8
2025-08-13,real estate sector shows signs of overheating as interest rates fall,Business Standard,Unemployment Rate Announcement,S&P/TSX Composite,4.97,394.21,negative,Agriculture,Low,Apple Inc.,https://www.ft.com/content/geopolitical-summit,real estate sector shows signs of overheating as interest rates fall,0,1,-1,4.97,394.21,68,11
2025-08-09,new regulations on cryptocurrencies cause a market dip,The Economist,Geopolitical Event,KOSPI,4.12,9.7,negative,Automotive,Low,Tesla,https://www.moneycontrol.com/india/ipo-news/new-firm-launches,new regulations on cryptocurrencies cause a market dip,0,1,-1,4.12,9.7,54,8
2025-05-20,energy company s dividend hike excites shareholders,The Economist,Cryptocurrency Regulation,Euro Stoxx 50,-3.01,434.95,negative,Automotive,Low,JP Morgan Chase,https://www.cnbc.com/2025/11/major-merger-deal-approved,energy company s dividend hike excites shareholders,0,0,0,-3.01,434.95,51,7
2025-07-14,federal reserve chairman s speech causes market volatility,The Hindu Business Line,Consumer Confidence Report,Shanghai Composite,1.28,49.17,positive,Telecommunications,High,Apple Inc.,https://www.reuters.com/markets/indices/ftse-100,federal reserve chairman s speech causes market volatility,0,0,0,1.28,49.17,58,8
2025-06-02,government subsidy program gives a lift to the agriculture sector,Wall Street Journal,Supply Chain Disruption,TSX,-2.62,147.82,negative,Industrials,Medium,Boeing,https://timesofindia.indiatimes.com/business/agriculture-sector,government subsidy program gives a lift to the agriculture sector,0,0,0,-2.62,147.82,65,10
2025-02-16,government spending bill is expected to stimulate the economy,Reuters,Trade Tariffs Announcement,Dow Jones,3.69,422.06,positive,Real Estate,Low,ExxonMobil,https://www.moneycontrol.com/us-markets/dow-jones-industrial,government spending bill is expected to stimulate the economy,0,0,0,3.69,422.06,61,9
2025-03-03,financial services stocks rally on strong profit margins,MarketWatch,Trade Tariffs Announcement,Russell 2000,1.73,356.71,negative,Energy,Medium,Microsoft,,financial services stocks rally on strong profit margins,3,0,3,1.73,356.71,56,8
2025-03-26,automotive industry faces headwinds from rising material costs,Barron's,Central Bank Meeting,Nikkei 225,4.41,290.15,positive,Industrials,High,Tesla,https://www.business-standard.com/international-business/trade-policy,automotive industry faces headwinds from rising material costs,0,1,-1,4.41,290.15,62,8
2025-05-30,crude oil prices drop to a multi-year low,Barron's,Government Policy Announcement,KOSPI,,306.8,positive,Construction,High,Apple Inc.,https://www.wsj.com/europe/dax-performance,crude oil prices drop to a multi-year low,0,1,-1,,306.8,41,8
2025-03-07,supply chain issues impact manufacturing sector earnings,Seeking Alpha,Currency Devaluation,NSE Nifty,-1.04,418.03,positive,Industrials,High,Reliance Industries,https://www.cnbc.com/2025/11/major-merger-deal-approved,supply chain issues impact manufacturing sector earnings,0,0,0,-1.04,418.03,56,7
2025-02-25,major technology firm acquires a smaller rival in a multi-billion dollar deal,The Hindu Business Line,Central Bank Meeting,FTSE 100,1.97,304.5,negative,Utilities,Low,Samsung Electronics,https://www.cnbc.com/2025/11/major-merger-deal-approved,major technology firm acquires a smaller rival in a multi-billion dollar deal,0,0,0,1.97,304.5,77,12
2025-04-09,financial services stocks rally on strong profit margins,Financial Times,Major Merger/Acquisition,Hang Seng,-0.87,492.67,negative,Media & Entertainment,Medium,Reliance Industries,https://www.moneycontrol.com/india/ipo-news/new-firm-launches,financial services stocks rally on strong profit margins,3,0,3,-0.87,492.67,56,8
2025-02-05,aerospace and defense sector sees rally amid geopolitical tensions,Economic Times,Market Rally,CAC 40,0.48,29.17,negative,Agriculture,Medium,Tata Motors,https://economictimes.indiatimes.com/news/transportation,aerospace and defense sector sees rally amid geopolitical tensions,1,0,1,0.48,29.17,66,9
2025-03-18,record-high inflation data rattles investors,Investopedia,Inflation Data Release,DAX,-0.84,112.72,negative,Finance,Medium,Apple Inc.,https://www.cnbc.com/2025/11/major-merger-deal-approved,record-high inflation data rattles investors,1,0,1,-0.84,112.72,44,5
2025-04-19,aerospace and defense sector sees rally amid geopolitical tensions,Economic Times,Corporate Earnings Report,IBOVESPA,-3.1,215.81,negative,Real Estate,High,Tata Motors,https://www.wsj.com/europe/regulatory-changes,aerospace and defense sector sees rally amid geopolitical tensions,1,0,1,-3.1,215.81,66,9
2025-04-23,major technology firm acquires a smaller rival in a multi-billion dollar deal,Bloomberg,Geopolitical Event,S&P 500,4.53,342.06,positive,Media & Entertainment,High,ExxonMobil,https://economictimes.indiatimes.com/stocks/bse-sensex-plunges,major technology firm acquires a smaller rival in a multi-billion dollar deal,0,0,0,4.53,342.06,77,12
2025-05-27,major technology firm acquires a smaller rival in a multi-billion dollar deal,Business Standard,Interest Rate Change,TSX,-3.16,291.14,positive,Real Estate,Medium,JP Morgan Chase,https://www.moneycontrol.com/us-markets/nasdaq-composite,major technology firm acquires a smaller rival in a multi-billion dollar deal,0,0,0,-3.16,291.14,77,12
2025-06-30,manufacturing pmi data signals economic expansion,Bloomberg,Geopolitical Event,DAX,-4.06,279.9,positive,Utilities,Medium,Apple Inc.,https://timesofindia.indiatimes.com/business/finance/banking-sector-news,manufacturing pmi data signals economic expansion,0,0,0,-4.06,279.9,49,6
2025-03-03,new regulations on cryptocurrencies cause a market dip,Yahoo Finance,Unemployment Rate Announcement,NSE Nifty,4.08,306.55,positive,Pharmaceuticals,Medium,Apple Inc.,https://economictimes.indiatimes.com/industry/industrials,new regulations on cryptocurrencies cause a market dip,0,1,-1,4.08,306.55,54,8
2025-05-05,gold prices surge as investors flee riskier assets,Barron's,Government Policy Announcement,Nasdaq Composite,2.36,431.14,negative,Transportation,Low,Tata Motors,https://www.ft.com/content/currency-devaluation,gold prices surge as investors flee riskier assets,1,0,1,2.36,431.14,50,8
2025-04-07,retail sales report surpasses all forecasts,Reuters,Inflation Data Release,NSE Nifty,3.42,48.36,positive,Automotive,Low,ExxonMobil,https://www.ft.com/content/consumer-confidence-report,retail sales report surpasses all forecasts,0,0,0,3.42,48.36,43,6
2025-02-04,healthcare stocks gain on robust demand and strong outlook,The Hindu Business Line,Government Policy Announcement,TSX,-4.86,174.9,negative,Transportation,Medium,Samsung Electronics,https://www.investopedia.com/articles/government-policy-announcement,healthcare stocks gain on robust demand and strong outlook,2,0,2,-4.86,174.9,58,9
2025-06-16,government spending bill is expected to stimulate the economy,The Economist,Economic Data Release,CAC 40,-0.28,182.0,negative,Construction,High,JP Morgan Chase,https://www.forbes.com/crypto/cryptocurrency-regulation,government spending bill is expected to stimulate the economy,0,0,0,-0.28,182.0,61,9
2025-04-19,massive stock buyback program announced by a consumer goods company,Wall Street Journal,Consumer Confidence Report,TSX,2.53,360.15,positive,Automotive,Medium,Reliance Industries,https://www.business-standard.com/economy/inflation-data,massive stock buyback program announced by a consumer goods company,0,0,0,2.53,360.15,67,10
2025-08-13,merger talks between two banks fall through,Yahoo Finance,Trade Tariffs Announcement,CAC 40,,61.58,positive,Industrials,Low,Tata Motors,https://www.bloomberg.com/middle-east/news/bond-market-fluctuation,merger talks between two banks fall through,0,1,-1,,61.58,43,7
2025-07-15,financial sector bracing for new capital requirements,The Motley Fool,IPO Launch,TSX,-0.18,7.52,positive,Aerospace & Defense,Low,Tesla,https://www.cnbc.com/2025/09/automotive-industry-trends,financial sector bracing for new capital requirements,0,0,0,-0.18,7.52,53,7
2025-03-29,crude oil prices drop to a multi-year low,Times of India,Corporate Earnings Report,Russell 2000,-1.88,274.27,negative,Media & Entertainment,Medium,JP Morgan Chase,https://www.wsj.com/china/market-rally,crude oil prices drop to a multi-year low,0,1,-1,-1.88,274.27,41,8
2025-04-19,semiconductor shortages weigh heavily on tech sector profits,CNBC,Economic Data Release,Russell 2000,-3.33,217.32,negative,Transportation,High,JP Morgan Chase,https://www.business-standard.com/international-business/trade-policy,semiconductor shortages weigh heavily on tech sector profits,1,0,1,-3.33,217.32,60,8
2025-02-17,government spending bill is expected to stimulate the economy,Barron's,Regulatory Changes,DAX,3.54,87.66,positive,Aerospace & Defense,Low,Tesla,https://www.wsj.com/europe/regulatory-changes,government spending bill is expected to stimulate the economy,0,0,0,3.54,87.66,61,9
2025-03-19,new regulations on cryptocurrencies cause a market dip,Barron's,Consumer Confidence Report,Shanghai Composite,1.81,393.65,positive,Agriculture,Low,Reliance Industries,https://www.wsj.com/china/market-regulation,new regulations on cryptocurrencies cause a market dip,0,1,-1,1.81,393.65,54,8
2025-06-24,media and entertainment companies report a surge in streaming revenue,Economic Times,Inflation Data Release,Hang Seng,3.77,8.34,positive,Aerospace & Defense,High,Microsoft,https://www.investopedia.com/articles/supply-chain-disruption,media and entertainment companies report a surge in streaming revenue,1,0,1,3.77,8.34,69,10
2025-06-24,crude oil prices drop to a multi-year low,The Economist,Market Rally,BSE Sensex,-1.04,213.23,positive,Media & Entertainment,Low,Apple Inc.,https://economictimes.indiatimes.com/industry/industrials,crude oil prices drop to a multi-year low,0,1,-1,-1.04,213.23,41,8
2025-06-10,e-commerce earnings report beats all analyst expectations,The Hindu Business Line,IPO Launch,S&P 500,1.2,106.82,positive,Automotive,Low,Samsung Electronics,https://www.ft.com/content/currency-devaluation,e-commerce earnings report beats all analyst expectations,1,0,1,1.2,106.82,57,7
2025-03-07,semiconductor shortages weigh heavily on tech sector profits,Barron's,Central Bank Meeting,NSE Nifty,4.17,395.38,negative,Retail,Medium,Goldman Sachs,https://www.cnbc.com/2025/09/automotive-industry-trends,semiconductor shortages weigh heavily on tech sector profits,1,0,1,4.17,395.38,60,8
2025-05-06,supply chain issues impact manufacturing sector earnings,Reuters,Government Policy Announcement,Nikkei 225,-0.93,114.56,positive,Energy,Low,Reliance Industries,https://economictimes.indiatimes.com/news/economy/unemployment-rate,supply chain issues impact manufacturing sector earnings,0,0,0,-0.93,114.56,56,7
2025-08-08,crude oil prices drop to a multi-year low,Times of India,Unemployment Rate Announcement,KOSPI,-1.05,370.51,negative,Healthcare,Medium,Apple Inc.,https://www.reuters.com/markets/indices/nikkei-225,crude oil prices drop to a multi-year low,0,1,-1,-1.05,370.51,41,8
2025-02-18,new regulations on cryptocurrencies cause a market dip,Business Standard,Interest Rate Change,Hang Seng,-1.53,489.11,positive,Real Estate,Medium,Tata Motors,https://www.cnbc.com/2025/08/russia-ukraine-war-economic-impact,new regulations on cryptocurrencies cause a market dip,0,1,-1,-1.53,489.11,54,8
2025-04-29,asx 200 gains on strong export performance,Reuters,Geopolitical Event,Nikkei 225,-0.05,7.02,positive,Consumer Goods,Low,Reliance Industries,https://www.bloomberg.com/canada/tsunami-warnings,asx 200 gains on strong export performance,2,0,2,-0.05,7.02,42,7
2025-03-16,gold prices surge as investors flee riskier assets,The Hindu Business Line,Corporate Earnings Report,S&P/TSX Composite,2.7,186.43,positive,Retail,Medium,ExxonMobil,https://www.reuters.com/markets/indices/nikkei-225,gold prices surge as investors flee riskier assets,1,0,1,2.7,186.43,50,8
2025-05-04,supply chain issues impact manufacturing sector earnings,Times of India,Government Policy Announcement,CAC 40,-0.85,358.72,positive,Industrials,Medium,Goldman Sachs,https://www.wsj.com/china/market-rally,supply chain issues impact manufacturing sector earnings,0,0,0,-0.85,358.72,56,7
2025-03-08,geopolitical ceasefire prompts a broad market recovery,The Hindu Business Line,Regulatory Changes,FTSE 100,-2.87,5.12,negative,Utilities,High,JP Morgan Chase,https://www.reuters.com/markets/indices/ftse-100,geopolitical ceasefire prompts a broad market recovery,1,0,1,-2.87,5.12,54,7
2025-04-07,asx 200 gains on strong export performance,Reuters,Stock Market Crash,TSX,4.28,269.15,positive,Media & Entertainment,High,JP Morgan Chase,https://www.reuters.com/business/retail-sector-earnings,asx 200 gains on strong export performance,2,0,2,4.28,269.15,42,7
2025-07-17,government subsidy program gives a lift to the agriculture sector,CNBC,Major Merger/Acquisition,Nasdaq Composite,3.81,29.86,negative,Healthcare,High,JP Morgan Chase,https://www.ft.com/content/currency-devaluation,government subsidy program gives a lift to the agriculture sector,0,0,0,3.81,29.86,65,10
2025-04-11,asx 200 gains on strong export performance,Wall Street Journal,Inflation Data Release,S&P/TSX Composite,,49.83,positive,Telecommunications,Low,Reliance Industries,https://www.moneycontrol.com/us-markets/dow-jones-industrial,asx 200 gains on strong export performance,2,0,2,,49.83,42,7
2025-08-06,crude oil prices drop to a multi-year low,Mint,Market Rally,TSX,2.89,245.11,positive,Telecommunications,Low,Goldman Sachs,https://www.business-standard.com/economy/trade-disputes-impact,crude oil prices drop to a multi-year low,0,1,-1,2.89,245.11,41,8
2025-04-10,government spending bill is expected to stimulate the economy,The Hindu Business Line,Government Policy Announcement,NSE Nifty,-4.0,229.86,positive,Pharmaceuticals,High,Tata Motors,https://www.business-standard.com/economy/economic-stimulus,government spending bill is expected to stimulate the economy,0,0,0,-4.0,229.86,61,9
2025-02-07,automotive industry faces headwinds from rising material costs,Barron's,Interest Rate Change,Russell 2000,,238.48,negative,Technology,Medium,Reliance Industries,https://www.business-standard.com/economy/trade-disputes-impact,automotive industry faces headwinds from rising material costs,0,1,-1,,238.48,62,8
2025-07-14,china s shanghai composite falls after new trade restrictions,MarketWatch,Regulatory Changes,FTSE 100,-3.68,126.26,positive,Media & Entertainment,Medium,Samsung Electronics,,china s shanghai composite falls after new trade restrictions,0,1,-1,-3.68,126.26,61,9
2025-08-01,a massive data breach sends a tech company s stock tumbling,Seeking Alpha,Commodity Price Shock,Hang Seng,0.52,107.34,negative,Healthcare,Low,Goldman Sachs,https://www.moneycontrol.com/us-markets/sp-500,a massive data breach sends a tech company s stock tumbling,0,1,-1,0.52,107.34,59,11
2025-03-20,unexpected rise in unemployment fuels market pessimism,Economic Times,IPO Launch,TSX,-3.23,132.69,negative,Utilities,Medium,Apple Inc.,https://www.ft.com/content/currency-devaluation,unexpected rise in unemployment fuels market pessimism,1,0,1,-3.23,132.69,54,7
2025-08-04,supply chain issues impact manufacturing sector earnings,Wall Street Journal,Inflation Data Release,Russell 2000,-1.49,135.73,negative,Materials,High,Samsung Electronics,https://www.investopedia.com/articles/supply-chain-disruption,supply chain issues impact manufacturing sector earnings,0,0,0,-1.49,135.73,56,7
2025-02-03,supply chain issues impact manufacturing sector earnings,The Motley Fool,IPO Launch,Dow Jones,1.11,42.32,negative,Technology,Low,Boeing,,supply chain issues impact manufacturing sector earnings,0,0,0,1.11,42.32,56,7
2025-08-06,utilities sector remains stable during market fluctuations,Seeking Alpha,Interest Rate Change,NSE Nifty,-1.16,127.25,positive,Industrials,Medium,JP Morgan Chase,https://www.ft.com/content/currency-devaluation,utilities sector remains stable during market fluctuations,0,0,0,-1.16,127.25,58,7
2025-03-23,market sentiment turns positive on vaccine trial results,Economic Times,Currency Devaluation,Shanghai Composite,-3.88,122.4,positive,Materials,Low,Tesla,https://www.reuters.com/markets/indices/ftse-100,market sentiment turns positive on vaccine trial results,1,0,1,-3.88,122.4,56,8
2025-03-04,quarterly report shows surprising losses for retail giants,Financial Times,Unemployment Rate Announcement,KOSPI,-4.33,254.37,negative,Industrials,Low,JP Morgan Chase,https://www.ft.com/content/currency-devaluation,quarterly report shows surprising losses for retail giants,0,1,-1,-4.33,254.37,58,8
2025-06-26,massive stock buyback program announced by a consumer goods company,Reuters,Geopolitical Event,S&P/TSX Composite,-4.35,415.76,positive,Construction,Low,Goldman Sachs,https://www.wsj.com/china/market-regulation,massive stock buyback program announced by a consumer goods company,0,0,0,-4.35,415.76,67,10
2025-08-02,new ipo for a popular software firm is oversubscribed,Barron's,Corporate Earnings Report,IBOVESPA,-3.44,25.42,positive,Technology,High,JP Morgan Chase,https://www.ft.com/content/media-entertainment-merger,new ipo for a popular software firm is oversubscribed,0,0,0,-3.44,25.42,53,9
2025-04-16,financial sector bracing for new capital requirements,CNBC,Market Rally,Shanghai Composite,4.72,154.67,positive,Aerospace & Defense,Medium,Tesla,,financial sector bracing for new capital requirements,0,0,0,4.72,154.67,53,7
2025-06-02,government subsidy program gives a lift to the agriculture sector,The Motley Fool,Stock Market Crash,DAX,-0.3,481.52,negative,Media & Entertainment,Medium,Goldman Sachs,https://www.cnbc.com/2025/10/real-estate-market-analysis,government subsidy program gives a lift to the agriculture sector,0,0,0,-0.3,481.52,65,10
2025-04-12,a massive data breach sends a tech company s stock tumbling,MarketWatch,Stock Market Crash,Nasdaq Composite,-3.3,160.31,positive,Telecommunications,Medium,JP Morgan Chase,https://economictimes.indiatimes.com/news/economy/unemployment-rate,a massive data breach sends a tech company s stock tumbling,0,1,-1,-3.3,160.31,59,11
2025-04-09,consumer confidence index reaches a decade high,Seeking Alpha,Unemployment Rate Announcement,Russell 2000,-2.99,209.45,positive,Agriculture,Low,Tata Motors,https://www.cnbc.com/2025/08/russia-ukraine-war-economic-impact,consumer confidence index reaches a decade high,1,0,1,-2.99,209.45,47,7
2025-04-11,central bank governor signals potential shift in policy,Times of India,Commodity Price Shock,Nasdaq Composite,-0.97,369.19,negative,Energy,High,Tata Motors,,central bank governor signals potential shift in policy,0,0,0,-0.97,369.19,55,8
2025-06-16,major technology firm acquires a smaller rival in a multi-billion dollar deal,The Economist,Unemployment Rate Announcement,TSX,-0.92,321.02,positive,Technology,Low,Samsung Electronics,https://timesofindia.indiatimes.com/business/agriculture-sector,major technology firm acquires a smaller rival in a multi-billion dollar deal,0,0,0,-0.92,321.02,77,12
2025-07-19,government policy shift boosts renewable energy sector,The Motley Fool,Central Bank Meeting,Russell 2000,-2.89,115.95,negative,Retail,Low,Reliance Industries,https://www.wsj.com/europe/regulatory-changes,government policy shift boosts renewable energy sector,1,0,1,-2.89,115.95,54,7
2025-03-15,uk s ftse 100 sees a boost from favorable trade data,Wall Street Journal,Geopolitical Event,Hang Seng,-2.44,13.29,positive,Telecommunications,Medium,Tata Motors,https://economictimes.indiatimes.com/stocks/bse-sensex-plunges,uk s ftse 100 sees a boost from favorable trade data,2,0,2,-2.44,13.29,52,11
2025-06-29,major technology firm acquires a smaller rival in a multi-billion dollar deal,Wall Street Journal,Major Merger/Acquisition,Euro Stoxx 50,0.92,354.46,positive,Pharmaceuticals,High,Apple Inc.,https://www.cnbc.com/2025/10/real-estate-market-analysis,major technology firm acquires a smaller rival in a multi-billion dollar deal,0,0,0,0.92,354.46,77,12
2025-02-01,media and entertainment companies report a surge in streaming revenue,MarketWatch,Stock Market Crash,Euro Stoxx 50,3.99,411.89,negative,Transportation,Low,ExxonMobil,https://www.moneycontrol.com/us-markets/sp-500,media and entertainment companies report a surge in streaming revenue,1,0,1,3.99,411.89,69,10
2025-07-15,quarterly report shows surprising losses for retail giants,The Motley Fool,Supply Chain Disruption,CAC 40,1.13,216.27,positive,Energy,High,Samsung Electronics,https://www.reuters.com/business/energy/oil-market-update,quarterly report shows surprising losses for retail giants,0,1,-1,1.13,216.27,58,8
2025-05-10,merger talks between two banks fall through,Wall Street Journal,Trade Tariffs Announcement,FTSE 100,3.88,343.93,positive,Agriculture,Medium,Samsung Electronics,https://www.ft.com/content/media-entertainment-merger,merger talks between two banks fall through,0,1,-1,3.88,343.93,43,7
2025-06-13,government policy shift boosts renewable energy sector,Financial Times,Economic Data Release,TSX,,17.0,positive,Transportation,Low,Apple Inc.,https://www.bloomberg.com/asia/telecommunications-news,government policy shift boosts renewable energy sector,1,0,1,,17.0,54,7
2025-04-13,government subsidy program gives a lift to the agriculture sector,CNBC,Trade Tariffs Announcement,Shanghai Composite,-0.37,72.79,negative,Industrials,Low,Tata Motors,https://www.business-standard.com/economy/economic-stimulus,government subsidy program gives a lift to the agriculture sector,0,0,0,-0.37,72.79,65,10
2025-04-10,government spending bill is expected to stimulate the economy,The Hindu Business Line,Government Policy Announcement,NSE Nifty,-4.0,229.86,positive,Pharmaceuticals,High,Tata Motors,https://www.business-standard.com/economy/economic-stimulus,government spending bill is expected to stimulate the economy,0,0,0,-4.0,229.86,61,9
2025-03-16,government spending bill is expected to stimulate the economy,Financial Times,Corporate Earnings Report,ASX 200,-1.87,433.62,positive,Real Estate,Medium,Reliance Industries,https://www.moneycontrol.com/us-markets/sp-500,government spending bill is expected to stimulate the economy,0,0,0,-1.87,433.62,61,9
2025-02-03,mining company stock surges on commodity price boom,Mint,Central Bank Meeting,S&P/TSX Composite,,204.52,positive,Media & Entertainment,Medium,Samsung Electronics,https://www.marketwatch.com/story/commodities-price-shock,mining company stock surges on commodity price boom,1,0,1,,204.52,51,8
2025-06-29,aerospace and defense sector sees rally amid geopolitical tensions,Business Standard,Government Policy Announcement,TSX,-0.12,280.58,negative,Agriculture,Low,Tata Motors,https://www.wsj.com/europe/dax-performance,aerospace and defense sector sees rally amid geopolitical tensions,1,0,1,-0.12,280.58,66,9
2025-05-28,central bank s dovish tone hints at future rate cuts,CNBC,Unemployment Rate Announcement,Russell 2000,2.85,221.29,negative,Technology,Medium,Samsung Electronics,https://www.moneycontrol.com/india/ipo-news/new-firm-launches,central bank s dovish tone hints at future rate cuts,0,0,0,2.85,221.29,52,10
2025-02-24,automotive industry faces headwinds from rising material costs,Times of India,Inflation Data Release,Hang Seng,-4.26,328.45,positive,Energy,Low,Samsung Electronics,https://www.bloomberg.com/middle-east/news/bond-market-fluctuation,automotive industry faces headwinds from rising material costs,0,1,-1,-4.26,328.45,62,8
2025-05-06,dow jones plunges as market fears recession,Business Standard,Corporate Earnings Report,NSE Nifty,-2.3,294.84,positive,Technology,High,JP Morgan Chase,https://www.reuters.com/markets/stocks/tech-rally,dow jones plunges as market fears recession,0,2,-2,-2.3,294.84,43,7
2025-05-06,supply chain issues impact manufacturing sector earnings,Reuters,Government Policy Announcement,Nikkei 225,-0.93,114.56,positive,Energy,Low,Reliance Industries,https://economictimes.indiatimes.com/news/economy/unemployment-rate,supply chain issues impact manufacturing sector earnings,0,0,0,-0.93,114.56,56,7
2025-08-10,automotive industry faces headwinds from rising material costs,Wall Street Journal,Inflation Data Release,Dow Jones,,443.86,negative,Automotive,Low,Reliance Industries,https://www.bloomberg.com/australia/asx-200-performance,automotive industry faces headwinds from rising material costs,0,1,-1,,443.86,62,8
2025-03-10,new regulations on cryptocurrencies cause a market dip,Yahoo Finance,Commodity Price Shock,Euro Stoxx 50,-1.82,219.85,positive,Real Estate,Medium,JP Morgan Chase,https://www.wsj.com/japan/economic-data-release,new regulations on cryptocurrencies cause a market dip,0,1,-1,-1.82,219.85,54,8
2025-08-01,government spending bill is expected to stimulate the economy,Mint,Regulatory Changes,Dow Jones,2.38,151.66,negative,Pharmaceuticals,High,Tata Motors,https://timesofindia.indiatimes.com/business/agriculture-sector,government spending bill is expected to stimulate the economy,0,0,0,2.38,151.66,61,9
2025-03-22,supply chain issues impact manufacturing sector earnings,The Economist,Stock Market Crash,Hang Seng,0.68,268.32,negative,Consumer Goods,High,JP Morgan Chase,https://www.moneycontrol.com/us-markets/nasdaq-composite,supply chain issues impact manufacturing sector earnings,0,0,0,0.68,268.32,56,7
2025-08-03,utilities sector remains stable during market fluctuations,Bloomberg,Trade Tariffs Announcement,NSE Nifty,-0.23,56.9,positive,Finance,Medium,JP Morgan Chase,,utilities sector remains stable during market fluctuations,0,0,0,-0.23,56.9,58,7
2025-08-07,automotive industry faces headwinds from rising material costs,Reuters,Stock Market Crash,TSX,-2.57,131.5,positive,Transportation,Medium,Microsoft,https://economictimes.indiatimes.com/stocks/bse-sensex-plunges,automotive industry faces headwinds from rising material costs,0,1,-1,-2.57,131.5,62,8
2025-02-02,quarterly report shows surprising losses for retail giants,Business Standard,Geopolitical Event,ASX 200,-1.89,447.11,negative,Construction,Medium,Tesla,https://economictimes.indiatimes.com/stocks/bse-sensex-plunges,quarterly report shows surprising losses for retail giants,0,1,-1,-1.89,447.11,58,8
2025-02-16,government spending bill is expected to stimulate the economy,Reuters,Trade Tariffs Announcement,Dow Jones,3.69,422.06,positive,Real Estate,Low,ExxonMobil,https://www.moneycontrol.com/us-markets/dow-jones-industrial,government spending bill is expected to stimulate the economy,0,0,0,3.69,422.06,61,9
2025-05-07,asx 200 gains on strong export performance,Yahoo Finance,IPO Launch,S&P 500,-3.88,261.4,negative,Industrials,High,Reliance Industries,https://www.business-standard.com/economy/trade-disputes-impact,asx 200 gains on strong export performance,2,0,2,-3.88,261.4,42,7
2025-08-04,consumer confidence index reaches a decade high,Forbes,Market Rally,S&P 500,-1.22,478.01,negative,Automotive,Low,Tata Motors,https://economictimes.indiatimes.com/news/economy/unemployment-rate,consumer confidence index reaches a decade high,1,0,1,-1.22,478.01,47,7
2025-04-28,government spending bill is expected to stimulate the economy,Bloomberg,Commodity Price Shock,NSE Nifty,3.98,144.49,negative,Agriculture,High,ExxonMobil,https://www.cnbc.com/2025/09/automotive-industry-trends,government spending bill is expected to stimulate the economy,0,0,0,3.98,144.49,61,9
2025-05-18,consumer confidence index reaches a decade high,The Hindu Business Line,Trade Tariffs Announcement,TSX,4.67,293.14,negative,Media & Entertainment,Low,Boeing,https://timesofindia.indiatimes.com/business/agriculture-sector,consumer confidence index reaches a decade high,1,0,1,4.67,293.14,47,7
2025-02-21,asx 200 gains on strong export performance,Wall Street Journal,Regulatory Changes,DAX,-3.92,164.99,negative,Consumer Goods,High,JP Morgan Chase,https://www.business-standard.com/economy/trade-disputes-impact,asx 200 gains on strong export performance,2,0,2,-3.92,164.99,42,7
2025-03-11,banking stocks dip after a major scandal is revealed,MarketWatch,Major Merger/Acquisition,DAX,3.29,61.5,negative,Energy,High,ExxonMobil,https://www.ft.com/content/tech-sector-innovation,banking stocks dip after a major scandal is revealed,0,2,-2,3.29,61.5,52,9
2025-02-09,massive stock buyback program announced by a consumer goods company,Investopedia,Corporate Earnings Report,NSE Nifty,-4.03,266.37,positive,Agriculture,Medium,ExxonMobil,https://www.moneycontrol.com/us-markets/sp-500,massive stock buyback program announced by a consumer goods company,0,0,0,-4.03,266.37,67,10
2025-06-16,market braces for a major policy announcement from the eu,The Hindu Business Line,Geopolitical Event,KOSPI,0.31,105.84,positive,Transportation,Medium,Tata Motors,https://www.reuters.com/business/retail-sector-earnings,market braces for a major policy announcement from the eu,0,0,0,0.31,105.84,57,10
2025-06-26,major oil spill sends energy stocks plummeting,Bloomberg,Inflation Data Release,S&P 500,-4.42,276.41,positive,Utilities,Low,Tata Motors,https://www.investopedia.com/articles/government-policy-announcement,major oil spill sends energy stocks plummeting,0,0,0,-4.42,276.41,46,7
2025-04-27,nikkei 225 index benefits from a weaker yen,The Economist,Consumer Confidence Report,TSX,,332.69,negative,Industrials,Medium,Tata Motors,https://www.forbes.com/finance/geopolitical-event-impact,nikkei 225 index benefits from a weaker yen,0,1,-1,,332.69,43,8
2025-08-05,real estate sector shows signs of overheating as interest rates fall,The Economist,Major Merger/Acquisition,Nasdaq Composite,-3.8,49.87,positive,Aerospace & Defense,High,JP Morgan Chase,https://www.ft.com/content/consumer-confidence-report,real estate sector shows signs of overheating as interest rates fall,0,1,-1,-3.8,49.87,68,11
2025-04-26,media and entertainment companies report a surge in streaming revenue,The Motley Fool,Commodity Price Shock,IBOVESPA,-3.46,85.67,negative,Transportation,Medium,Goldman Sachs,https://www.business-standard.com/international-business/trade-policy,media and entertainment companies report a surge in streaming revenue,1,0,1,-3.46,85.67,69,10
2025-03-18,central bank maintains status quo on interest rates,Bloomberg,Unemployment Rate Announcement,IBOVESPA,0.56,36.24,negative,Transportation,Low,ExxonMobil,https://www.reuters.com/markets/indices/ftse-100,central bank maintains status quo on interest rates,0,0,0,0.56,36.24,51,8
2025-05-19,geopolitical ceasefire prompts a broad market recovery,Yahoo Finance,Economic Data Release,Nasdaq Composite,-4.96,69.88,positive,Retail,Medium,Apple Inc.,https://www.wsj.com/europe/regulatory-changes,geopolitical ceasefire prompts a broad market recovery,1,0,1,-4.96,69.88,54,7
2025-06-26,geopolitical ceasefire prompts a broad market recovery,Financial Times,Economic Data Release,IBOVESPA,-2.56,31.68,negative,Industrials,Medium,Boeing,https://www.wsj.com/japan/economic-data-release,geopolitical ceasefire prompts a broad market recovery,1,0,1,-2.56,31.68,54,7
2025-03-28,new ipo for a popular software firm is oversubscribed,Financial Times,Market Rally,CAC 40,-3.79,417.49,positive,Retail,Low,Reliance Industries,https://www.bloomberg.com/australia/asx-200-performance,new ipo for a popular software firm is oversubscribed,0,0,0,-3.79,417.49,53,9
2025-04-29,record-high inflation data rattles investors,Mint,Corporate Earnings Report,KOSPI,0.14,198.32,positive,Energy,High,Apple Inc.,https://www.marketwatch.com/story/consumer-goods-report,record-high inflation data rattles investors,1,0,1,0.14,198.32,44,5
2025-03-31,government spending bill is expected to stimulate the economy,Times of India,Corporate Earnings Report,Euro Stoxx 50,-1.76,356.69,positive,Industrials,Medium,Reliance Industries,https://www.moneycontrol.com/us-markets/sp-500,government spending bill is expected to stimulate the economy,0,0,0,-1.76,356.69,61,9
2025-06-26,asx 200 gains on strong export performance,The Hindu Business Line,Government Policy Announcement,Euro Stoxx 50,-4.13,457.84,positive,Utilities,Medium,Microsoft,https://www.bloomberg.com/middle-east/news/bond-market-fluctuation,asx 200 gains on strong export performance,2,0,2,-4.13,457.84,42,7
2025-04-12,federal reserve chairman s speech causes market volatility,Economic Times,Corporate Earnings Report,Shanghai Composite,0.71,312.79,positive,Real Estate,High,Reliance Industries,https://timesofindia.indiatimes.com/business/markets/stock-market-crash,federal reserve chairman s speech causes market volatility,0,0,0,0.71,312.79,58,8
2025-05-22,tech giant s new product launch sparks sector-wide gains,Forbes,Market Rally,CAC 40,-2.31,312.88,negative,Consumer Goods,Low,Apple Inc.,https://www.moneycontrol.com/india/ipo-news/new-firm-launches,tech giant s new product launch sparks sector-wide gains,1,0,1,-2.31,312.88,56,9
2025-02-16,central bank governor signals potential shift in policy,Barron's,Regulatory Changes,BSE Sensex,0.89,132.11,negative,Consumer Goods,Medium,Apple Inc.,https://www.wsj.com/europe/dax-performance,central bank governor signals potential shift in policy,0,0,0,0.89,132.11,55,8
2025-08-08,financial services stocks rally on strong profit margins,Business Standard,Bond Market Fluctuation,Euro Stoxx 50,-1.35,488.35,negative,Pharmaceuticals,Medium,Reliance Industries,https://www.reuters.com/markets/indices/ftse-100,financial services stocks rally on strong profit margins,3,0,3,-1.35,488.35,56,8
2025-08-08,central bank s dovish tone hints at future rate cuts,Reuters,Market Rally,ASX 200,-1.39,184.69,negative,Consumer Goods,High,Boeing,https://www.reuters.com/markets/stocks/tech-rally,central bank s dovish tone hints at future rate cuts,0,0,0,-1.39,184.69,52,10
2025-05-25,asx 200 gains on strong export performance,Investopedia,Interest Rate Change,S&P/TSX Composite,0.23,237.07,negative,Technology,High,ExxonMobil,https://www.wsj.com/china/market-regulation,asx 200 gains on strong export performance,2,0,2,0.23,237.07,42,7
2025-04-23,mining company stock surges on commodity price boom,Business Standard,Currency Devaluation,NSE Nifty,-1.81,482.26,positive,Agriculture,High,ExxonMobil,https://www.cnbc.com/2025/09/automotive-industry-trends,mining company stock surges on commodity price boom,1,0,1,-1.81,482.26,51,8
2025-04-20,semiconductor shortages weigh heavily on tech sector profits,Wall Street Journal,Geopolitical Event,Russell 2000,3.38,143.83,positive,Retail,Medium,JP Morgan Chase,https://www.wsj.com/europe/regulatory-changes,semiconductor shortages weigh heavily on tech sector profits,1,0,1,3.38,143.83,60,8
2025-06-30,central bank s dovish tone hints at future rate cuts,Yahoo Finance,Stock Market Crash,FTSE 100,-3.05,1.22,positive,Materials,Low,Apple Inc.,https://www.investopedia.com/articles/government-policy-announcement,central bank s dovish tone hints at future rate cuts,0,0,0,-3.05,1.22,52,10
2025-07-17,retail sales report surpasses all forecasts,Bloomberg,Supply Chain Disruption,S&P 500,1.01,330.14,positive,Industrials,High,Samsung Electronics,https://www.cnbc.com/2025/08/russia-ukraine-war-economic-impact,retail sales report surpasses all forecasts,0,0,0,1.01,330.14,43,6
2025-02-11,federal reserve chairman s speech causes market volatility,Barron's,Central Bank Meeting,S&P 500,,331.12,negative,Energy,Medium,Boeing,https://www.bloomberg.com/australia/asx-200-performance,federal reserve chairman s speech causes market volatility,0,0,0,,331.12,58,8
2025-03-01,e-commerce earnings report beats all analyst expectations,Business Standard,Economic Data Release,FTSE 100,-1.82,474.83,positive,Finance,High,Samsung Electronics,https://economictimes.indiatimes.com/news/economy/unemployment-rate,e-commerce earnings report beats all analyst expectations,1,0,1,-1.82,474.83,57,7
2025-02-23,dow jones plunges as market fears recession,CNBC,Commodity Price Shock,TSX,2.08,56.24,positive,Transportation,High,Tata Motors,https://timesofindia.indiatimes.com/business/finance/banking-sector-news,dow jones plunges as market fears recession,0,2,-2,2.08,56.24,43,7
2025-05-30,retail sales report surpasses all forecasts,CNBC,Cryptocurrency Regulation,ASX 200,4.38,174.69,positive,Energy,Medium,Tesla,https://www.forbes.com/crypto/cryptocurrency-regulation,retail sales report surpasses all forecasts,0,0,0,4.38,174.69,43,6
2025-02-10,healthcare stocks gain on robust demand and strong outlook,Yahoo Finance,Supply Chain Disruption,Nikkei 225,2.82,216.04,negative,Construction,Medium,Boeing,https://www.business-standard.com/economy/economic-stimulus,healthcare stocks gain on robust demand and strong outlook,2,0,2,2.82,216.04,58,9
2025-04-29,asx 200 gains on strong export performance,Reuters,Geopolitical Event,Nikkei 225,-0.05,7.02,positive,Consumer Goods,Low,Reliance Industries,https://www.bloomberg.com/canada/tsunami-warnings,asx 200 gains on strong export performance,2,0,2,-0.05,7.02,42,7
2025-04-16,central bank governor signals potential shift in policy,Yahoo Finance,IPO Launch,Russell 2000,-1.05,146.8,positive,Automotive,Low,Tata Motors,https://www.wsj.com/europe/regulatory-changes,central bank governor signals potential shift in policy,0,0,0,-1.05,146.8,55,8
2025-04-13,a massive data breach sends a tech company s stock tumbling,Investopedia,Economic Data Release,S&P/TSX Composite,-1.65,109.53,positive,Healthcare,Low,Goldman Sachs,https://www.cnbc.com/2025/08/russia-ukraine-war-economic-impact,a massive data breach sends a tech company s stock tumbling,0,1,-1,-1.65,109.53,59,11
2025-07-08,e-commerce earnings report beats all analyst expectations,Seeking Alpha,Inflation Data Release,Euro Stoxx 50,-0.29,337.64,negative,Construction,Low,Goldman Sachs,https://economictimes.indiatimes.com/news/economy/unemployment-rate,e-commerce earnings report beats all analyst expectations,1,0,1,-0.29,337.64,57,7
2025-04-17,nikkei 225 index benefits from a weaker yen,Financial Times,Interest Rate Change,Nasdaq Composite,-3.24,109.65,negative,Consumer Goods,High,Tata Motors,https://www.investopedia.com/articles/supply-chain-disruption,nikkei 225 index benefits from a weaker yen,0,1,-1,-3.24,109.65,43,8
2025-03-02,consumer discretionary stocks outperform as spending increases,Forbes,Regulatory Changes,KOSPI,4.93,154.8,negative,Transportation,High,Boeing,https://www.moneycontrol.com/us-markets/nasdaq-composite,consumer discretionary stocks outperform as spending increases,2,0,2,4.93,154.8,62,7
2025-05-12,pharmaceutical company s drug approval drives stock upward,The Motley Fool,Bond Market Fluctuation,Russell 2000,-1.61,499.83,positive,Agriculture,Low,Boeing,,pharmaceutical company s drug approval drives stock upward,1,0,1,-1.61,499.83,58,8
2025-05-01,gold prices surge as investors flee riskier assets,CNBC,Economic Data Release,Euro Stoxx 50,3.09,206.15,negative,Energy,Low,Apple Inc.,https://www.bloomberg.com/asia/policy/central-bank-meeting,gold prices surge as investors flee riskier assets,1,0,1,3.09,206.15,50,8
2025-03-12,real estate sector shows signs of overheating as interest rates fall,Barron's,Trade Tariffs Announcement,Euro Stoxx 50,-1.01,224.14,negative,Finance,Low,Tata Motors,https://www.theeconomist.com/world/government-policy-announcement,real estate sector shows signs of overheating as interest rates fall,0,1,-1,-1.01,224.14,68,11
2025-05-08,banking stocks dip after a major scandal is revealed,Wall Street Journal,Currency Devaluation,DAX,2.0,66.63,negative,Technology,High,Tesla,https://economictimes.indiatimes.com/news/transportation,banking stocks dip after a major scandal is revealed,0,2,-2,2.0,66.63,52,9
2025-05-05,geopolitical ceasefire prompts a broad market recovery,Investopedia,Government Policy Announcement,KOSPI,2.52,259.1,negative,Aerospace & Defense,High,JP Morgan Chase,https://www.ft.com/content/tech-sector-innovation,geopolitical ceasefire prompts a broad market recovery,1,0,1,2.52,259.1,54,7
2025-06-03,merger talks between two banks fall through,Financial Times,Bond Market Fluctuation,Hang Seng,3.5,124.16,positive,Technology,High,Tesla,https://www.forbes.com/crypto/cryptocurrency-regulation,merger talks between two banks fall through,0,1,-1,3.5,124.16,43,7
2025-03-15,uk s ftse 100 sees a boost from favorable trade data,Wall Street Journal,Geopolitical Event,Hang Seng,-2.44,13.29,positive,Telecommunications,Medium,Tata Motors,https://economictimes.indiatimes.com/stocks/bse-sensex-plunges,uk s ftse 100 sees a boost from favorable trade data,2,0,2,-2.44,13.29,52,11
2025-02-07,uk s ftse 100 sees a boost from favorable trade data,Barron's,Inflation Data Release,CAC 40,-0.34,172.63,positive,Construction,Low,ExxonMobil,https://timesofindia.indiatimes.com/business/agriculture-sector,uk s ftse 100 sees a boost from favorable trade data,2,0,2,-0.34,172.63,52,11
2025-06-26,massive stock buyback program announced by a consumer goods company,Reuters,Geopolitical Event,S&P/TSX Composite,-4.35,415.76,positive,Construction,Low,Goldman Sachs,https://www.wsj.com/china/market-regulation,massive stock buyback program announced by a consumer goods company,0,0,0,-4.35,415.76,67,10
2025-07-18,semiconductor shortages weigh heavily on tech sector profits,The Economist,Trade Tariffs Announcement,TSX,-1.54,173.19,negative,Healthcare,High,Tesla,https://economictimes.indiatimes.com/news/economy/unemployment-rate,semiconductor shortages weigh heavily on tech sector profits,1,0,1,-1.54,173.19,60,8
2025-02-09,supply chain issues impact manufacturing sector earnings,Times of India,Trade Tariffs Announcement,IBOVESPA,-3.85,48.09,positive,Transportation,Low,Reliance Industries,https://www.bloomberg.com/canada/tsunami-warnings,supply chain issues impact manufacturing sector earnings,0,0,0,-3.85,48.09,56,7
2025-08-09,uk s ftse 100 sees a boost from favorable trade data,Seeking Alpha,IPO Launch,CAC 40,0.25,386.96,negative,Retail,Low,ExxonMobil,https://www.ft.com/content/media-entertainment-merger,uk s ftse 100 sees a boost from favorable trade data,2,0,2,0.25,386.96,52,11
2025-08-05,aerospace and defense sector sees rally amid geopolitical tensions,The Economist,Inflation Data Release,FTSE 100,-4.34,83.57,negative,Pharmaceuticals,Medium,Reliance Industries,https://www.wsj.com/europe/dax-performance,aerospace and defense sector sees rally amid geopolitical tensions,1,0,1,-4.34,83.57,66,9
2025-05-30,dow jones plunges as market fears recession,The Motley Fool,Interest Rate Change,Shanghai Composite,4.69,283.84,positive,Pharmaceuticals,Medium,Boeing,https://economictimes.indiatimes.com/news/economy/unemployment-rate,dow jones plunges as market fears recession,0,2,-2,4.69,283.84,43,7
2025-06-19,dow jones plunges as market fears recession,Seeking Alpha,Commodity Price Shock,S&P/TSX Composite,-3.34,353.17,negative,Energy,High,Microsoft,https://www.wsj.com/europe/regulatory-changes,dow jones plunges as market fears recession,0,2,-2,-3.34,353.17,43,7
2025-05-31,semiconductor shortages weigh heavily on tech sector profits,Reuters,Government Policy Announcement,S&P 500,1.86,202.71,positive,Construction,Medium,Apple Inc.,https://economictimes.indiatimes.com/industry/industrials,semiconductor shortages weigh heavily on tech sector profits,1,0,1,1.86,202.71,60,8
2025-03-18,market sentiment turns positive on vaccine trial results,Barron's,Stock Market Crash,S&P 500,0.8,478.93,positive,Real Estate,High,Boeing,https://www.investopedia.com/articles/supply-chain-disruption,market sentiment turns positive on vaccine trial results,1,0,1,0.8,478.93,56,8
2025-05-28,uk s ftse 100 sees a boost from favorable trade data,Mint,Interest Rate Change,S&P 500,2.3,459.91,positive,Transportation,Medium,Microsoft,https://www.ft.com/content/media-entertainment-merger,uk s ftse 100 sees a boost from favorable trade data,2,0,2,2.3,459.91,52,11
2025-08-14,major oil spill sends energy stocks plummeting,Seeking Alpha,Regulatory Changes,Shanghai Composite,3.43,472.48,negative,Media & Entertainment,High,JP Morgan Chase,https://www.business-standard.com/economy/inflation-data,major oil spill sends energy stocks plummeting,0,0,0,3.43,472.48,46,7
2025-06-01,"global trade talks collapse, causing market turmoil",Seeking Alpha,Unemployment Rate Announcement,Russell 2000,-3.78,176.06,positive,Agriculture,Medium,JP Morgan Chase,https://www.bloomberg.com/canada/tsunami-warnings,global trade talks collapse causing market turmoil,0,1,-1,-3.78,176.06,50,7
2025-04-12,real estate sector shows signs of overheating as interest rates fall,MarketWatch,Major Merger/Acquisition,BSE Sensex,0.1,85.69,negative,Retail,Medium,Microsoft,https://www.ft.com/content/media-entertainment-merger,real estate sector shows signs of overheating as interest rates fall,0,1,-1,0.1,85.69,68,11
2025-04-20,merger talks between two banks fall through,Bloomberg,Government Policy Announcement,FTSE 100,,282.68,negative,Automotive,Medium,Tesla,https://www.reuters.com/business/retail-sector-earnings,merger talks between two banks fall through,0,1,-1,,282.68,43,7
2025-07-16,automotive industry faces headwinds from rising material costs,Barron's,Commodity Price Shock,S&P 500,1.88,332.88,positive,Construction,High,ExxonMobil,https://www.cnbc.com/2025/10/real-estate-market-analysis,automotive industry faces headwinds from rising material costs,0,1,-1,1.88,332.88,62,8
2025-03-28,market sentiment turns positive on vaccine trial results,The Motley Fool,Currency Devaluation,ASX 200,-3.06,478.1,positive,Materials,High,Tesla,https://www.business-standard.com/economy/inflation-data,market sentiment turns positive on vaccine trial results,1,0,1,-3.06,478.1,56,8
2025-02-11,new ipo for a popular software firm is oversubscribed,Mint,Bond Market Fluctuation,Nikkei 225,1.94,267.09,positive,Media & Entertainment,Medium,Reliance Industries,https://www.ft.com/content/currency-devaluation,new ipo for a popular software firm is oversubscribed,0,0,0,1.94,267.09,53,9
2025-06-10,new housing data release shows a slowdown in market activity,Times of India,Economic Data Release,TSX,-2.25,265.62,negative,Telecommunications,Medium,Boeing,https://www.bloomberg.com/australia/asx-200-performance,new housing data release shows a slowdown in market activity,0,1,-1,-2.25,265.62,60,10
2025-04-09,merger talks between two banks fall through,Barron's,Commodity Price Shock,DAX,4.3,220.09,positive,Finance,Low,Boeing,https://www.moneycontrol.com/india/ipo-news/new-firm-launches,merger talks between two banks fall through,0,1,-1,4.3,220.09,43,7
2025-04-26,market sentiment turns positive on vaccine trial results,Business Standard,Currency Devaluation,S&P/TSX Composite,4.68,418.84,negative,Industrials,Low,Samsung Electronics,https://www.ft.com/content/tech-sector-innovation,market sentiment turns positive on vaccine trial results,1,0,1,4.68,418.84,56,8
2025-04-02,"global trade talks collapse, causing market turmoil",Financial Times,Corporate Earnings Report,S&P/TSX Composite,3.02,80.15,negative,Utilities,Low,Tata Motors,https://www.reuters.com/markets/stocks/tech-rally,global trade talks collapse causing market turmoil,0,1,-1,3.02,80.15,50,7
2025-02-10,new housing data release shows a slowdown in market activity,Mint,Bond Market Fluctuation,Dow Jones,-2.67,316.83,positive,Healthcare,Medium,Microsoft,https://www.theeconomist.com/finance-and-economics/trade-tariffs,new housing data release shows a slowdown in market activity,0,1,-1,-2.67,316.83,60,10
2025-04-02,banking stocks dip after a major scandal is revealed,The Economist,Government Policy Announcement,Hang Seng,-3.77,370.85,negative,Consumer Goods,Medium,JP Morgan Chase,https://timesofindia.indiatimes.com/business/agriculture-sector,banking stocks dip after a major scandal is revealed,0,2,-2,-3.77,370.85,52,9
2025-04-20,quarterly report shows surprising losses for retail giants,The Hindu Business Line,Unemployment Rate Announcement,ASX 200,3.47,320.8,positive,Finance,High,Samsung Electronics,https://www.bloomberg.com/australia/asx-200-performance,quarterly report shows surprising losses for retail giants,0,1,-1,3.47,320.8,58,8
2025-08-08,energy company s dividend hike excites shareholders,Mint,Major Merger/Acquisition,Dow Jones,3.16,317.93,negative,Real Estate,High,Microsoft,https://www.bloomberg.com/australia/asx-200-performance,energy company s dividend hike excites shareholders,0,0,0,3.16,317.93,51,7
2025-06-09,massive stock buyback program announced by a consumer goods company,Reuters,Corporate Earnings Report,S&P 500,-0.94,471.01,negative,Technology,High,Tata Motors,https://www.ft.com/content/currency-devaluation,massive stock buyback program announced by a consumer goods company,0,0,0,-0.94,471.01,67,10
2025-04-14,energy company s dividend hike excites shareholders,Reuters,Bond Market Fluctuation,Hang Seng,-2.26,191.77,negative,Technology,Low,Apple Inc.,https://www.bloomberg.com/middle-east/news/bond-market-fluctuation,energy company s dividend hike excites shareholders,0,0,0,-2.26,191.77,51,7
2025-04-28,new housing data release shows a slowdown in market activity,Financial Times,Commodity Price Shock,Nikkei 225,-0.46,120.11,positive,Materials,Medium,Microsoft,https://www.bloomberg.com/canada/tsunami-warnings,new housing data release shows a slowdown in market activity,0,1,-1,-0.46,120.11,60,10
2025-06-22,semiconductor shortages weigh heavily on tech sector profits,Seeking Alpha,Stock Market Crash,S&P/TSX Composite,-4.22,464.47,negative,Construction,High,Goldman Sachs,https://timesofindia.indiatimes.com/business/finance/banking-sector-news,semiconductor shortages weigh heavily on tech sector profits,1,0,1,-4.22,464.47,60,8
2025-03-09,real estate sector shows signs of overheating as interest rates fall,Barron's,Stock Market Crash,KOSPI,4.74,177.21,negative,Telecommunications,High,Reliance Industries,https://www.cnbc.com/2025/08/russia-ukraine-war-economic-impact,real estate sector shows signs of overheating as interest rates fall,0,1,-1,4.74,177.21,68,11
2025-02-27,market braces for a major policy announcement from the eu,MarketWatch,Commodity Price Shock,Nikkei 225,1.16,218.92,positive,Construction,Low,Boeing,https://www.bloomberg.com/canada/tsunami-warnings,market braces for a major policy announcement from the eu,0,0,0,1.16,218.92,57,10
2025-07-13,new ipo for a popular software firm is oversubscribed,The Economist,Regulatory Changes,Euro Stoxx 50,1.49,362.13,positive,Aerospace & Defense,High,Tesla,https://www.wsj.com/europe/dax-performance,new ipo for a popular software firm is oversubscribed,0,0,0,1.49,362.13,53,9
2025-06-08,nikkei 225 index benefits from a weaker yen,Bloomberg,Trade Tariffs Announcement,CAC 40,-3.68,89.75,negative,Construction,Medium,Boeing,https://www.ft.com/content/tech-sector-innovation,nikkei 225 index benefits from a weaker yen,0,1,-1,-3.68,89.75,43,8
2025-05-07,tech giant s new product launch sparks sector-wide gains,Investopedia,Major Merger/Acquisition,Hang Seng,-0.58,337.44,negative,Utilities,Low,Apple Inc.,https://www.business-standard.com/finance/corporate-earnings,tech giant s new product launch sparks sector-wide gains,1,0,1,-0.58,337.44,56,9
2025-03-25,unexpected rise in unemployment fuels market pessimism,Times of India,Corporate Earnings Report,CAC 40,1.12,14.41,positive,Aerospace & Defense,High,Goldman Sachs,https://www.marketwatch.com/story/consumer-goods-report,unexpected rise in unemployment fuels market pessimism,1,0,1,1.12,14.41,54,7
2025-02-06,supply chain issues impact manufacturing sector earnings,Times of India,Interest Rate Change,KOSPI,1.22,306.56,negative,Agriculture,Low,Tesla,https://www.marketwatch.com/story/consumer-goods-report,supply chain issues impact manufacturing sector earnings,0,0,0,1.22,306.56,56,7
2025-03-09,retail sales report surpasses all forecasts,Barron's,Central Bank Meeting,S&P 500,-0.25,278.28,positive,Retail,Low,Reliance Industries,https://www.marketwatch.com/story/commodities-price-shock,retail sales report surpasses all forecasts,0,0,0,-0.25,278.28,43,6
2025-06-05,major oil spill sends energy stocks plummeting,Business Standard,Interest Rate Change,CAC 40,4.97,246.45,positive,Consumer Goods,Medium,Tesla,https://www.business-standard.com/economy/inflation-data,major oil spill sends energy stocks plummeting,0,0,0,4.97,246.45,46,7
2025-05-12,pharmaceutical company s drug approval drives stock upward,The Motley Fool,Bond Market Fluctuation,Russell 2000,-1.61,499.83,positive,Agriculture,Low,Boeing,,pharmaceutical company s drug approval drives stock upward,1,0,1,-1.61,499.83,58,8
2025-05-01,central bank maintains status quo on interest rates,The Hindu Business Line,Supply Chain Disruption,Euro Stoxx 50,3.73,384.39,negative,Agriculture,Medium,Microsoft,https://timesofindia.indiatimes.com/business/agriculture-sector,central bank maintains status quo on interest rates,0,0,0,3.73,384.39,51,8
2025-04-05,major oil spill sends energy stocks plummeting,The Hindu Business Line,Interest Rate Change,TSX,-3.83,28.62,negative,Consumer Goods,High,ExxonMobil,https://www.investopedia.com/articles/government-policy-announcement,major oil spill sends energy stocks plummeting,0,0,0,-3.83,28.62,46,7
2025-05-11,real estate sector shows signs of overheating as interest rates fall,Investopedia,Major Merger/Acquisition,NSE Nifty,-3.86,242.03,positive,Technology,High,Tata Motors,https://www.cnbc.com/2025/10/real-estate-market-analysis,real estate sector shows signs of overheating as interest rates fall,0,1,-1,-3.86,242.03,68,11
2025-02-04,major technology firm acquires a smaller rival in a multi-billion dollar deal,Times of India,Market Rally,Shanghai Composite,3.59,91.6,positive,Technology,Low,Apple Inc.,https://www.bloomberg.com/australia/asx-200-performance,major technology firm acquires a smaller rival in a multi-billion dollar deal,0,0,0,3.59,91.6,77,12
2025-05-06,new ipo for a popular software firm is oversubscribed,Bloomberg,Trade Tariffs Announcement,S&P/TSX Composite,0.1,118.73,positive,Construction,Medium,Goldman Sachs,https://www.wsj.com/japan/economic-data-release,new ipo for a popular software firm is oversubscribed,0,0,0,0.1,118.73,53,9
2025-08-11,utilities sector remains stable during market fluctuations,Wall Street Journal,Bond Market Fluctuation,ASX 200,0.64,136.29,positive,Utilities,Medium,Reliance Industries,,utilities sector remains stable during market fluctuations,0,0,0,0.64,136.29,58,7
2025-04-24,asx 200 gains on strong export performance,Wall Street Journal,Market Rally,S&P 500,4.03,194.97,negative,Agriculture,High,Goldman Sachs,https://www.wsj.com/japan/economic-data-release,asx 200 gains on strong export performance,2,0,2,4.03,194.97,42,7
2025-04-16,market braces for a major policy announcement from the eu,Mint,Cryptocurrency Regulation,DAX,2.37,222.77,positive,Healthcare,High,Tata Motors,https://www.forbes.com/crypto/cryptocurrency-regulation,market braces for a major policy announcement from the eu,0,0,0,2.37,222.77,57,10
2025-05-22,federal reserve chairman s speech causes market volatility,Bloomberg,Economic Data Release,ASX 200,-3.01,386.98,positive,Energy,Low,Goldman Sachs,https://www.wsj.com/europe/dax-performance,federal reserve chairman s speech causes market volatility,0,0,0,-3.01,386.98,58,8
2025-05-31,semiconductor shortages weigh heavily on tech sector profits,Mint,IPO Launch,BSE Sensex,,457.2,negative,Technology,Medium,Boeing,https://economictimes.indiatimes.com/news/transportation,semiconductor shortages weigh heavily on tech sector profits,1,0,1,,457.2,60,8
2025-02-08,consumer discretionary stocks outperform as spending increases,Business Standard,Corporate Earnings Report,Dow Jones,4.65,69.84,positive,Agriculture,Medium,Goldman Sachs,https://www.cnbc.com/2025/12/healthcare-sector-outlook,consumer discretionary stocks outperform as spending increases,2,0,2,4.65,69.84,62,7
2025-05-30,crude oil prices drop to a multi-year low,Barron's,Government Policy Announcement,KOSPI,,306.8,positive,Construction,High,Apple Inc.,https://www.wsj.com/europe/dax-performance,crude oil prices drop to a multi-year low,0,1,-1,,306.8,41,8
2025-06-03,china s shanghai composite falls after new trade restrictions,Business Standard,Government Policy Announcement,Shanghai Composite,2.43,125.05,positive,Automotive,Low,Microsoft,https://www.wsj.com/japan/economic-data-release,china s shanghai composite falls after new trade restrictions,0,1,-1,2.43,125.05,61,9
2025-02-09,utilities sector remains stable during market fluctuations,Times of India,IPO Launch,S&P 500,-1.16,374.05,negative,Materials,Medium,ExxonMobil,,utilities sector remains stable during market fluctuations,0,0,0,-1.16,374.05,58,7
2025-03-20,record-high inflation data rattles investors,Financial Times,Bond Market Fluctuation,Russell 2000,1.0,171.18,positive,Consumer Goods,Medium,Samsung Electronics,https://www.forbes.com/crypto/cryptocurrency-regulation,record-high inflation data rattles investors,1,0,1,1.0,171.18,44,5
2025-08-07,manufacturing pmi data signals economic expansion,Forbes,Inflation Data Release,Nikkei 225,2.54,195.32,negative,Real Estate,High,Samsung Electronics,https://www.forbes.com/finance/geopolitical-event-impact,manufacturing pmi data signals economic expansion,0,0,0,2.54,195.32,49,6
2025-04-09,merger talks between two banks fall through,Barron's,Commodity Price Shock,DAX,4.3,220.09,positive,Finance,Low,Boeing,https://www.moneycontrol.com/india/ipo-news/new-firm-launches,merger talks between two banks fall through,0,1,-1,4.3,220.09,43,7
2025-03-26,pharmaceutical company s drug approval drives stock upward,Wall Street Journal,Cryptocurrency Regulation,BSE Sensex,4.62,103.75,negative,Utilities,Medium,Goldman Sachs,https://www.cnbc.com/2025/12/healthcare-sector-outlook,pharmaceutical company s drug approval drives stock upward,1,0,1,4.62,103.75,58,8
2025-02-28,mining company stock surges on commodity price boom,The Motley Fool,Consumer Confidence Report,CAC 40,-1.06,355.42,positive,Aerospace & Defense,Medium,Boeing,https://www.wsj.com/china/market-rally,mining company stock surges on commodity price boom,1,0,1,-1.06,355.42,51,8
2025-05-19,nikkei 225 index benefits from a weaker yen,Wall Street Journal,Economic Data Release,Russell 2000,1.41,467.1,positive,Healthcare,Medium,Boeing,https://www.cnbc.com/2025/08/russia-ukraine-war-economic-impact,nikkei 225 index benefits from a weaker yen,0,1,-1,1.41,467.1,43,8
2025-02-01,market sentiment turns positive on vaccine trial results,Reuters,Interest Rate Change,KOSPI,-4.12,420.19,positive,Materials,High,Microsoft,https://www.wsj.com/japan/economic-data-release,market sentiment turns positive on vaccine trial results,1,0,1,-4.12,420.19,56,8
2025-07-23,geopolitical ceasefire prompts a broad market recovery,The Motley Fool,Unemployment Rate Announcement,ASX 200,-1.13,316.98,negative,Media & Entertainment,High,Tata Motors,https://www.moneycontrol.com/india/ipo-news/new-firm-launches,geopolitical ceasefire prompts a broad market recovery,1,0,1,-1.13,316.98,54,7
2025-03-08,record-high inflation data rattles investors,Financial Times,Economic Data Release,KOSPI,-3.0,193.03,negative,Automotive,Low,Apple Inc.,https://economictimes.indiatimes.com/news/economy/unemployment-rate,record-high inflation data rattles investors,1,0,1,-3.0,193.03,44,5
2025-03-14,massive stock buyback program announced by a consumer goods company,Wall Street Journal,Government Policy Announcement,Euro Stoxx 50,-2.97,69.84,positive,Agriculture,Medium,Tesla,https://economictimes.indiatimes.com/stocks/bse-sensex-plunges,massive stock buyback program announced by a consumer goods company,0,0,0,-2.97,69.84,67,10
2025-06-22,consumer discretionary stocks outperform as spending increases,Economic Times,Currency Devaluation,TSX,2.38,88.86,negative,Materials,Low,Samsung Electronics,https://economictimes.indiatimes.com/news/transportation,consumer discretionary stocks outperform as spending increases,2,0,2,2.38,88.86,62,7
2025-03-13,china s shanghai composite falls after new trade restrictions,Times of India,IPO Launch,Shanghai Composite,-3.73,389.92,negative,Pharmaceuticals,Low,Tesla,https://www.bloomberg.com/asia/policy/central-bank-meeting,china s shanghai composite falls after new trade restrictions,0,1,-1,-3.73,389.92,61,9
2025-03-28,manufacturing pmi data signals economic expansion,Barron's,Currency Devaluation,NSE Nifty,-2.94,173.05,positive,Agriculture,Medium,ExxonMobil,https://www.business-standard.com/finance/corporate-earnings,manufacturing pmi data signals economic expansion,0,0,0,-2.94,173.05,49,6
2025-06-10,retail sales report surpasses all forecasts,Wall Street Journal,Government Policy Announcement,Euro Stoxx 50,-0.58,282.54,positive,Real Estate,Low,Boeing,https://www.moneycontrol.com/us-markets/nasdaq-composite,retail sales report surpasses all forecasts,0,0,0,-0.58,282.54,43,6
2025-04-08,semiconductor shortages weigh heavily on tech sector profits,CNBC,Bond Market Fluctuation,DAX,3.06,263.33,positive,Technology,High,Goldman Sachs,https://www.forbes.com/crypto/cryptocurrency-regulation,semiconductor shortages weigh heavily on tech sector profits,1,0,1,3.06,263.33,60,8
2025-05-25,financial services stocks rally on strong profit margins,CNBC,Government Policy Announcement,Nikkei 225,-2.63,488.63,negative,Technology,Medium,Apple Inc.,https://www.cnbc.com/2025/09/automotive-industry-trends,financial services stocks rally on strong profit margins,3,0,3,-2.63,488.63,56,8
2025-03-17,"global trade talks collapse, causing market turmoil",Investopedia,Government Policy Announcement,S&P/TSX Composite,-2.95,383.76,negative,Telecommunications,Low,Tata Motors,https://www.investopedia.com/articles/government-policy-announcement,global trade talks collapse causing market turmoil,0,1,-1,-2.95,383.76,50,7
2025-08-10,financial sector bracing for new capital requirements,Times of India,Consumer Confidence Report,DAX,2.08,419.18,positive,Energy,Medium,Samsung Electronics,,financial sector bracing for new capital requirements,0,0,0,2.08,419.18,53,7
2025-07-27,china s shanghai composite falls after new trade restrictions,The Motley Fool,Currency Devaluation,ASX 200,-0.84,395.67,negative,Telecommunications,Medium,Boeing,https://www.investopedia.com/articles/supply-chain-disruption,china s shanghai composite falls after new trade restrictions,0,1,-1,-0.84,395.67,61,9
2025-04-17,government subsidy program gives a lift to the agriculture sector,CNBC,Inflation Data Release,IBOVESPA,-0.23,206.46,negative,Utilities,Low,Goldman Sachs,https://www.business-standard.com/international-business/trade-policy,government subsidy program gives a lift to the agriculture sector,0,0,0,-0.23,206.46,65,10
2025-07-03,uk s ftse 100 sees a boost from favorable trade data,MarketWatch,Government Policy Announcement,Shanghai Composite,,141.86,positive,Energy,Medium,Goldman Sachs,https://www.bloomberg.com/canada/tsunami-warnings,uk s ftse 100 sees a boost from favorable trade data,2,0,2,,141.86,52,11
2025-07-21,energy company s dividend hike excites shareholders,Seeking Alpha,Trade Tariffs Announcement,S&P 500,-2.2,46.49,negative,Consumer Goods,Low,Microsoft,https://www.ft.com/content/media-entertainment-merger,energy company s dividend hike excites shareholders,0,0,0,-2.2,46.49,51,7
